User Name,Recommendations
Diệu Thiện,"['KIM NGÂN HOME', 'Khách Sạn Minh Thắng', 'SixPearl Hotel', 'Khách sạn Trọng Tín', 'Golf Star Hotel', 'Maya Hotel 2', 'Dương Thanh Bình 2', 'Changed Hotel Khách sạn Thái Bình', 'Changed Hotel KHÁCH SẠN HOÀNG SƠN', 'Changed Hotel Ngọc Anh Hotel']"
Mỹ Duyên,"['Q Songchi Hotel', 'Hotel Minh Thắng 2', ""Le Condor 's House & Coffee"", 'Havana Con Dao Hotel', 'Kim Ngân Hotel', 'Thiên Tân Hotel', 'Con Son Blue Sea Hotel', 'Changed Hotel Hotel De Condor', ""Changed Hotel Lan Anh's Home"", 'Changed Hotel An Phat Hotel']"
Xuân Phượng,"['The Mystery Con Dao', 'Khách Sạn Raon Apartment & Hotel', 'Con Son Blue Sea Hotel', 'Maya Hotel 3', 'The Secret Con Dao', 'SaoConDor Hotel', 'Hoàng Anh Côn Đảo Hotel', 'Changed Hotel Orson Hotel & Resort Con Dao', 'Changed Hotel Maya Hotel 2', 'Changed Hotel Conson Hotel']"
Anh Chi,"[""Uyen's House"", 'Homestay Hoàng Long', 'KHÁCH SẠN HOÀNG SƠN', 'Nhà nghỉ Hạnh Minh', 'MIN House', 'Ngọc Anh Hotel', 'Kim Ngân II hotel', 'Changed Hotel Tuấn Ninh Hotel I', 'Changed Hotel Ba Đoàn 2 Hotel', 'Changed Hotel SixPearl Hotel']"
Phượng Lệ,"['Kim Ngân II hotel', 'Kim Ngân Hotel', 'KIM NGÂN HOME', 'Maya Hotel 2', 'KHÁCH SẠN HOÀNG SƠN', 'Havana Con Dao Hotel', 'Tuấn Ninh Hotel II', 'Changed Hotel SixPearl Hotel', 'Changed Hotel THAO LIEN HOTEL', 'Changed Hotel KHANG HOTEL CON DAO']"
Bửu Chưởng,"['Côn Sơn Victory Hotel', 'Maya Hotel 2', 'Kim Ngân II hotel', 'Homestay Hoàng Long', 'Ngọc Anh Hotel', 'Hoàng Anh Côn Đảo Hotel', 'Khách Sạn Minh Thắng', 'Changed Hotel SixPearl Hotel', 'Changed Hotel Khách sạn Thái Bình', 'Changed Hotel KHÁCH SẠN HOÀNG SƠN']"
Giao Hưởng,"['Garden House Côn Đảo', 'Dương Thanh Bình 2', 'Thanh Binh Hotel Con Dao', 'Q Songchi Hotel', 'Con Son Green Island', 'SaoConDor Hotel', 'Bảo Hoàng HomeStay', 'Changed Hotel Hotel Hải Trường', 'Changed Hotel Pun corner homestay', 'Changed Hotel ConDao BackPacker - LoCo Camping']"
Cẩm Linh,"['Duy Cảnh Homestay', 'Little Home Homestay', 'MƯỜI HOMESTAY', 'Hacoda Homestay', 'Nhà Của Gió Homestay', 'Bảo Hoàng HomeStay', 'Garden House Côn Đảo', 'Changed Hotel SUNRISE HOTEL', 'Changed Hotel Pun corner homestay', 'Changed Hotel Homestay De la Rosa - Côn Đảo']"
Như Thảo,"['Tuấn Ninh Hotel I', 'Tuấn Ninh Hotel II', 'Quang Hưng Hotel', 'Conson Hotel', 'Ngọc Anh Hotel', 'Maya Hotel 2', 'Q Songchi Hotel', 'Changed Hotel Thanh Binh Hotel Con Dao', 'Changed Hotel Trung Hậu Hotel Côn Đảo', 'Changed Hotel Ba Đoàn 2 Hotel']"
Quỳnh Vân,"['Havana Con Dao Hotel', 'Conson Hotel', 'Hotel Đức Thành', 'Hoàng Gia Hotel Côn Đảo', 'Gao Hotel', 'An Phat Hotel', 'SaoConDor Hotel', 'Changed Hotel Thiên Tân Hotel', 'Changed Hotel Hotel De Condor', 'Changed Hotel Q Songchi Hotel']"
Trung Anh,"['An Phat Hotel', 'Hotel Minh Thắng 2', 'Q Songchi Hotel', 'Havana Con Dao Hotel', 'Gao Hotel', 'Thanh Binh Hotel Con Dao', 'Conson Hotel', 'Changed Hotel Côn Sơn Victory Hotel', 'Changed Hotel Hotel De Condor', 'Changed Hotel Ba Đoàn 2 Hotel']"
Chuẩn Khoa,"['Red Hotel Côn Đảo', 'Hoàng Anh Côn Đảo Hotel', 'Hoàng Gia Hotel Côn Đảo', 'Trung Hậu Hotel Côn Đảo', 'HOTEL XUÂN ANH CÔN ĐẢO', 'KHANG HOTEL CON DAO', 'Gao Hotel', 'Changed Hotel Ngọc Anh Hotel', 'Changed Hotel Tuấn Ninh Hotel I', 'Changed Hotel Phuc Con Son Hotel']"
An,"['Con Son Island Hotel', 'Red Hotel Côn Đảo', 'Hoàng Anh Côn Đảo Hotel', 'Hoàng Gia Hotel Côn Đảo', 'Trung Hậu Hotel Côn Đảo', 'An Phat Hotel', 'KHANG HOTEL CON DAO', 'Changed Hotel Havana Con Dao Hotel', 'Changed Hotel Lighthouse Boutique Hotel Côn Đảo', 'Changed Hotel Côn Sơn Victory Hotel']"
Diệu Ái,"['Khách sạn Trọng Tín', 'Khách Sạn Minh Thắng', 'Ngọc Anh Hotel', 'THAO LIEN HOTEL', 'Homestay Hoàng Long', 'KHANG HOTEL CON DAO', 'KHÁCH SẠN HOÀNG SƠN', 'Changed Hotel Golf Star Hotel', 'Changed Hotel Khách sạn Thái Bình', 'Changed Hotel SixPearl Hotel']"
Hướng,"['The Secret Con Dao', 'Con Son Blue Sea Hotel', 'Q Songchi Hotel', 'An Phat Hotel', 'Trung Hậu Hotel Côn Đảo', 'Phuc Con Son Hotel', 'Hotel Minh Thắng 2', 'Changed Hotel The Mystery Con Dao', 'Changed Hotel Orson Hotel & Resort Con Dao', 'Changed Hotel Maya Hotel 3']"
Trung Hiếu,"['Maya Hotel 2', 'Kim Ngân Hotel', 'SixPearl Hotel', 'Q Songchi Hotel', 'Golf Star Hotel', 'Hotel Minh Thắng 2', 'Ngọc Anh Hotel', 'Changed Hotel KHANG HOTEL CON DAO', 'Changed Hotel THAO LIEN HOTEL', 'Changed Hotel Kim Ngân II hotel']"
Hải Nam,"['SixPearl Hotel', 'Kim Ngân Hotel', 'Ngọc Anh Hotel', 'Ba Đoàn 2 Hotel', 'KHÁCH SẠN HOÀNG SƠN', 'Kim Ngân II hotel', ""Uyen's House"", 'Changed Hotel Havana Con Dao Hotel', 'Changed Hotel Maya Hotel 2', 'Changed Hotel Homestay Hoàng Long']"
Thu Ngọc,"['Hoa Anh Đào Motel', 'Ngọc Anh Hotel', 'HOTEL XUÂN ANH CÔN ĐẢO', ""Lan Anh's Home"", 'Thanh Trang Hotel', 'Q Songchi Hotel', 'Conson Hotel', 'Changed Hotel Hotel Hương Đào', 'Changed Hotel Hotel Minh Thắng 2', 'Changed Hotel Hoàng Anh Côn Đảo Hotel']"
Giang Sơn,"['Côn Sơn Victory Hotel', 'KHÁCH SẠN HOÀNG SƠN', 'Havana Con Dao Hotel', 'Ba Đoàn 2 Hotel', 'Tuấn Ninh Hotel I', 'Trung Hậu Hotel Côn Đảo', 'SixPearl Hotel', 'Changed Hotel Ngọc Anh Hotel', 'Changed Hotel Hoàng Anh Côn Đảo Hotel', 'Changed Hotel Conson Hotel']"
Thiên Hương,"['Golf Star Hotel', 'SixPearl Hotel', 'KHANG HOTEL CON DAO', 'THAO LIEN HOTEL', 'Homestay Hoàng Long', 'Kim Ngân II hotel', 'Con Dao Tan Son Nhat Hotel', 'Changed Hotel Maya Hotel 2', 'Changed Hotel Ngọc Anh Hotel', 'Changed Hotel MIN House']"
Gia Hưng,"[""Lan Anh's Home"", 'Hotel De Condor', 'Con Dao Guesthouse', 'Hacoda Homestay', 'Maya Hotel 2', 'Ngọc Anh Hotel', 'Thanh Trang Hotel', 'Changed Hotel KIM NGÂN HOME', 'Changed Hotel Hoa Anh Đào Motel', 'Changed Hotel HOTEL XUÂN ANH CÔN ĐẢO']"
Hàm Nghi,"['Tuấn Ninh Hotel II', 'Tuấn Ninh Hotel I', 'Kim Ngân II hotel', 'Ngọc Anh Hotel', 'SixPearl Hotel', 'KHÁCH SẠN HOÀNG SƠN', 'SaoConDor Hotel', 'Changed Hotel Thanh Binh Hotel Con Dao', 'Changed Hotel Ba Đoàn 2 Hotel', 'Changed Hotel HOTEL ĐỨC THÀNH 2']"
Tú Uyên,"['Ba Đoàn 2 Hotel', 'Tuấn Ninh Hotel I', 'SixPearl Hotel', 'Côn Sơn Victory Hotel', 'Conson Hotel', 'Gao Hotel', 'KHANG HOTEL CON DAO', 'Changed Hotel Quang Hưng Hotel', 'Changed Hotel Ngọc Anh Hotel', 'Changed Hotel An Phat Hotel']"
Giang Thiên,"['Thăng Long 68', 'Khách sạn Lan Anh', 'Thăng Long Hotel', 'Homestay Hoàng Long', 'Khách Sạn Minh Thắng', 'SixPearl Hotel', 'Hotel Đức Thành', 'Changed Hotel SaoConDor Hotel', 'Changed Hotel Thiên Tân Hotel', 'Changed Hotel Conson Hotel']"
Thuận Hòa,"['HOTEL XUÂN ANH CÔN ĐẢO', 'Hoàng Gia Hotel Côn Đảo', 'Ngọc Anh Hotel', 'Red Hotel Côn Đảo', 'Trung Hậu Hotel Côn Đảo', 'KHÁCH SẠN HOÀNG SƠN', 'Conson Hotel', 'Changed Hotel Ba Đoàn 2 Hotel', 'Changed Hotel Côn Sơn Victory Hotel', 'Changed Hotel Hoàng Anh Côn Đảo Hotel']"
Oanh Vũ,"['Lasenta Boutique Hotel', 'Khách sạn Phú Hòa', 'Maya Hotel 3', 'Historic Hotel 2', 'An Phat Hotel', 'The Secret Con Dao', 'Poulo Condor Boutique Resort & Spa', 'Changed Hotel Khách sạn Essenza Hotel & Spa 1', 'Changed Hotel Four Seasons Hotel Gresham Palace', 'Changed Hotel The Enchanted Garden']"
Thùy Nhi,"['Homestay De la Rosa - Côn Đảo', 'Garden House Côn Đảo', 'Pun corner homestay', 'Trung Hậu Hotel Côn Đảo', 'MƯỜI HOMESTAY', 'HOTEL XUÂN ANH CÔN ĐẢO', 'Red Hotel Côn Đảo', 'Changed Hotel Nhà Của Gió Homestay', 'Changed Hotel Little Home Homestay', 'Changed Hotel Duy Cảnh Homestay']"
Ái Thi,"['Con Son Island Hotel', 'Con Son Green Island', 'SixPearl Hotel', 'Côn Sơn Victory Hotel', 'Havana Con Dao Hotel', 'Thanh Binh Hotel Con Dao', 'Kim Ngân II hotel', 'Changed Hotel Maya Hotel 2', 'Changed Hotel Con Dao Guesthouse', 'Changed Hotel Lighthouse Boutique Hotel Côn Đảo']"
Mai Hà,"['Thăng Long Hotel', 'Thăng Long 68', 'Thanh Binh Hotel Con Dao', 'Con Dao Tan Son Nhat Hotel', 'KHANG HOTEL CON DAO', 'Conson Hotel', 'Tuấn Ninh Hotel I', 'Changed Hotel Havana Con Dao Hotel', 'Changed Hotel Red Hotel Côn Đảo', 'Changed Hotel Q Songchi Hotel']"
Phương Yến,"['Homstay Thanh Sơn', 'Khách sạn Thái Bình', 'Côn Sơn Victory Hotel', 'Thuy Thanh Hotel', 'Duy Cảnh Homestay', 'Dương Thanh Bình', 'Havana Con Dao Hotel', 'Changed Hotel MƯỜI HOMESTAY', 'Changed Hotel Little Home Homestay', 'Changed Hotel KHÁCH SẠN HOÀNG SƠN']"
xanh,"['Nhà Của Gió Homestay', 'Duy Cảnh Homestay', 'Homestay Qhome', ""Uyen's House"", 'Bảo Hoàng HomeStay', 'Little Home Homestay', 'Homestay De la Rosa - Côn Đảo', 'Changed Hotel Hacoda Homestay', 'Changed Hotel MƯỜI HOMESTAY', 'Changed Hotel SUNRISE HOTEL']"
Khánh Giang,"['Ngọc Anh Hotel', 'Hoàng Anh Côn Đảo Hotel', 'HOTEL XUÂN ANH CÔN ĐẢO', 'SixPearl Hotel', 'Ba Đoàn 2 Hotel', 'Tuấn Ninh Hotel I', 'Quang Hưng Hotel', 'Changed Hotel Phuc Con Son Hotel', 'Changed Hotel KHANG HOTEL CON DAO', 'Changed Hotel Havana Con Dao Hotel']"
Yến Anh,"['Bảo Hoàng HomeStay', 'The Enchanted Garden 1', 'Homestay Hoàng Long', 'Hacoda Homestay', 'KHÁCH SẠN HOÀNG SƠN', 'Little Home Homestay', 'SUNRISE HOTEL', 'Changed Hotel HUY HOÀNG HOTEL', 'Changed Hotel MƯỜI HOMESTAY', 'Changed Hotel Duy Cảnh Homestay']"
Bình Yên,"['SUNRISE HOTEL', 'Garden House Côn Đảo', 'MƯỜI HOMESTAY', 'Bảo Hoàng HomeStay', 'Duy Cảnh Homestay', 'Orson Hotel & Resort Con Dao', 'Ngọc Anh Hotel', 'Changed Hotel Thanh Binh Hotel Con Dao', 'Changed Hotel MIN House', 'Changed Hotel Con Dao Guesthouse']"
Minh Khai,"['Havana Con Dao Hotel', 'Phuc Con Son Hotel', 'Thanh Binh Hotel Con Dao', 'Ngọc Anh Hotel', 'Ba Đoàn 2 Hotel', 'Kim Ngân II hotel', 'Red Hotel Côn Đảo', 'Changed Hotel Khách Sạn Minh Thắng', 'Changed Hotel Gao Hotel', 'Changed Hotel KHANG HOTEL CON DAO']"
Trọng Hà,"['Quang Hưng Hotel', 'Havana Con Dao Hotel', 'Trung Hậu Hotel Côn Đảo', 'KHANG HOTEL CON DAO', 'Ngọc Anh Hotel', 'Tuấn Ninh Hotel I', 'Thanh Binh Hotel Con Dao', 'Changed Hotel Phuc Con Son Hotel', 'Changed Hotel Gao Hotel', 'Changed Hotel Conson Hotel']"
Gia Bình,"['Thanh Binh Hotel Con Dao', 'Tuấn Ninh Hotel I', 'KHANG HOTEL CON DAO', 'Quang Hưng Hotel', 'SixPearl Hotel', 'Ngọc Anh Hotel', 'Gao Hotel', 'Changed Hotel Thanh Trang Hotel', 'Changed Hotel Conson Hotel', 'Changed Hotel Havana Con Dao Hotel']"
Phú Bình,"['HOTEL ĐỨC THÀNH 2', 'Hoàng Gia Hotel Côn Đảo', 'Havana Con Dao Hotel', 'Thiên Tân Hotel', 'Q Songchi Hotel', 'KHANG HOTEL CON DAO', 'Hotel Minh Thắng 2', 'Changed Hotel Hotel Đức Thành', 'Changed Hotel Sao Mai hotel', 'Changed Hotel Ba Đoàn 2 Hotel']"
Chí Nam,"['Q Songchi Hotel', 'Maya Hotel 2', 'Tuấn Ninh Hotel I', 'Hotel De Condor', 'Kim Ngân Hotel', 'Hoàng Gia Hotel Côn Đảo', 'Trung Hậu Hotel Côn Đảo', 'Changed Hotel An Phat Hotel', 'Changed Hotel Conson Hotel', 'Changed Hotel Hotel Minh Thắng 2']"
Lệ Nhi,"['Con Dao Guesthouse', 'Maya Hotel 2', 'MIN House', 'Q Songchi Hotel', 'SUNRISE HOTEL', 'Hacoda Homestay', 'HOTEL XUÂN ANH CÔN ĐẢO', 'Changed Hotel Trung Hậu Hotel Côn Đảo', ""Changed Hotel Lan Anh's Home"", 'Changed Hotel Tuấn Ninh Hotel I']"
Công Luận,"['The Secret Con Dao', 'Con Dao Resort', 'Orson Hotel & Resort Con Dao', 'Hotel De Condor', 'SaoConDor Hotel', 'Con Son Blue Sea Hotel', 'The Enchanted Garden', 'Changed Hotel Maya Hotel 3', 'Changed Hotel Poulo Condor Boutique Resort & Spa', ""Changed Hotel Le Condor 's House & Coffee""]"
Xuân Thái,"['Six Senses Con Dao - Turtle Island Paradise', 'Maya Hotel 3', 'The Secret Con Dao', 'Con Dao Resort', 'Orson Hotel & Resort Con Dao', 'Con Son Blue Sea Hotel', 'Con Son Island Hotel', 'Changed Hotel Thanh Trang Hotel', 'Changed Hotel Poulo Condor Boutique Resort & Spa', 'Changed Hotel The Mystery Con Dao']"
Phi Long,"['Q Songchi Hotel', 'Thăng Long Hotel', 'Maya Hotel 2', 'Kim Ngân Hotel', 'Garden House Côn Đảo', 'Thanh Binh Hotel Con Dao', 'SixPearl Hotel', 'Changed Hotel Hotel Hải Trường', 'Changed Hotel Hacoda Homestay', 'Changed Hotel Duy Cảnh Homestay']"
Bích Chiêu,"['HOTEL ĐỨC THÀNH 2', 'Hotel Đức Thành', 'Trung Hậu Hotel Côn Đảo', 'Havana Con Dao Hotel', 'SixPearl Hotel', 'Ngọc Anh Hotel', 'KHÁCH SẠN HOÀNG SƠN', 'Changed Hotel Kim Ngân Hotel', 'Changed Hotel Hotel Minh Thắng 2', 'Changed Hotel Maya Hotel 2']"
Thu Oanh,"['Hoàng Anh Côn Đảo Hotel', 'Trung Hậu Hotel Côn Đảo', 'Red Hotel Côn Đảo', 'Hotel Đức Thành', 'Q Songchi Hotel', 'Sao Mai hotel', 'Thanh Trang Hotel', 'Changed Hotel Havana Con Dao Hotel', 'Changed Hotel Hoàng Gia Hotel Côn Đảo', 'Changed Hotel HOTEL XUÂN ANH CÔN ĐẢO']"
Nam Nhật,"['SixPearl Hotel', 'Homestay Hoàng Long', ""Uyen's House"", 'THAO LIEN HOTEL', 'Minh Minh Homestay', 'Kim Ngân Hotel', 'Ngọc Anh Hotel', 'Changed Hotel Nhà nghỉ Hạnh Minh', 'Changed Hotel MIN House', 'Changed Hotel KHÁCH SẠN HOÀNG SƠN']"
Tiến Ðức,"['Thanh Binh Riverside 1', 'Q Songchi Hotel', 'An Phat Hotel', 'Havana Con Dao Hotel', 'Gao Hotel', 'Kim Ngân Hotel', 'Hotel De Condor', 'Changed Hotel Conson Hotel', 'Changed Hotel Hotel Minh Thắng 2', 'Changed Hotel Khách Sạn Minh Thắng']"
Mỹ Trâm,"['Little Home Homestay', 'Duy Cảnh Homestay', 'Bảo Hoàng HomeStay', 'MƯỜI HOMESTAY', 'Homestay De la Rosa - Côn Đảo', 'Hacoda Homestay', 'SEN HIDDEN CHARM', ""Changed Hotel Lan Anh's Home"", 'Changed Hotel KIM NGÂN HOME', 'Changed Hotel Nhà Của Gió Homestay']"
Bảo Tín,"['Sao Mai hotel', 'Hoàng Gia Hotel Côn Đảo', 'Phuc Con Son Hotel', 'Thanh Binh Hotel Con Dao', 'Tuấn Ninh Hotel I', 'Conson Hotel', 'Hotel Đức Thành', 'Changed Hotel Havana Con Dao Hotel', 'Changed Hotel Quang Hưng Hotel', 'Changed Hotel Ba Đoàn 2 Hotel']"
Triều Thành,"['Pun corner homestay', 'Hacoda Homestay', 'Con Son Green Island', 'Homestay De la Rosa - Côn Đảo', 'Duy Cảnh Homestay', 'Garden House Côn Đảo', 'Homestay Hoàng Long', 'Changed Hotel Historic Hotel 1', 'Changed Hotel Bảo Hoàng HomeStay', 'Changed Hotel Homestay Qhome']"
Xuân Dung,"['Oxford Suites', 'Rooftop Resort', 'Khách sạn My Ty', 'Super 8', 'Holiday Inn Express', 'Hampton Inn & Suites', 'Khách sạn Phú Hòa 1', 'Changed Hotel Khách Sạn Raon Apartment & Hotel', 'Changed Hotel Hotel Lemonade', 'Changed Hotel Grand Gold']"
Hải Long,"['Orson Hotel & Resort Con Dao', 'Con Son Blue Sea Hotel', 'Maya Hotel 3', 'Q Songchi Hotel', 'Con Dao Resort', 'Red Hotel Côn Đảo', 'Havana Con Dao Hotel', 'Changed Hotel SaoConDor Hotel', 'Changed Hotel The Mystery Con Dao', 'Changed Hotel The Secret Con Dao']"
Ðông Quân,"[""Le Condor 's House & Coffee"", 'Hacoda Homestay', 'Homestay Qhome', 'KHÁCH SẠN HOÀNG SƠN', ""Lan Anh's Home"", 'HOTEL XUÂN ANH CÔN ĐẢO', 'Con Dao Guesthouse', 'Changed Hotel Hotel De Condor', 'Changed Hotel Minh Minh Homestay', 'Changed Hotel MIN House']"
Ly,"['Homestay De la Rosa - Côn Đảo', 'HOTEL XUÂN ANH CÔN ĐẢO', 'SUNRISE HOTEL', 'Hoàng Anh Côn Đảo Hotel', 'Duy Cảnh Homestay', 'Trung Hậu Hotel Côn Đảo', 'Pun corner homestay', 'Changed Hotel Hoàng Gia Hotel Côn Đảo', 'Changed Hotel Garden House Côn Đảo', 'Changed Hotel Red Hotel Côn Đảo']"
Thế Minh,"['Quang Hưng Hotel', 'Tuấn Ninh Hotel I', 'Ba Đoàn 2 Hotel', 'Conson Hotel', 'Thanh Binh Hotel Con Dao', 'Trung Hậu Hotel Côn Đảo', 'Havana Con Dao Hotel', 'Changed Hotel Hưng Khánh Hotel', 'Changed Hotel Phuc Con Son Hotel', 'Changed Hotel Ngọc Anh Hotel']"
Mạnh Dũng,"['Dương Thanh Bình', 'Oxford Suites 1', 'Thanh Trang Hotel', 'Thanh Binh Hotel Con Dao', 'Thuy Thanh Hotel', 'Khách sạn Thái Bình', 'Kim Ngân II hotel', 'Changed Hotel SixPearl Hotel', 'Changed Hotel Homestay Bình An', 'Changed Hotel Dương Thanh Bình 2']"
Hương Lan,"['Hotel Hương Đào', 'Hoa Anh Đào Motel', 'Hotel Minh Thắng 2', 'An Phat Hotel', 'Q Songchi Hotel', 'Ba Đoàn 2 Hotel', 'Maya Hotel 2', 'Changed Hotel Ngọc Anh Hotel', 'Changed Hotel HOTEL ĐỨC THÀNH 2', 'Changed Hotel Hotel De Condor']"
Kim Lan,"['Havana Con Dao Hotel', 'Thanh Binh Hotel Con Dao', 'Conson Hotel', 'KHANG HOTEL CON DAO', 'Phuc Con Son Hotel', 'SixPearl Hotel', 'Ngọc Anh Hotel', 'Changed Hotel Hưng Khánh Hotel', 'Changed Hotel Côn Sơn Victory Hotel', 'Changed Hotel Gao Hotel']"
Thiếu,"['Khách Sạn Minh Thắng', 'Hotel Minh Thắng 2', 'Khách sạn Thái Bình', 'Minh Minh Homestay', 'Conson Hotel', 'Khách sạn Trọng Tín', 'KHANG HOTEL CON DAO', 'Changed Hotel Red Hotel Côn Đảo', 'Changed Hotel Trung Hậu Hotel Côn Đảo', 'Changed Hotel KHÁCH SẠN HOÀNG SƠN']"
Thu Thuận,"['Kim Ngân Hotel', 'Kim Ngân II hotel', 'SixPearl Hotel', 'THAO LIEN HOTEL', 'Q Songchi Hotel', 'Hotel Minh Thắng 2', 'Havana Con Dao Hotel', 'Changed Hotel Maya Hotel 2', 'Changed Hotel Thanh Trang Hotel', 'Changed Hotel KIM NGÂN HOME']"
Thu Linh,"['Orson Hotel & Resort Con Dao', 'Q Songchi Hotel', 'The Mystery Con Dao', 'Con Son Blue Sea Hotel', 'Thiên Tân Hotel', 'Hotel De Condor', 'Maya Hotel 3', 'Changed Hotel Havana Con Dao Hotel', 'Changed Hotel SaoConDor Hotel', 'Changed Hotel River Town Hotel 1']"
Thủy Hồng,"['Maya Hotel 3', 'The Secret Con Dao', 'Con Dao Tan Son Nhat Hotel', 'Poulo Condor Boutique Resort & Spa', 'Orson Hotel & Resort Con Dao', 'An Phat Hotel', 'SaoConDor Hotel', 'Changed Hotel Maya Hotel 2', 'Changed Hotel Thiên Tân Hotel', 'Changed Hotel The Mystery Con Dao']"
Thủy Hằng,"['Kim Ngân Hotel', 'Kim Ngân II hotel', 'MIN House', 'Homestay Hoàng Long', 'Little Home Homestay', 'Con Dao Guesthouse', 'SixPearl Hotel', 'Changed Hotel Khách sạn Thái Bình', 'Changed Hotel KIM NGÂN HOME', ""Changed Hotel Lan Anh's Home""]"
Uyên,"['Trung Hậu Hotel Côn Đảo', 'Maya Hotel 2', 'Red Hotel Côn Đảo', 'Tuấn Ninh Hotel I', 'Hoàng Anh Côn Đảo Hotel', 'SixPearl Hotel', 'Quang Hưng Hotel', 'Changed Hotel Phuc Con Son Hotel', 'Changed Hotel Conson Hotel', 'Changed Hotel Hoàng Gia Hotel Côn Đảo']"
Tuấn Sỹ,"['Dương Thanh Bình 2', 'Thanh Trang Hotel', 'Thanh Binh Hotel Con Dao', 'SixPearl Hotel', 'Hoàng Gia Hotel Côn Đảo', 'Kim Ngân Hotel', 'Trung Hậu Hotel Côn Đảo', 'Changed Hotel Khách sạn Thái Bình', 'Changed Hotel Thuy Thanh Hotel', 'Changed Hotel Dương Thanh Bình']"
Nghi Xuân,"['Pun corner homestay', 'MIN House', 'Minh Minh Homestay', 'Dương Thanh Bình 2', 'Hacoda Homestay', 'Garden House Côn Đảo', 'Golf Star Hotel', 'Changed Hotel Con Son Island Hotel', 'Changed Hotel Homestay Qhome', 'Changed Hotel Con Son Green Island']"
Tân Long,"['Orson Hotel & Resort Con Dao', 'The Mystery Con Dao', 'Q Songchi Hotel', 'The Secret Con Dao', 'SaoConDor Hotel', 'An Phat Hotel', 'Hotel Minh Thắng 2', 'Changed Hotel Hoàng Anh Côn Đảo Hotel', 'Changed Hotel Con Son Blue Sea Hotel', 'Changed Hotel Hotel De Condor']"
Thiện Ngôn,"['Hacoda Homestay', 'Bảo Hoàng HomeStay', 'Pun corner homestay', 'Homestay Hoàng Long', ""Le Condor 's House & Coffee"", 'Duy Cảnh Homestay', 'Côn Sơn Victory Hotel', ""Changed Hotel Lan Anh's Home"", 'Changed Hotel Homestay Qhome', 'Changed Hotel Con Dao Guesthouse']"
Chí Khang,"['MIN House', 'KIM NGÂN HOME', 'Golf Star Hotel', 'Homestay Hoàng Long', 'Con Dao Guesthouse', 'Homestay Qhome', 'Kim Ngân II hotel', ""Changed Hotel Uyen's House"", 'Changed Hotel THAO LIEN HOTEL', 'Changed Hotel Nhà nghỉ Hạnh Minh']"
Nương,"['MƯỜI HOMESTAY', 'Bảo Hoàng HomeStay', 'Little Home Homestay', 'SUNRISE HOTEL', 'Homestay Bình An', 'Nhà Của Gió Homestay', 'MIN House', 'Changed Hotel Con Dao Guesthouse', 'Changed Hotel Duy Cảnh Homestay', 'Changed Hotel Hacoda Homestay']"
Xuân Nhi,"['SixPearl Hotel', 'Bảo Hoàng HomeStay', ""Uyen's House"", 'HUY HOÀNG HOTEL', 'Hacoda Homestay', 'MIN House', 'Nhà nghỉ Hạnh Minh', 'Changed Hotel KHÁCH SẠN HOÀNG SƠN', 'Changed Hotel Golf Star Hotel', 'Changed Hotel Homestay Hoàng Long']"
Hồng Thảo,"['Conson Hotel', 'Havana Con Dao Hotel', 'Trung Hậu Hotel Côn Đảo', 'Quang Hưng Hotel', 'Côn Sơn Victory Hotel', 'Ba Đoàn 2 Hotel', 'Khách Sạn Minh Thắng', 'Changed Hotel Tuấn Ninh Hotel I', 'Changed Hotel Maya Hotel 2', 'Changed Hotel Thanh Binh Hotel Con Dao']"
Sông,"['Minh Minh Homestay', 'Khách Sạn Minh Thắng', 'Hotel Minh Thắng 2', 'Homestay Qhome', 'Golf Star Hotel', 'MIN House', ""Le Condor 's House & Coffee"", 'Changed Hotel Nhà nghỉ Hạnh Minh', 'Changed Hotel Homestay Hoàng Long', 'Changed Hotel Hacoda Homestay']"
Bình,"['Maya Hotel 2', 'Kim Ngân II hotel', 'SixPearl Hotel', 'KHÁCH SẠN HOÀNG SƠN', 'THAO LIEN HOTEL', 'Q Songchi Hotel', 'Havana Con Dao Hotel', 'Changed Hotel Trung Hậu Hotel Côn Đảo', 'Changed Hotel Tuấn Ninh Hotel I', 'Changed Hotel Conson Hotel']"
Hoàng Cúc,"['Con Dao Resort', 'Orson Hotel & Resort Con Dao', 'Poulo Condor Boutique Resort & Spa', 'Con Son Blue Sea Hotel', 'Con Son Island Hotel', 'Six Senses Con Dao - Turtle Island Paradise', 'The Secret Con Dao', 'Changed Hotel Maya Hotel 3', 'Changed Hotel The Mystery Con Dao', 'Changed Hotel SaoConDor Hotel']"
Hồng Nhung,"['Richico Apartments And Hotel 1', 'Alisia Beach Hotel 1', 'Historic Hotel 2', 'Khách sạn Sekong', 'White Dove Hotels', 'Rooftop Resort', 'Rodeway Inn 1', 'Changed Hotel Serene Danang Hotel', 'Changed Hotel Khách sạn Rum Vàng', 'Changed Hotel Khách sạn Ngọc Mai Phú 2']"
Lam Ngọc,"['HUY HOÀNG HOTEL', 'Bảo Hoàng HomeStay', 'Homestay Hoàng Long', 'Hoàng Anh Côn Đảo Hotel', 'Hoàng Gia Hotel Côn Đảo', 'Ba Đoàn 2 Hotel', 'Havana Con Dao Hotel', 'Changed Hotel Ngọc Anh Hotel', 'Changed Hotel KHANG HOTEL CON DAO', 'Changed Hotel Maya Hotel 2']"
Phương Ngọc,"['Hacoda Homestay', 'Homestay Hoàng Long', 'SixPearl Hotel', 'Minh Minh Homestay', 'Con Son Green Island', 'Havana Con Dao Hotel', 'SUNRISE HOTEL', ""Changed Hotel Le Condor 's House & Coffee"", 'Changed Hotel MIN House', 'Changed Hotel Homestay Qhome']"
Sông Hương,"['HOTEL XUÂN ANH CÔN ĐẢO', 'Ngọc Anh Hotel', 'Red Hotel Côn Đảo', 'Trung Hậu Hotel Côn Đảo', 'Hoàng Gia Hotel Côn Đảo', ""Lan Anh's Home"", 'Maya Hotel 2', 'Changed Hotel Hoàng Anh Côn Đảo Hotel', 'Changed Hotel Garden House Côn Đảo', 'Changed Hotel Hoa Anh Đào Motel']"
Vi Quyên,"['Homestay Bình An', ""Uyen's House"", 'MƯỜI HOMESTAY', 'Dương Thanh Bình', 'Ba Đoàn 2 Hotel', 'Khách sạn Thái Bình', 'SixPearl Hotel', 'Changed Hotel KHÁCH SẠN HOÀNG SƠN', 'Changed Hotel Homestay Hoàng Long', 'Changed Hotel Nhà nghỉ Hạnh Minh']"
Yến Phượng,"['Hưng Khánh Hotel', 'Havana Con Dao Hotel', 'Ba Đoàn 2 Hotel', 'Phuc Con Son Hotel', 'Gao Hotel', 'Ngọc Anh Hotel', 'Conson Hotel', 'Changed Hotel Tuấn Ninh Hotel I', 'Changed Hotel Quang Hưng Hotel', 'Changed Hotel Côn Sơn Victory Hotel']"
Viễn Thông,"['Con Dao Tan Son Nhat Hotel', 'Havana Con Dao Hotel', 'Maya Hotel 2', 'Phuc Con Son Hotel', 'KHANG HOTEL CON DAO', 'Conson Hotel', 'Ngọc Anh Hotel', 'Changed Hotel Thanh Binh Hotel Con Dao', 'Changed Hotel Maya Hotel 3', 'Changed Hotel Golf Star Hotel']"
Thương Thương,"['Havana Con Dao Hotel', 'Phuc Con Son Hotel', 'Thanh Binh Hotel Con Dao', 'Ba Đoàn 2 Hotel', 'Hotel Minh Thắng 2', 'An Phat Hotel', 'Red Hotel Côn Đảo', 'Changed Hotel Gao Hotel', 'Changed Hotel Tuấn Ninh Hotel I', 'Changed Hotel KHANG HOTEL CON DAO']"
Hải Lý,"['SEN HIDDEN CHARM', 'Little Home Homestay', 'Con Dao Guesthouse', 'Garden House Côn Đảo', 'Côn Sơn Victory Hotel', 'SUNRISE HOTEL', 'Havana Con Dao Hotel', 'Changed Hotel Duy Cảnh Homestay', 'Changed Hotel Ba Đoàn 2 Hotel', 'Changed Hotel Hacoda Homestay']"
Vân Khanh,"['Thanh Trang Hotel', 'Thanh Binh Hotel Con Dao', 'Kim Ngân Hotel', 'Hotel Minh Thắng 2', 'Q Songchi Hotel', 'Hoàng Gia Hotel Côn Đảo', 'Maya Hotel 2', 'Changed Hotel Dương Thanh Bình 2', 'Changed Hotel Conson Hotel', 'Changed Hotel Havana Con Dao Hotel']"
Chi Mai,"['Thanh Binh Hotel Con Dao', 'Thanh Trang Hotel', 'KHANG HOTEL CON DAO', 'Dương Thanh Bình', 'Dương Thanh Bình 2', 'THAO LIEN HOTEL', 'Havana Con Dao Hotel', 'Changed Hotel SixPearl Hotel', 'Changed Hotel Maya Hotel 2', 'Changed Hotel Thuy Thanh Hotel']"
Phương Quân,"['Staybridge Suites 1', 'Hotel Lemonade', 'Oxford Suites', 'Pavilion Hotel 1', 'Historic Hotel 2', 'Super 8', 'Khách sạn Sekong', 'Changed Hotel London House', 'Changed Hotel Rooftop Resort', 'Changed Hotel Soho Boutique Hotel']"
Bảo Lâm,"['Khách sạn Phú Hòa 1', 'Four Seasons Hotel Gresham Palace', 'Khách sạn Misa', 'Khách sạn Ngọc Mai Phú 1', 'Thanh Binh Riverside', 'The Cartwright Hotel', 'Jolly House Đà Lạt', 'Changed Hotel Khách sạn Phú Hòa', 'Changed Hotel Hampton Inn & Suites', 'Changed Hotel Serene Danang Hotel']"
Ái Hồng,"['The James New York', 'Historic Hotel 2', 'River Town Hotel', 'TTC Ngọc Lan Hotel 1', 'Khách sạn Đông Dương', 'Four Seasons Hotel Gresham Palace 1', 'Khách sạn Hồng Tâm', 'Changed Hotel Ancient House Resort & Spa', 'Changed Hotel Cabrillo Inn & Suites', 'Changed Hotel The Enchanted Garden 1']"
Lưu,"['Super 8', 'San Marino Boutique', 'Oxford Suites', 'Hotel Lemonade', 'Rooftop Resort', 'Royal Place', 'Khách sạn My Ty', 'Changed Hotel Holiday Inn Express', 'Changed Hotel Khách Sạn Raon Apartment & Hotel', 'Changed Hotel YN’S HOME – Homestay']"
Cát Uy,"['Dương Thanh Bình', 'Khách sạn Essenza Hotel & Spa', 'The James New York', 'TTC Ngọc Lan Hotel 1', 'Khách sạn Hồng Tâm', 'Khách sạn Misa 1', 'Lasenta Boutique Hotel', 'Changed Hotel The New View', 'Changed Hotel Aloft Chicago', 'Changed Hotel Oxford Suites 1']"
Mỹ Hạnh,"['Satya Hotel', 'Khách sạn Pansy', 'Fusion Suites Beach', 'Thanh Binh Riverside 1', 'Khách sạn River Prince 1', 'Embassy Suites', 'Oxford Suites', 'Changed Hotel Sizzling inn', 'Changed Hotel Grand Gold', 'Changed Hotel Belle Maison Parosand']"
Tất Hiếu,"['Alisia Beach Hotel', 'River Town Hotel', 'Khách sạn Ngọc Mai Phú', 'Cabrillo Inn & Suites', 'Soho Boutique Hotel', 'Gemma Hotel & Apartment', 'Khách sạn An An 1', 'Changed Hotel Rodeway Inn 1', 'Changed Hotel Khách sạn River Prince 1', 'Changed Hotel Jolly House Đà Lạt']"
Bá Thịnh,"['Tropical Villa', 'Pavilion Hotel', 'Khách sạn Misa', 'TTC Ngọc Lan Hotel', 'Khách Sạn De An', 'Khách sạn Essenza Hotel & Spa 1', 'Waypoint', 'Changed Hotel Rodeway Inn 1', 'Changed Hotel Alisia Beach Hotel 2', 'Changed Hotel Staybridge Suites 1']"
Minh Vũ,"['The New View', 'White Dove Hotels', 'Richico Apartments And Hotel', 'Oxford Suites 1', 'Fusion Suites Beach 1', 'Belle Maison Parosand 1', 'Historic Hotel', 'Changed Hotel River Town Hotel 1', 'Changed Hotel Cabrillo Inn & Suites', 'Changed Hotel Wonder Resort']"
Dạ Hương,"['Venture Hotel', 'Satya Hotel 1', 'Khách sạn Misa 2', 'Villa Florence', 'Sizzling inn 1', 'Alisia Beach Hotel 2', 'TTC Ngọc Lan Hotel 1', 'Changed Hotel Rodeway Inn 1', 'Changed Hotel Serene Danang Hotel 2', 'Changed Hotel Soho Boutique Hotel 1']"
Thái Tổ,"['Serene Danang Hotel 2', 'Khách sạn Rum Vàng', 'Chic Land', 'Rodeway Inn 1', 'Aira Boutique Hotel & Spa', 'Pavilion Hotel', 'Rooftop Resort', 'Changed Hotel Khách sạn Ngọc Mai Phú', 'Changed Hotel Historic Hotel 2', 'Changed Hotel Alisia Beach Hotel 1']"
Bình Minh,"['Khách sạn Sekong', 'The Cartwright Hotel', 'Rooftop Resort', 'Khách sạn Lan Anh 1', 'Richico Apartments And Hotel', 'Cabrillo Inn & Suites', 'Historic Hotel 2', 'Changed Hotel Four Points', 'Changed Hotel Aira Boutique Hotel & Spa', 'Changed Hotel Lasenta Boutique Hotel 1']"
Ban Mai,"['Four Seasons Hotel Gresham Palace', 'Khách sạn Misa', 'Thanh Binh Riverside', 'Hampton Inn & Suites', 'The Cartwright Hotel', 'Khách sạn Phú Hòa 1', 'Khách sạn Pansy', 'Changed Hotel Khách sạn Phú Hòa', 'Changed Hotel Jolly House Đà Lạt', 'Changed Hotel The Enchanted Garden']"
Mộng Long,"['Denali Perch Resort', 'Aloft Chicago', 'Khách sạn Tuấn Vinh 1', 'Khách sạn Gia Điệu', 'Khách sạn Pansy', 'Candlewood Hotel', 'Risemount Resort', 'Changed Hotel Paris Deli Beach Hotel', 'Changed Hotel Four Seasons Hotel Gresham Palace 1', 'Changed Hotel Lasenta Boutique Hotel 1']"
Khắc Công,"['Khách sạn Sekong 1', 'Pavilion Hotel 1', 'Khách sạn Misa 2', 'Serene Danang Hotel 2', 'Venture Hotel', 'Holiday Inn Express', 'Alisia Beach Hotel 2', 'Changed Hotel The Cartwright Hotel 1', 'Changed Hotel Four Points', 'Changed Hotel Khách sạn An An']"
Lâm Tuyền,"['Fusion Suites Beach', 'Satya Hotel', 'San Marino Boutique', 'Khách sạn Misa 1', 'White Dove Hotels 1', 'Lasenta Boutique Hotel', 'Khách sạn Lan Anh', 'Changed Hotel Oxford Suites 1', 'Changed Hotel Sizzling inn', 'Changed Hotel Aloft Chicago']"
Vinh Quốc,"['White Dove Hotels 1', 'Khách sạn An An 1', 'Serene Danang Hotel 1', 'Belle Maison Parosand 2', 'Sizzling inn 1', 'Khách sạn Gia Điệu 1', 'Khách sạn Đông Dương', 'Changed Hotel Historic Hotel 2', 'Changed Hotel Rodeway Inn 1', 'Changed Hotel Belle Maison Parosand']"
Thanh Bình,"['Hotel Lemonade', 'Oxford Suites', 'Super 8', 'Rooftop Resort', 'Holiday Inn Express', 'London House', 'Rodeway Inn 1', 'Changed Hotel Khách Sạn Raon Apartment & Hotel', 'Changed Hotel Cabrillo Inn & Suites', 'Changed Hotel Khách sạn My Ty']"
Trúc Vy,"['Khách sạn Essenza Hotel & Spa', 'Oxford Suites 1', 'Aira Boutique Hotel & Spa 1', 'TTC Ngọc Lan Hotel 1', 'Historic Hotel', 'Four Points', 'Khách sạn Đông Dương', 'Changed Hotel Gemma Hotel & Apartment', 'Changed Hotel The James New York', 'Changed Hotel Thanh Binh Riverside 1']"
Hiệp Hiền,"['River Suites', 'Serene Danang Hotel 2', 'Satya Hotel 1', 'Soho Boutique Hotel 1', 'Super 8', 'Khách sạn Ngọc Mai Phú', 'Venture Hotel', 'Changed Hotel Chic Land', 'Changed Hotel Villa Florence', 'Changed Hotel TTC Ngọc Lan Hotel 1']"
Hồng Xuân,"['Pavilion Hotel', 'Tropical Villa', 'Khách sạn Misa', 'Khách Sạn De An', 'Staybridge Suites 1', 'Richico Apartments And Hotel 1', 'Candlewood Hotel', 'Changed Hotel Aira Boutique Hotel & Spa', 'Changed Hotel Khách sạn Sekong', 'Changed Hotel TTC Ngọc Lan Hotel']"
Ðức Hòa,"['River Town Hotel', 'Rodeway Inn', 'Khách sạn Sekong', 'Khách sạn Phú Hòa 1', 'Historic Hotel 2', 'Khách sạn River Prince', 'Rooftop Resort', 'Changed Hotel The Enchanted Garden 1', 'Changed Hotel Historic Hotel', 'Changed Hotel Bảo Hoàng HomeStay']"
Quỳnh Hà,"['Khách sạn Pansy', 'White Dove Hotels 1', 'Grand Gold', 'The Cartwright Hotel', 'Four Seasons Hotel Gresham Palace', 'Khách sạn Phú Hòa', 'Hampton Inn & Suites', 'Changed Hotel Denali Perch Resort', 'Changed Hotel Satya Hotel', 'Changed Hotel Thanh Binh Riverside 1']"
Diệu Hương,"['Khách sạn River Prince', 'The James New York', 'The Enchanted Garden 1', 'Khách sạn Trọng Tín', 'Gemma Hotel & Apartment', 'Khách sạn Essenza Hotel & Spa', 'Khách sạn My Ty', 'Changed Hotel Oxford Suites', 'Changed Hotel Aira Boutique Hotel & Spa 1', 'Changed Hotel TTC Ngọc Lan Hotel 1']"
Thu Hồng,"['Gemma Hotel & Apartment', 'Aira Boutique Hotel & Spa 1', 'Khách sạn Đông Dương', 'Alisia Beach Hotel', 'TTC Ngọc Lan Hotel 1', 'Rodeway Inn', 'Historic Hotel', 'Changed Hotel The James New York', 'Changed Hotel Khách sạn Misa 2', 'Changed Hotel Khách sạn Essenza Hotel & Spa']"
Vành,"['Khách sạn Hồng Tâm', 'Oxford Suites 1', 'Khách sạn Misa 1', 'Cabrillo Inn & Suites', 'Wonder Resort', 'Lasenta Boutique Hotel', 'Aloft Chicago', 'Changed Hotel Khách sạn Ngọc Mai Phú 1', 'Changed Hotel Khách sạn Lan Anh', 'Changed Hotel The Maxwell']"
Cẩm Liên,"['Serene Danang Hotel', 'Khách sạn Rum Vàng', 'Embassy Suites', 'Khách sạn Sekong', 'Thiên Tân Hotel', 'Belle Maison Parosand', 'Four Points', 'Changed Hotel Richico Apartments And Hotel 1', 'Changed Hotel Khách sạn Phú Hòa', 'Changed Hotel Khách sạn Ngọc Mai Phú 2']"
Diệu Ngà,"['Historic Hotel 2', 'Lasenta Boutique Hotel 1', 'Khách sạn Sekong', 'Rodeway Inn 1', 'The James New York', 'Alisia Beach Hotel', 'Khách sạn Ngọc Mai Phú 1', 'Changed Hotel Richico Apartments And Hotel', 'Changed Hotel Cabrillo Inn & Suites', 'Changed Hotel Khách sạn Ngọc Mai Phú']"
Trúc Quân,"['Khách sạn Gia Điệu', 'Khách sạn Tuấn Vinh 1', 'Denali Perch Resort', 'Khách Sạn De An', 'Paris Deli Beach Hotel', 'Khách sạn Pansy', 'Khách sạn An An', 'Changed Hotel Khách sạn Essenza Hotel & Spa', 'Changed Hotel Super 8', 'Changed Hotel Thanh Binh Riverside 1']"
Bảo Quỳnh,"['White Dove Hotels', 'Fusion Suites Beach 1', 'Richico Apartments And Hotel', 'Wonder Resort', 'Khách sạn Lan Anh', 'Historic Hotel 2', 'The New View', 'Changed Hotel Belle Maison Parosand 1', 'Changed Hotel River Town Hotel 1', 'Changed Hotel Rodeway Inn 1']"
Diệu Nga,"['Holiday Inn Express', 'Hotel Lemonade', 'Oxford Suites', 'Satya Hotel 1', 'Paris Deli Beach Hotel', 'Soho Boutique Hotel 1', 'Sizzling inn 1', 'Changed Hotel Villa Florence', 'Changed Hotel Rooftop Resort', 'Changed Hotel Super 8']"
Quốc Thắng,"['The Maxwell', 'Khách sạn Hồng Tâm', 'Khách sạn Sekong', 'Pavilion Hotel', 'Aira Boutique Hotel & Spa', 'Lasenta Boutique Hotel 1', 'Khách sạn Raon Beach', 'Changed Hotel Four Points', 'Changed Hotel Wonder Resort', 'Changed Hotel Rooftop Resort']"
Hải Thụy,"['Rooftop Resort', 'Oxford Suites', 'Khách Sạn Raon Apartment & Hotel', 'Historic Hotel 2', 'Khách sạn My Ty', 'Aira Boutique Hotel & Spa', 'London House', 'Changed Hotel Khách sạn Sekong', 'Changed Hotel Lasenta Boutique Hotel 1', 'Changed Hotel Hotel Lemonade']"
Thu Sinh,"['Khách sạn Misa', 'Tropical Villa', 'Pavilion Hotel', 'Four Seasons Hotel Gresham Palace', 'Khách sạn Phú Hòa', 'Thanh Binh Riverside', 'The Cartwright Hotel', 'Changed Hotel TTC Ngọc Lan Hotel', 'Changed Hotel Jolly House Đà Lạt', 'Changed Hotel Hampton Inn & Suites']"
Xuân Thủy,"['Risemount Resort', 'Khách sạn Sekong', 'Aira Boutique Hotel & Spa', 'Villa Florence', 'Richico Apartments And Hotel', 'Lasenta Boutique Hotel 1', 'Four Points', 'Changed Hotel The Cartwright Hotel', 'Changed Hotel Cabrillo Inn & Suites', 'Changed Hotel Denali Perch Resort']"
Thúy Loan,"['Pavilion Hotel 1', 'Khách sạn Misa 2', 'Belle Maison Parosand 1', 'Rodeway Inn 1', 'Staybridge Suites', 'Alisia Beach Hotel 2', 'Historic Hotel 2', 'Changed Hotel Fusion Suites Beach 1', 'Changed Hotel Sizzling inn 1', 'Changed Hotel Soho Boutique Hotel']"
Bình Dân,"['Khách sạn Lan Anh', 'Thăng Long 68', 'Lasenta Boutique Hotel', 'White Dove Hotels', 'Khách sạn Hồng Tâm', 'Oxford Suites 1', 'San Marino Boutique', 'Changed Hotel Khách sạn Misa 1', 'Changed Hotel Aloft Chicago', 'Changed Hotel White Dove Hotels 1']"
Nam Tú,"['Khách Sạn De An', 'TTC Ngọc Lan Hotel', 'Pavilion Hotel', 'Khách sạn Gia Điệu', 'Khách sạn Raon Beach', 'River Suites', 'The Maxwell', 'Changed Hotel Khách sạn Misa', 'Changed Hotel Tropical Villa', 'Changed Hotel Serene Danang Hotel']"
Minh Thương,"['Khách sạn Ngọc Mai Phú', 'Alisia Beach Hotel', 'Cabrillo Inn & Suites', 'Khách sạn River Prince 1', 'Alisia Beach Hotel 1', 'Khách sạn Sekong', 'Khách sạn Lan Anh 1', 'Changed Hotel Rodeway Inn 1', 'Changed Hotel Soho Boutique Hotel', 'Changed Hotel River Suites']"
Kiều Trang,"['Waypoint', 'Satya Hotel 1', 'Hampton Inn & Suites', 'Chic Land', 'Rodeway Inn 1', 'Pavilion Hotel', 'White Dove Hotels', 'Changed Hotel Serene Danang Hotel 1', 'Changed Hotel Tropical Villa', 'Changed Hotel Khách sạn Essenza Hotel & Spa 1']"
Phương Phương,"['Khách Sạn Raon Apartment & Hotel', 'The Mystery Con Dao', 'Holiday Inn Express', 'Oxford Suites', 'YN’S HOME – Homestay', 'San Marino Boutique', 'Hotel Lemonade', 'Changed Hotel Super 8', 'Changed Hotel Royal Place', 'Changed Hotel Rooftop Resort']"
Triệu Thái,"['TTC Ngọc Lan Hotel 1', 'The James New York', 'Satya Hotel 1', 'Oxford Suites 1', 'Candlewood Hotel', 'River Suites', 'Villa Florence', 'Changed Hotel Gemma Hotel & Apartment', 'Changed Hotel Historic Hotel 1', 'Changed Hotel Khách sạn Essenza Hotel & Spa']"
Xuân Ngọc,"['Grand Gold', 'Khách sạn Pansy', 'Oxford Suites', 'Rooftop Resort', 'Satya Hotel', 'Holiday Inn Express', 'Aira Boutique Hotel & Spa', 'Changed Hotel Serene Danang Hotel 1', 'Changed Hotel White Dove Hotels 1', 'Changed Hotel Super 8']"
Hiểu Lam,"['Lasenta Boutique Hotel 1', 'Khách sạn Sekong', 'Aira Boutique Hotel & Spa', 'The Cartwright Hotel', 'Rooftop Resort', 'Khách sạn Lan Anh 1', 'Richico Apartments And Hotel', 'Changed Hotel Four Points', 'Changed Hotel Candlewood Hotel', 'Changed Hotel Cabrillo Inn & Suites']"
Tuấn Thành,"['Khách sạn Phú Hòa 1', 'Khách sạn Phú Hòa', 'The Cartwright Hotel', 'Khách sạn An An 1', 'The Enchanted Garden 1', 'Four Seasons Hotel Gresham Palace', 'Khách sạn My Ty', 'Changed Hotel River Town Hotel', 'Changed Hotel Hampton Inn & Suites', 'Changed Hotel Oxford Suites']"
Liên Trân,"['Khách sạn Gia Điệu 1', 'Khách sạn An An 1', 'Khách sạn River Prince 1', 'Belle Maison Parosand', 'Khách sạn Đông Dương', 'Oxford Suites', 'Alisia Beach Hotel 1', 'Changed Hotel Khách sạn My Ty', 'Changed Hotel Rodeway Inn 1', 'Changed Hotel YN’S HOME – Homestay']"
Đinh,"['Alisia Beach Hotel 2', 'Khách sạn Misa 2', 'Tropical Villa', 'TTC Ngọc Lan Hotel', 'Venture Hotel', 'Pavilion Hotel 1', 'White Dove Hotels', 'Changed Hotel Rodeway Inn 1', 'Changed Hotel Khách sạn Misa', 'Changed Hotel Khách sạn Raon Beach']"
Giáng Uyên,"['Aloft Chicago', 'Lasenta Boutique Hotel', 'Denali Perch Resort', 'Khách sạn Lan Anh', 'Candlewood Hotel', 'San Marino Boutique', 'Khách sạn Hồng Tâm', 'Changed Hotel Sizzling inn', 'Changed Hotel Khách sạn Misa 1', 'Changed Hotel Oxford Suites 1']"
Thảo Tiên,"['Embassy Suites', 'Four Points', 'Satya Hotel', 'The Enchanted Garden 2', 'Khách sạn Phú Hòa', 'Rooftop Resort', 'Khách sạn Lan Anh 1', 'Changed Hotel Historic Hotel 2', 'Changed Hotel Serene Danang Hotel', 'Changed Hotel Khách sạn Rum Vàng']"
Bích Thảo,"['Soho Boutique Hotel', 'Rodeway Inn 1', 'Fusion Suites Beach 1', 'Khách sạn Ngọc Mai Phú', 'White Dove Hotels', 'Khách sạn Misa 2', 'Alisia Beach Hotel', 'Changed Hotel Belle Maison Parosand 1', 'Changed Hotel Pavilion Hotel 1', 'Changed Hotel The Cartwright Hotel']"
Kiều Nương,"['Thanh Binh Riverside 1', 'Hotel Minh Thắng 2', 'Staybridge Suites', 'Khách sạn Gia Điệu', 'Khách sạn Pansy', 'Four Points', 'Khách sạn Đông Dương', 'Changed Hotel Satya Hotel', 'Changed Hotel Khách sạn Essenza Hotel & Spa', 'Changed Hotel Aira Boutique Hotel & Spa']"
Hoàng Yến,"['Belle Maison Parosand 1', 'White Dove Hotels', 'Soho Boutique Hotel', 'Fusion Suites Beach 1', 'Richico Apartments And Hotel', 'Wonder Resort', 'Rodeway Inn 1', 'Changed Hotel TTC Ngọc Lan Hotel', 'Changed Hotel River Town Hotel 1', 'Changed Hotel Pavilion Hotel 1']"
Ðình Hảo,"['Historic Hotel 1', 'Khách sạn Gia Điệu 2', 'Serene Danang Hotel 2', 'Sizzling inn 1', 'Villa Florence', 'Soho Boutique Hotel 1', 'Super 8', 'Changed Hotel Pun corner homestay', 'Changed Hotel TTC Ngọc Lan Hotel 1', 'Changed Hotel Satya Hotel 1']"
Hoàng Mai,"['Candlewood Hotel', 'Aloft Chicago', 'Lasenta Boutique Hotel 1', 'Thanh Binh Riverside', 'Aira Boutique Hotel & Spa', 'Pavilion Hotel', 'Denali Perch Resort', 'Changed Hotel Khách sạn Sekong', 'Changed Hotel TTC Ngọc Lan Hotel 1', 'Changed Hotel Richico Apartments And Hotel 1']"
Bá Thúc,"['Khách sạn Hải Uyên', 'Khách sạn Đông Dương', 'Khách sạn An An 1', 'Khách sạn Rum Vàng', 'Historic Hotel 2', 'Serene Danang Hotel', 'Khách sạn Sekong', 'Changed Hotel Khách sạn Lan Anh 1', 'Changed Hotel Khách sạn Ngọc Mai Phú 2', 'Changed Hotel Lasenta Boutique Hotel 1']"
Hoàng Khang,"['Khách sạn Tuấn Vinh', 'Khách sạn Raon Beach', 'Four Seasons Hotel Gresham Palace', 'Khách sạn Misa', 'The Maxwell', 'Thanh Binh Riverside', 'Hampton Inn & Suites', 'Changed Hotel Khách sạn Phú Hòa', 'Changed Hotel Khách Sạn De An', 'Changed Hotel Jolly House Đà Lạt']"
Thục Tâm,"['The James New York', 'Ancient House Resort & Spa', 'Cabrillo Inn & Suites', 'Historic Hotel 2', 'Four Seasons Hotel Gresham Palace 1', 'Khách sạn River Prince', 'Khách sạn Đông Dương', 'Changed Hotel TTC Ngọc Lan Hotel 1', 'Changed Hotel Oxford Suites 1', 'Changed Hotel Khách sạn Essenza Hotel & Spa']"
Việt Hồng,"['Khách sạn An An', 'Serene Danang Hotel 1', 'Khách sạn Misa 2', 'Belle Maison Parosand', 'Thanh Binh Riverside 1', 'Pavilion Hotel 1', 'Four Points', 'Changed Hotel Staybridge Suites', 'Changed Hotel Sizzling inn 1', 'Changed Hotel Alisia Beach Hotel 2']"
Vạn Thắng,"['Fusion Suites Beach', 'White Dove Hotels 1', 'Khách sạn River Prince 1', 'Khách sạn Misa 1', 'Serene Danang Hotel 1', 'Khách sạn Lan Anh', 'Lasenta Boutique Hotel', 'Changed Hotel Aloft Chicago', 'Changed Hotel Sizzling inn', 'Changed Hotel Satya Hotel']"
Ðức Mạnh,"['Khách sạn Đông Dương', 'Cabrillo Inn & Suites', 'Four Points', 'Historic Hotel 2', 'Khách sạn Essenza Hotel & Spa', 'Khách sạn Hải Uyên', 'Khách sạn Sekong', 'Changed Hotel Khách sạn Lan Anh 1', 'Changed Hotel Gemma Hotel & Apartment', 'Changed Hotel Khách sạn An An 1']"
Ngọc San,"['Chic Land', 'Alisia Beach Hotel 1', 'River Suites', 'Rodeway Inn 1', 'Satya Hotel 1', 'Cabrillo Inn & Suites', 'Hampton Inn & Suites', 'Changed Hotel Khách sạn Ngọc Mai Phú', 'Changed Hotel Waypoint', 'Changed Hotel Serene Danang Hotel 2']"
Chí Thanh,"['Serene Danang Hotel 1', 'Staybridge Suites', 'Khách sạn An An', 'Khách sạn Essenza Hotel & Spa 1', 'Grand Gold', 'Khách sạn An An 1', 'Waypoint', 'Changed Hotel Tropical Villa', 'Changed Hotel Fusion Suites Beach', 'Changed Hotel Belle Maison Parosand']"
Minh Hưng,"['River Town Hotel 1', 'SaoConDor Hotel', 'Fusion Suites Beach 1', 'White Dove Hotels', 'Jolly House Đà Lạt', 'Wonder Resort', 'Rodeway Inn 1', 'Changed Hotel Richico Apartments And Hotel', 'Changed Hotel Khách sạn Misa 1', 'Changed Hotel Belle Maison Parosand 1']"
Anh Hương,"['Serene Danang Hotel 2', 'Alisia Beach Hotel 1', 'Satya Hotel 1', 'TTC Ngọc Lan Hotel 1', 'Soho Boutique Hotel 1', 'Historic Hotel 1', 'Venture Hotel', 'Changed Hotel Villa Florence', 'Changed Hotel Chic Land', 'Changed Hotel River Suites']"
Bảo Pháp,"['Royal Place', 'Rooftop Resort', 'Villa Florence', 'Khách sạn Sekong', 'Holiday Inn Express', 'Khách Sạn Raon Apartment & Hotel', 'Khách sạn Lan Anh 1', 'Changed Hotel The Enchanted Garden 1', 'Changed Hotel Aira Boutique Hotel & Spa', 'Changed Hotel River Suites']"
Huyền Trang,"['Historic Hotel 2', 'White Dove Hotels', 'Rodeway Inn 1', 'Khách sạn Rum Vàng', 'Khách sạn Sekong', 'Khách sạn Misa 2', 'Soho Boutique Hotel', 'Changed Hotel Ancient House Resort & Spa', 'Changed Hotel Rooftop Resort', 'Changed Hotel Cabrillo Inn & Suites']"
Minh Đan,"['Soho Boutique Hotel', 'Khách sạn Sekong', 'Four Points', 'Lasenta Boutique Hotel 1', 'Four Seasons Hotel Gresham Palace', 'Khách sạn Phú Hòa', 'Khách sạn Misa', 'Changed Hotel Khách sạn Phú Hòa 1', 'Changed Hotel The Cartwright Hotel', 'Changed Hotel Khách sạn Lan Anh 1']"
Như Mai,"['Oxford Suites', 'The Enchanted Garden 2', 'Rooftop Resort', 'Hampton Inn & Suites', 'Super 8', 'Holiday Inn Express', 'Hotel Lemonade', 'Changed Hotel Khách sạn Gia Điệu 1', 'Changed Hotel Khách sạn Phú Hòa 1', 'Changed Hotel Khách sạn My Ty']"
Khánh,"['Khách Sạn Raon Apartment & Hotel', 'Holiday Inn Express', 'Khách sạn Ngọc Phát', 'Khách sạn Gia Điệu 1', 'Khách sạn An An', 'Royal Place', 'Serene Danang Hotel 2', 'Changed Hotel YN’S HOME – Homestay', 'Changed Hotel Khách sạn An An 1', 'Changed Hotel Khách sạn Misa 2']"
Mai Khôi,"['White Dove Hotels 1', 'Khách sạn Pansy', 'Fusion Suites Beach', 'Khách sạn Misa 1', 'River Town Hotel 1', 'Grand Gold', 'Sizzling inn 1', 'Changed Hotel Sizzling inn', 'Changed Hotel Khách sạn Lan Anh', 'Changed Hotel Belle Maison Parosand']"
Thụy Uyên,"['Four Points', 'Khách sạn Sekong', 'Khách sạn Lan Anh 1', 'The Cartwright Hotel', 'Lasenta Boutique Hotel 1', 'Aira Boutique Hotel & Spa 1', 'Embassy Suites', 'Changed Hotel Khách sạn Đông Dương', 'Changed Hotel Khách sạn Essenza Hotel & Spa', 'Changed Hotel Thanh Binh Riverside 1']"
Thanh Hương,"['Khách sạn River Prince 1', 'Khách sạn An An 1', 'Rodeway Inn 1', 'Khách sạn Ngọc Mai Phú', 'Fusion Suites Beach', 'Soho Boutique Hotel', 'Satya Hotel', 'Changed Hotel Cabrillo Inn & Suites', 'Changed Hotel Khách sạn Gia Điệu 1', 'Changed Hotel Alisia Beach Hotel']"
Hà Hải,"['Khách sạn River Prince 1', 'Khách sạn Gia Điệu 1', 'Belle Maison Parosand', 'Khách sạn Phú Hòa 1', 'Khách sạn Đông Dương', 'Soho Boutique Hotel 1', 'Khách sạn Essenza Hotel & Spa 1', 'Changed Hotel Khách sạn An An 1', 'Changed Hotel Khách sạn Hải Uyên', 'Changed Hotel Alisia Beach Hotel']"
Hạnh Chi,"['Wonder Resort', 'White Dove Hotels', 'Richico Apartments And Hotel', 'The New View', 'Fusion Suites Beach 1', 'Belle Maison Parosand 1', 'River Town Hotel', 'Changed Hotel River Town Hotel 1', 'Changed Hotel Khách sạn Sekong', 'Changed Hotel The Maxwell']"
Trường Liên,"['Belle Maison Parosand 2', 'Jolly House Đà Lạt', 'Satya Hotel 1', 'Belle Maison Parosand', 'River Town Hotel 1', 'Khách sạn Misa 2', 'Super 8', 'Changed Hotel Fusion Suites Beach 1', 'Changed Hotel Pavilion Hotel 1', 'Changed Hotel Sizzling inn 1']"
Khánh Thủy,"['Historic Hotel 1', 'Candlewood Hotel', 'Khách sạn River Prince 1', 'Pavilion Hotel', 'TTC Ngọc Lan Hotel 1', 'Historic Hotel 2', 'Khách sạn Sekong', 'Changed Hotel Aira Boutique Hotel & Spa', 'Changed Hotel Khách sạn An An 1', 'Changed Hotel Khách sạn Gia Điệu 2']"
Xuân Nghi,"['The Cartwright Hotel 1', 'Khách sạn Sekong', 'Historic Hotel 2', 'Khách sạn Rum Vàng', 'Khách sạn Ngọc Mai Phú 2', 'The Enchanted Garden 1', 'Pavilion Hotel', 'Changed Hotel Aira Boutique Hotel & Spa', 'Changed Hotel Rooftop Resort', 'Changed Hotel Lasenta Boutique Hotel 1']"
Dạ,"['Hampton Inn & Suites', 'Satya Hotel 1', 'Oxford Suites', 'Four Seasons Hotel Gresham Palace', 'Khách sạn My Ty', 'Khách sạn Misa', 'Rooftop Resort', 'Changed Hotel Waypoint', 'Changed Hotel Khách sạn Phú Hòa 1', 'Changed Hotel Khách sạn Phú Hòa']"
Hữu Phước,"['Khách sạn Phú Hòa', 'Khách sạn Hồng Tâm', 'Hampton Inn & Suites', 'Khách sạn Phú Hòa 1', 'The New View', 'Oxford Suites', 'Khách sạn River Prince', 'Changed Hotel Khách sạn My Ty', 'Changed Hotel Cabrillo Inn & Suites', 'Changed Hotel Khách sạn Ngọc Mai Phú 1']"
Thiều Ly,"['Rodeway Inn', 'Aira Boutique Hotel & Spa 1', 'Khách sạn Lan Anh 1', 'River Town Hotel', 'Gemma Hotel & Apartment', 'Historic Hotel', 'Alisia Beach Hotel 2', 'Changed Hotel Khách sạn Sekong', 'Changed Hotel The Cartwright Hotel', 'Changed Hotel The Enchanted Garden 1']"
Việt Nhân,"['Khách sạn Misa 1', 'Khách sạn Lan Anh', 'Lasenta Boutique Hotel', 'Aloft Chicago', 'Fusion Suites Beach 1', 'White Dove Hotels 1', 'Khách sạn Hồng Tâm', 'Changed Hotel River Town Hotel 1', 'Changed Hotel White Dove Hotels', 'Changed Hotel Oxford Suites 1']"
Thiện Thanh,"['The Enchanted Garden 2', 'Rooftop Resort', 'Holiday Inn Express', 'Embassy Suites', 'Serene Danang Hotel', 'Four Points', 'Super 8', 'Changed Hotel Khách sạn My Ty', 'Changed Hotel Khách Sạn Raon Apartment & Hotel', 'Changed Hotel Oxford Suites']"
Hường,"['Rodeway Inn 1', 'White Dove Hotels', 'Khách sạn Ngọc Mai Phú', 'Khách sạn Misa 2', 'Cabrillo Inn & Suites', 'Khách sạn River Prince 1', 'Historic Hotel', 'Changed Hotel Historic Hotel 2', 'Changed Hotel Soho Boutique Hotel', 'Changed Hotel Alisia Beach Hotel']"
Ðắc Lộ,"['Satya Hotel 1', 'The Enchanted Garden', 'Tropical Villa', 'Rodeway Inn 1', 'Pavilion Hotel', 'Serene Danang Hotel 1', 'White Dove Hotels', 'Changed Hotel Khách sạn Essenza Hotel & Spa 1', 'Changed Hotel Waypoint', 'Changed Hotel Lasenta Boutique Hotel']"
Mỹ Trang,"['Fusion Suites Beach 1', 'River Town Hotel 1', 'White Dove Hotels', 'Sizzling inn 1', 'Jolly House Đà Lạt', 'Soho Boutique Hotel', 'Richico Apartments And Hotel', 'Changed Hotel Belle Maison Parosand 2', 'Changed Hotel Khách sạn Misa 1', 'Changed Hotel Belle Maison Parosand 1']"
Kiều,"['Soho Boutique Hotel 1', 'Satya Hotel 1', 'Super 8', 'Serene Danang Hotel 2', 'River Suites', 'Sizzling inn 1', 'Historic Hotel 1', 'Changed Hotel Villa Florence', 'Changed Hotel TTC Ngọc Lan Hotel 1', 'Changed Hotel Venture Hotel']"
Hữu Ðịnh,"['Serene Danang Hotel', 'Khách sạn Rum Vàng', 'Aira Boutique Hotel & Spa', 'Khách sạn Sekong', 'Candlewood Hotel', 'Historic Hotel 2', 'Alisia Beach Hotel 1', 'Changed Hotel Richico Apartments And Hotel 1', 'Changed Hotel Khách sạn Ngọc Mai Phú 2', 'Changed Hotel Pavilion Hotel']"
Như Khang,"['Khách sạn Ngọc Mai Phú 2', 'Khách sạn Rum Vàng', 'Khách sạn Sekong', 'Historic Hotel 2', 'Rooftop Resort', 'Lasenta Boutique Hotel 1', 'The Enchanted Garden 1', 'Changed Hotel Serene Danang Hotel', 'Changed Hotel Richico Apartments And Hotel 1', 'Changed Hotel The Cartwright Hotel 1']"
Hồng Thu,"['Jolly House Đà Lạt', 'Fusion Suites Beach 1', 'Sizzling inn 1', 'Alisia Beach Hotel', 'Belle Maison Parosand 2', 'Khách sạn Misa', 'Thanh Binh Riverside', 'Changed Hotel Khách sạn Phú Hòa', 'Changed Hotel Four Seasons Hotel Gresham Palace', 'Changed Hotel River Town Hotel 1']"
Nhật Quốc,"['Belle Maison Parosand 2', 'Belle Maison Parosand', 'River Town Hotel 1', 'Khách sạn Misa 1', 'Pavilion Hotel 1', 'Soho Boutique Hotel', 'White Dove Hotels 1', 'Changed Hotel Fusion Suites Beach 1', 'Changed Hotel Sizzling inn 1', 'Changed Hotel Jolly House Đà Lạt']"
Ðức Ân,"['Pavilion Hotel 1', 'Staybridge Suites', 'Alisia Beach Hotel 2', 'Historic Hotel 2', 'White Dove Hotels', 'Venture Hotel', 'Satya Hotel 1', 'Changed Hotel Khách sạn Misa 2', 'Changed Hotel Soho Boutique Hotel', 'Changed Hotel Rodeway Inn 1']"
Hữu Thiện,"['San Marino Boutique', 'Holiday Inn Express', 'Sizzling inn', 'Lasenta Boutique Hotel', 'Super 8', 'Aloft Chicago', 'Khách sạn Lan Anh', 'Changed Hotel Khách sạn Misa 1', 'Changed Hotel Khách Sạn Raon Apartment & Hotel', 'Changed Hotel Oxford Suites 1']"
Hữu Thắng,"['Khách sạn Lan Anh 1', 'Four Points', 'Khách sạn Đông Dương', 'The Cartwright Hotel', 'Lasenta Boutique Hotel 1', 'Khách sạn Ngọc Mai Phú', 'Rooftop Resort', 'Changed Hotel Khách sạn Sekong', 'Changed Hotel Khách sạn Essenza Hotel & Spa', 'Changed Hotel Rodeway Inn']"
Hữu Long,"['Khách sạn Raon Beach', 'Khách sạn Tuấn Vinh', 'Alisia Beach Hotel 2', 'Rodeway Inn 1', 'Venture Hotel', 'The Maxwell', 'Alisia Beach Hotel', 'Changed Hotel Khách sạn Ngọc Mai Phú', 'Changed Hotel Khách Sạn De An', 'Changed Hotel TTC Ngọc Lan Hotel']"
Minh Hiếu,"['Paris Deli Beach Hotel', 'Villa Florence', 'Holiday Inn Express', 'Thanh Binh Riverside 1', 'Khách sạn Gia Điệu', 'Khách sạn Sekong', 'Serene Danang Hotel 1', 'Changed Hotel Aira Boutique Hotel & Spa 1', 'Changed Hotel Denali Perch Resort', 'Changed Hotel Super 8']"
Duy Tiếp,"['Khách sạn Tuấn Vinh 1', 'Khách sạn Gia Điệu', 'White Dove Hotels', 'Richico Apartments And Hotel', 'Denali Perch Resort', 'Staybridge Suites', 'River Town Hotel 1', 'Changed Hotel Wonder Resort', 'Changed Hotel Duy Cảnh Homestay', 'Changed Hotel The New View']"
Lương Tài,"['Villa Florence', 'Satya Hotel 1', 'Super 8', 'Aira Boutique Hotel & Spa', 'Khách sạn Sekong', 'Paris Deli Beach Hotel', 'TTC Ngọc Lan Hotel 1', 'Changed Hotel Richico Apartments And Hotel', 'Changed Hotel Cabrillo Inn & Suites', 'Changed Hotel Soho Boutique Hotel 1']"
Kim Thanh,"['Staybridge Suites 1', 'London House', 'Khách sạn Ngọc Phát', 'Tropical Villa', 'Pavilion Hotel 1', 'Khách Sạn De An', 'TTC Ngọc Lan Hotel', 'Changed Hotel Pavilion Hotel', 'Changed Hotel Soho Boutique Hotel', 'Changed Hotel Khách sạn Misa']"
