Hotel Name,Recommendations
Sapa Jade Hill Resort & Spa,"['Lady Hill Sapa Resort', 'Changed Hotel 78', 'Changed Hotel 238', 'Ville De Mont Mountain Resort', 'The View Sapa Hotel', 'Changed Hotel 155', 'SaPa Peace Valley hotel', 'Sapa Pine Hill Eco Lodge', 'My Boutique Hotel & Spa', 'Sapa Topaz Hotel & Spa']"
Sapa Snow Hotel,"['The View Sapa Hotel', 'Sapa Melody Hotel', 'SAPA FULL HOUSE HOTEL', 'Sapa Valley view hotel', 'Liberty Sapa Hotel', 'Changed Hotel 211', 'Changed Hotel 28', 'Ehome Sapa', 'Sapa Hills Hotel', 'Changed Hotel 219']"
Lustig Hostel,"['Changed Hotel 152', 'Changed Hotel 11', 'Changed Hotel 7', 'May Nui Sa Pa Hostel', 'Sapa Signature Inn', 'HeLLo Sapa Hotel', 'Minh Hưng Hostel', 'My Dream Hotel 1', 'The View Sapa Hotel', 'Tubotel Sapa']"
Surelee Homestay,"[""My's Homestay sapa"", 'Changed Hotel 60', 'Changed Hotel 12', ""Sapa's Soul homestay"", 'Hmong Culture Homestay', 'Dzay house homestay', 'Changed Hotel 134', 'Tavan View Homestay', 'Vietoutdoors Homestay', 'Sapa Dao Homestay']"
SaPa Retreat Condotel,"['Chapa Farmstay - Mountain Retreat', 'The View Sapa Hotel', 'Changed Hotel 235', 'Changed Hotel 64', 'Changed Hotel 67', 'Sapa View Hotel', 'Sapa Melody Hotel', 'Sapa Snow Hotel', 'Sapa Family House 2', 'Sapa Peaceful Hotel']"
Goong House,"['Changed Hotel 129', 'SaPa Farmer House', 'Changed Hotel 226', 'Sapa Rosie House', 'River mountain view homestay', 'De Amor House & Coffee', 'Changed Hotel 108', 'Sapa Bamboo Eco', 'Camellia Guest House', 'Chapa Stream House']"
Camellia Guest House,"['Manh Linh Guest house', 'Changed Hotel 176', 'SAPA FULL HOUSE HOTEL', 'Sapa Mountain Queen House', 'Hmong Wooden Home', 'Changed Hotel 115', 'Mintu Home', 'The Upper House Sapa', 'Changed Hotel 239', 'Minh Anh Guesthouse']"
Himalaya Sapa Hostel,"['Lustig Hostel', 'Flaco Hostel Sapa', 'HeLLo Sapa Hotel', 'Sapa Odyssey Hostel', 'SAPA FULL HOUSE HOTEL', 'Sapa View Hotel', 'Changed Hotel 37', 'Changed Hotel 174', 'Changed Hotel 186', 'Nghiêng Sapa Hotel']"
My's Homestay sapa,"['Changed Hotel 3', 'Changed Hotel 140', 'Dzay house homestay', 'Hmong Culture Homestay', 'Sapa Orange Homestay', 'Sapa Eco Homestay', 'You hour homestay', 'Changed Hotel 85', 'ChienDe Homestay', 'Sapa Riverside Homestay']"
Sapa Alley Homestay,"['Sapa Melody Hotel', 'Sapa Valley view hotel', 'Sapa Snow Hotel', 'Changed Hotel 96', 'Changed Hotel 28', 'Sapa Centre Hotel', 'Rainbow Sa Pa Hotel', 'Sapa Clover Hotel', 'You hour homestay', 'Changed Hotel 219']"
Eden Boutique Hotel & Spa,"['Eden Central Hotel & Spa', 'My Boutique Hotel & Spa', 'My Gallery Boutique Hotel & Spa', 'Sapa Dragon Hotel', 'Changed Hotel 193', 'Changed Hotel 251', 'Sapa View Hotel', 'Sapa Lavie Hotel & Spa', 'Nomadtrails Boutique Sapa Hotel', 'Changed Hotel 44']"
Flaco Hostel Sapa,"['Sapa Odyssey Hostel', 'Minh Hưng Hostel', 'May Nui Sa Pa Hostel', 'Lustig Hostel', 'Sapa Signature Inn', 'Rainbow Sa Pa Hotel', 'Changed Hotel 7', 'Ehome Sapa', 'Changed Hotel 232', 'Changed Hotel 37']"
Sapa Riverside Homestay,"['Changed Hotel 134', 'Changed Hotel 128', 'Sapa Dao Homestay', 'Sapa Riverside Ecolodge & Spa', 'Surelee Homestay', 'Changed Hotel 85', 'Vietoutdoors Homestay', 'Sapa Eco Homestay', 'Sapa Orange Homestay', 'Lanh Sapa Homestay']"
Sapa Paramount Hotel,"['Paramount Homestay', 'Sapa Village Hotel', 'Changed Hotel 41', 'Changed Hotel 22', 'May Ho Hotel Sapa', 'Changed Hotel 120', 'Sapa Valley view hotel', 'Sapa Legend Hotel & Spa', 'SAPA FULL HOUSE HOTEL', 'Liberty Sapa Hotel']"
DeLaSol Sapa Hotel,"['Changed Hotel 96', 'Sapa View Hotel', 'Sapa Star Hotel', 'Helios Sapa Hotel', 'Sapa Lodge Hotel', 'Mimosa Hotel Sapa', 'Changed Hotel 84', 'Liberty Sapa Hotel', 'Changed Hotel 237', 'Sapa Dragon Hotel']"
Cat Cat Galerie d’Art,"['Changed Hotel 23', 'Changed Hotel 109', 'Sapa Centre Hotel', 'Orchids Hotel', 'Helios Sapa Hotel', 'SaPa Peace Valley hotel', 'Minh Quang Hotel Sapa', 'Alpha Villa', 'Changed Hotel 111', 'SAPA FULL HOUSE HOTEL']"
Dang Khoa Garden Inn,"['Changed Hotel 118', 'Nguyen Dang Guesthouse', 'Sapa Friendly Inn & Travel', 'SAPA FULL HOUSE HOTEL', 'Sapa Signature Inn', 'Helios Sapa Hotel', 'Changed Hotel 35', 'The Upper House Sapa', 'Sapa Melody Hotel', 'Changed Hotel 244']"
May Ho Hotel Sapa,"['Sapa Star Hotel', 'H&T Luxury Hotel', 'ChiChi Hotel Sapa', 'Sapa Van Hung Hotel', 'Tiger Sapa hotel', 'Changed Hotel 67', 'Cherry Hotel', 'Changed Hotel 164', 'Changed Hotel 217', 'Rainbow Sa Pa Hotel']"
Le Chapa Hotel & Spa,"['Le Bordeaux Sapa Hotel', 'Chapa Farmstay - Mountain Retreat', 'Chapa Stream House', 'My Boutique Hotel & Spa', 'Eden Central Hotel & Spa', 'HAPPY FAMILY HOTEL', 'Changed Hotel 164', 'Changed Hotel 174', 'Changed Hotel 109', 'My Gallery Boutique Hotel & Spa']"
My Gallery Boutique Hotel & Spa,"['My Boutique Hotel & Spa', 'Eden Boutique Hotel & Spa', 'Nomadtrails Boutique Sapa Hotel', 'Sapa View Hotel', 'Sharaton Boutique Hotel', 'Changed Hotel 47', 'Changed Hotel 23', 'Changed Hotel 14', 'Le Bordeaux Sapa Hotel', 'Sapa Lodge Hotel']"
Pao's Sapa Leisure Hotel,"['Changed Hotel 94', 'HOTEL DE SAPA', 'Sapa View Hotel', 'Changed Hotel 96', 'ChiChi Hotel Sapa', 'Pistachio Hotel Sapa', 'Tubotel Sapa', 'Liberty Sapa Hotel', 'Sapa Mountain City Hotel', 'Changed Hotel 35']"
Sapa Capsule Hotel,"['Sapa Capsule Hotel 1', 'Sapa Garden Hotel', 'Changed Hotel 70', 'Nghiêng Sapa Hotel', 'Sapa View Hotel', 'Changed Hotel 96', 'Himalaya Sapa Hostel', 'Sapa Dragon Hotel', 'Changed Hotel 111', 'Lotus Aroma Sapa Hotel']"
Lacasa Sapa Hotel,"['Sapa Star Hotel', 'May Ho Hotel Sapa', 'SAPA FULL HOUSE HOTEL', 'Changed Hotel 198', 'Sapa Dragon Hotel', 'Liberty Sapa Hotel', 'Saparis Hotel', 'Changed Hotel 28', 'Changed Hotel 211', 'The View Sapa Hotel']"
Liberty Sapa Hotel,"['Tiger Sapa hotel', 'ChiChi Hotel Sapa', 'SAPA FULL HOUSE HOTEL', 'Sapa Mountain City Hotel', 'Sapa View Hotel', 'Changed Hotel 120', 'Changed Hotel 1', 'Changed Hotel 185', 'Tubotel Sapa', 'Sapa Valley view hotel']"
Sapa Tay Bac Home,"['Tay Bac Sky Homestay', 'D Home Sapa 2', 'D Home Sapa', 'Changed Hotel 116', 'Changed Hotel 77', 'Sunset View Home', 'Hmong Wooden Home', 'Sapa Stay', 'Changed Hotel 218', 'Sapa Snow Hotel']"
Camellia Guest House 1,"['Sunset View Home 3', 'Cherry Hoa Dao 1', 'Changed Hotel 175', 'Minh Anh Guesthouse 7', 'Changed Hotel 311', 'Hotel Sao Xanh 2', 'sapa eco terraces 6', 'Sapa House Hotel', 'Sunset View Home 2', 'Changed Hotel 319']"
Sapa Clover Hotel,"['Sapa Melody Hotel', 'The View Sapa Hotel', 'Sapa View Hotel', 'Sapa Snow Hotel', 'Aurora SaPa Hotel', 'Changed Hotel 111', 'Changed Hotel 193', 'Changed Hotel 120', 'Sapa Lavie Hotel & Spa', 'Rainbow Sa Pa Hotel']"
My Boutique Hotel & Spa,"['Eden Boutique Hotel & Spa', 'My Gallery Boutique Hotel & Spa', 'Changed Hotel 241', 'Sapa View Hotel', 'Sharaton Boutique Hotel', 'KK Sapa Hotel', 'Changed Hotel 193', 'Sapa Centre Hotel', 'The View Sapa Hotel', 'Changed Hotel 102']"
Sapa Vista Hotel,"['The View Sapa Hotel', 'Sapa Snow Hotel', 'Sapa Valley view hotel', 'Sapa Hills Hotel', 'Changed Hotel 67', 'Sapa Centre Hotel', 'Sapa Melody Hotel', 'Changed Hotel 172', 'Vip Sapa Hotel', 'Changed Hotel 164']"
Sapa Topaz Hotel & Spa,"['The View Sapa Hotel', 'Sapa Star Hotel', 'HAPPY FAMILY HOTEL', 'Changed Hotel 37', 'Changed Hotel 164', 'Tubotel Sapa', 'Sapa Centre Hotel', 'Changed Hotel 1', 'Sapa Valley view hotel', 'Sapa Lavie Hotel & Spa']"
Azure Sapa Hotel,"['The View Sapa Hotel', 'Sapa Lodge Hotel', 'DeLaSol Sapa Hotel', 'Changed Hotel 237', 'Liberty Sapa Hotel', 'Sapa Star Hotel', 'Sapa Valley view hotel', 'Changed Hotel 146', 'Mimosa Hotel Sapa', 'Changed Hotel 67']"
Ladybird Sapa Hotel,"['Sapa View Hotel', 'Sapa Star Hotel', 'Sapa Lodge Hotel', 'The View Sapa Hotel', 'Sapa Cloud Hotel', 'Sapa Hills Hotel', 'Changed Hotel 237', 'ChiChi Hotel Sapa', 'Changed Hotel 188', 'Changed Hotel 193']"
Sapa House Hotel,"['Changed Hotel 64', 'Changed Hotel 295', 'Alpha Villa', 'You hour homestay', 'May Ho Hotel Sapa', 'Song Anh Hotel Sapa', 'Hung Vuong hotel', 'sapa eco terraces 4', 'Hotel Sao Xanh 5', 'Changed Hotel 115']"
Sapa Elite Hotel,"['Homestay Discovery Sapa 4', 'Sharaton Boutique Hotel 3', 'Sharaton Boutique Hotel 8', 'Changed Hotel 307', 'Changed Hotel 302', 'Minh Anh Guesthouse 2', 'Vip Sapa Hotel 3', 'Changed Hotel 349', 'Tạo Phượng Sa Pa Hotel 1', 'Son Ha Hotel SAPA 1']"
Son Ha Sapa Hotel Plus,"['Changed Hotel 120', 'Sapa Lodge Hotel', 'Mai Vàng Hotel', 'Sapa View Hotel', 'SaPa Peace Valley hotel', 'Liberty Sapa Hotel', 'Changed Hotel 67', 'The View Sapa Hotel', 'Changed Hotel 237', 'Sapa Melody Hotel']"
Sapa Centre Hotel,"['Sapa Melody Hotel', 'The View Sapa Hotel', 'Changed Hotel 241', 'Aurora SaPa Hotel', 'ChiChi Hotel Sapa', 'Sapa Star Hotel', 'Sapa Vista Hotel', 'Changed Hotel 69', 'Changed Hotel 102', 'My Boutique Hotel & Spa']"
Sapa Mountain Queen House,"['SAPA FULL HOUSE HOTEL', 'Changed Hotel 260', 'Sapa View Hotel', 'The Upper House Sapa', 'Changed Hotel 113', 'My Dream Hotel 1', 'Sapa Dragon Hotel', 'ChiChi Hotel Sapa', 'The View Sapa Hotel', 'Changed Hotel 111']"
Sapa Melody Hotel,"['Sapa Snow Hotel', 'Sapa Valley view hotel', 'Changed Hotel 96', 'Rainbow Sa Pa Hotel', 'Sapa Centre Hotel', 'Sapa Star Hotel', 'Changed Hotel 102', 'Beautiful Sapa Hotel', 'Changed Hotel 69', 'SAPA FULL HOUSE HOTEL']"
Paris Boutique Hotel Sapa,"['Nomadtrails Boutique Sapa Hotel', 'Sapa Wings Hotel', 'My Boutique Hotel & Spa', 'Pi’s Boutique Sapa', 'Changed Hotel 10', 'Changed Hotel 81', 'My Gallery Boutique Hotel & Spa', 'Liberty Sapa Hotel', 'SAPA FULL HOUSE HOTEL', 'Changed Hotel 13']"
Sapa Pine Hill Eco Lodge,"['Sapa Lodge Hotel', 'Hmong Eco Villas', 'Swing Sa Pa Homestay', 'sapa eco terraces', 'Changed Hotel 104', 'Sapa Eco Homestay', 'The Upper House Sapa', 'Changed Hotel 76', 'Changed Hotel 222', 'Alpha Villa']"
Green Sapa Homestay,"['You hour homestay', 'Changed Hotel 193', 'SAPA GREEN FOREST HOTEL', 'Sapa Fantasea Homestay', 'Sapa Tatu Homestay', 'Love House Sapa', 'Changed Hotel 259', 'River mountain view homestay', ""Sapa's Soul homestay"", 'Changed Hotel 151']"
Phuong Nam Hotel,"['Sapa Paramount Hotel', 'Changed Hotel 111', 'Lacasa Sapa Hotel', 'Changed Hotel 70', 'The View Sapa Hotel', 'Changed Hotel 28', 'Sapa Star Hotel', 'May Ho Hotel Sapa', 'Tạo Phượng Sa Pa Hotel', 'Sapa Freesia Hotel']"
Nomadtrails Boutique Sapa Hotel,"['Sapa Valley view hotel', 'My Gallery Boutique Hotel & Spa', 'Sapa Melody Hotel', 'SAPA FULL HOUSE HOTEL', 'Changed Hotel 120', 'Sapa Lodge Hotel', 'Mimosa Hotel Sapa', 'Changed Hotel 96', 'Changed Hotel 52', 'Liberty Sapa Hotel']"
Mimosa Hotel Sapa,"['Sapa Mountain City Hotel', 'Changed Hotel 174', 'The View Sapa Hotel', 'Changed Hotel 120', 'SAPA FULL HOUSE HOTEL', 'Sapa View Hotel', 'Changed Hotel 23', 'Helios Sapa Hotel', 'DeLaSol Sapa Hotel', 'Sapa Valley view hotel']"
Saparis Hotel,"['Sapa View Hotel', 'Sapa Melody Hotel', 'Changed Hotel 17', 'Sapa Green Hotel', 'Tạo Phượng Sa Pa Hotel', 'Sapa Dragon Hotel', 'Changed Hotel 96', 'Changed Hotel 35', 'DeLaSol Sapa Hotel', 'SAPA FULL HOUSE HOTEL']"
Sapa Panorama Hotel,"['Changed Hotel 212', 'BB Hotel Sapa', 'SAPA FULL HOUSE HOTEL', 'Sapa Sunrise Hotel', 'Lotus Hotel', 'Sapa Praha Hotel', 'Changed Hotel 198', 'Sapa Wings Hotel', 'May Ho Hotel Sapa', 'Changed Hotel 72']"
Son Ha Hotel SAPA,"['Son Ha Sapa Hotel Plus', 'Cat Cat Galerie d’Art', 'Changed Hotel 122', 'Sapa Village Hotel', 'Sapa Panorama Hotel', 'Anise Sapa Hotel', 'Phuong Nam Hotel', 'Changed Hotel 92', 'SAPA FULL HOUSE HOTEL', 'Changed Hotel 164']"
Eden Central Hotel & Spa,"['Changed Hotel 10', 'Changed Hotel 27', 'HAPPY FAMILY HOTEL', 'Sapa View Hotel', 'Sapa Lavie Hotel & Spa', 'Changed Hotel 120', 'The View Sapa Hotel', 'Sapa Centre Hotel', 'Sapa Dragon Hotel', 'HOTEL DE SAPA']"
London Sa Pa Hotel,"['Tiger Sapa hotel', 'Changed Hotel 67', 'Liberty Sapa Hotel', 'ChiChi Hotel Sapa', 'Sapa Snow Hotel', 'Sapa View Hotel', 'Changed Hotel 96', 'Sapa Hills Hotel', 'Sapa Vista Hotel', 'Changed Hotel 185']"
Botanic Sapa Hotel,"['Changed Hotel 164', 'SAPA FULL HOUSE HOTEL', 'Changed Hotel 96', 'Sapa Melody Hotel', 'ChiChi Hotel Sapa', 'Changed Hotel 120', 'Sapa Hills Hotel', 'My Dream Hotel 1', 'Sapa Lodge Hotel', 'Minh Quang Hotel Sapa']"
Son Ha Hotel SAPA 1,"['Changed Hotel 301', 'Hotel Sao Xanh 9', 'Tạo Phượng Sa Pa Hotel 9', 'Changed Hotel 53', 'sapa eco terraces 8', 'Son Ha Hotel SAPA 2', 'Minh Anh Guesthouse 7', 'Changed Hotel 33', 'Vip Sapa Hotel 4', 'Cherry Hoa Dao 1']"
Mây Núi Homestay,"['Thanh Ha Homestay Sapa', 'Changed Hotel 115', 'You hour homestay', 'Rainbow Sa Pa Hotel', 'Homestay coldwinter Sapa', 'Changed Hotel 196', 'Sapa Center View Hotel', 'Changed Hotel 102', 'Bình Lan Hotel', 'Aurora SaPa Hotel']"
Pi’s Boutique Sapa,"['Nomadtrails Boutique Sapa Hotel', 'Việt Hoa Hotel Sapa', 'Changed Hotel 174', 'Changed Hotel 251', 'Sapa View Hotel', 'Changed Hotel 19', 'Sapa Mountain City Hotel', 'My Boutique Hotel & Spa', 'Mimosa Hotel Sapa', 'Sapa Star Hotel']"
Bonjour Sa Pa Hotel,"['sapa eco terraces 8', 'Changed Hotel 370', 'Changed Hotel 372', 'Changed Hotel 301', 'Son Ha Hotel SAPA 1', 'Sapa Peaceful Hotel 5', 'Pi’s Boutique Sapa 1', 'sapa eco terraces 1', 'Tạo Phượng Sa Pa Hotel 8', 'Cherry Hoa Dao 5']"
Ehome Sapa,"['Sapa Snow Hotel', 'SAPA FULL HOUSE HOTEL', 'The View Sapa Hotel', 'Sapa Centre Hotel', 'Aurora SaPa Hotel', 'Changed Hotel 117', 'Changed Hotel 37', 'Changed Hotel 23', 'Sapa Dragon Hotel', 'Tiger Sapa hotel']"
Sapa Center View Hotel,"['Sapa Melody Hotel', 'The View Sapa Hotel', 'Changed Hotel 147', 'Bình Lan Hotel', 'My Dream Hotel', 'Rainbow Sa Pa Hotel', 'Aurora SaPa Hotel', 'Changed Hotel 164', 'Sapa Star Hotel', 'Changed Hotel 69']"
Quoc Thai Sapa Hotel,"['Helios Sapa Hotel', 'May Ho Hotel Sapa', 'Sapa Star Hotel', 'Changed Hotel 132', 'Love House Sapa', 'The View Sapa Hotel', 'Sapa Van Hung Hotel', 'Changed Hotel 237', 'SaPa Peace Valley hotel', 'Changed Hotel 160']"
Anise Sapa Hotel,"['Sapa Garden Hotel', 'Sapa View Hotel', 'Sapa Praha Hotel', 'Changed Hotel 23', 'Sapa Mountain Queen House', 'Changed Hotel 237', 'Lotus Hotel', 'Changed Hotel 171', 'Sapa Valley view hotel', 'Sapa Green Hotel']"
De Amor House & Coffee,"['Gạo House & Coffee', 'Changed Hotel 192', 'Goong House', 'SAPA FULL HOUSE HOTEL', 'Changed Hotel 108', 'Plum Eco House', 'Sapa Rosie House', ""Lenh's Family House"", 'Dzay house homestay', 'Changed Hotel 115']"
Sapa Village Hotel,"['Sapa Paramount Hotel', 'Tiger Sapa hotel', 'Sapa Centre Hotel', 'Sapa View Hotel', 'Changed Hotel 17', 'Liberty Sapa Hotel', 'Changed Hotel 96', 'Changed Hotel 120', 'Rainbow Sa Pa Hotel', 'Sapa Melody Hotel']"
Sapa Eco Homestay,"['Eco Hills Homestay', 'Sapa Bamboo Eco', 'Surelee Homestay', 'Sapa Dao Homestay', 'Changed Hotel 12', 'Changed Hotel 134', 'Homestay Discovery Sapa', 'sapa eco terraces', 'Changed Hotel 8', ""Sapa's Soul homestay""]"
Sapa Legacy Hotel,"['SAPA GREEN FOREST HOTEL', 'Sapa Valley view hotel', 'Changed Hotel 37', 'Changed Hotel 164', 'Sapa Lodge Hotel', 'Discovery Hotel', 'Sapa Mountain City Hotel', 'SAPA FULL HOUSE HOTEL', 'Changed Hotel 191', 'Sapa Star Hotel']"
Grand Flamant Hotel Sapa,"['Changed Hotel 164', 'Changed Hotel 67', 'ChiChi Hotel Sapa', 'Sapa Grand Hills Hotel Apartments', 'My Dream Hotel 1', 'The View Sapa Hotel', 'Sapa Mountain City Hotel', 'Changed Hotel 185', 'Tùng Lâm Hotel Sapa', 'Botanic Sapa Hotel']"
La Beauté Sa Pa,"['Changed Hotel 209', ""Sapa's Soul homestay"", 'You hour homestay', 'Sunset View Home', 'Vietoutdoors Homestay', 'Bình Lan Hotel', 'Changed Hotel 115', 'Dzay house homestay', 'Changed Hotel 248', 'Tay Bac Sky Homestay']"
Sapa Tatu Homestay,"['Changed Hotel 134', 'Sapa Lodge Hotel', 'Sapa Riverside Homestay', 'Changed Hotel 248', 'Green Sapa Homestay', 'Sapa Fantasea Homestay', 'Homestay Discovery Sapa', 'Tubotel Sapa', 'Sapa Alley Homestay', 'Changed Hotel 245']"
SaPa Farmer House,"['Love House Sapa', 'Goong House', 'sapa eco terraces', 'Mintu Home', 'Sunset View Home', 'Changed Hotel 228', 'Changed Hotel 110', 'Green Sapa Homestay', 'Thanh Ha Homestay Sapa', 'Changed Hotel 67']"
Sapa Hills Hotel,"['Changed Hotel 164', 'SAPA FULL HOUSE HOTEL', 'The View Sapa Hotel', 'Sapa Vista Hotel', 'Sapa Snow Hotel', 'Sapa Star Hotel', 'Sapa Melody Hotel', 'Changed Hotel 123', 'Changed Hotel 174', 'Tiger Sapa hotel']"
SAPA FULL HOUSE HOTEL,"['Sapa View Hotel', 'ChiChi Hotel Sapa', 'Changed Hotel 186', 'Tiger Sapa hotel', 'Sapa Mountain Queen House', 'Changed Hotel 1', 'Liberty Sapa Hotel', 'Sapa Star Hotel', 'The View Sapa Hotel', 'Changed Hotel 185']"
Phủ Giáng Vân Homestay Sapa,"['Changed Hotel 67', 'Minh Quang Hotel Sapa', 'The View Sapa Hotel', 'Nghiêng Sapa Hotel', 'Sapa Melody Hotel', 'Sapa Valley view hotel', 'Changed Hotel 191', 'Changed Hotel 164', 'Sapa Star Hotel', 'Liberty Sapa Hotel']"
Cherry Hotel,"['Cherry Hoa Dao', 'Rainbow Sa Pa Hotel', 'Changed Hotel 102', 'Sapa Melody Hotel', 'Sapa Centre Hotel', 'Aurora SaPa Hotel', 'My Dream Hotel', 'Changed Hotel 217', 'H&T Luxury Hotel', 'Changed Hotel 198']"
Sapa Wings Hotel,"['Phu Quy Hotel Sapa', 'Changed Hotel 23', 'Sapa Star Hotel', 'The View Sapa Hotel', 'Saparis Hotel', 'Changed Hotel 237', 'SAPA FULL HOUSE HOTEL', 'HAPPY FAMILY HOTEL', 'DeLaSol Sapa Hotel', 'Changed Hotel 214']"
HOTEL DE SAPA,"['KK Sapa Hotel', 'Changed Hotel 35', 'Tubotel Sapa', 'Sapa Valley view hotel', 'Changed Hotel 120', 'Sapa View Hotel', 'Changed Hotel 14', 'The View Sapa Hotel', 'Liberty Sapa Hotel', 'Sapa Passion Hotel & Spa']"
Sapa Elegance Hotel,"['Changed Hotel 120', 'Beautiful Sapa Hotel', 'Sapa Wings Hotel', 'Sapa Valley view hotel', 'Sapa Aroma Hotel', 'Changed Hotel 117', 'Changed Hotel 96', 'Amazing Hotel Sapa', 'Sapa Garden Hotel', 'Sapa Panorama Hotel']"
Sin Chai Ecolodge,"['CHI PAU SIN CHAI', 'Sapa Lao Chai View Homestay', 'The Upper House Sapa', 'Sapa Riverside Ecolodge & Spa', 'Changed Hotel 119', 'Changed Hotel 222', 'Changed Hotel 238', 'Sapa Passion Hotel & Spa', 'Hanna Retreat Sapa Villas', 'Liberty Sapa Hotel']"
Ville De Mont Mountain Resort,"['Alpha Villa', 'Sapa Jade Hill Resort & Spa', 'The Pepper King Resort', 'Sapa Peaceful Hotel', 'Lady Hill Sapa Resort', 'Hanna Retreat Sapa Villas', 'Changed Hotel 161', 'Liberty Sapa Hotel', 'Changed Hotel 35', 'Changed Hotel 134']"
Son Ha Hotel SAPA 2,"['Changed Hotel 97', 'Sapa Mushroom Homestay 4', 'Son Ha Hotel SAPA 1', 'Sapa Odyssey Hostel 1', 'Sapa Friendly Inn & Travel 9', 'Sapa Peaceful Hotel 3', 'Changed Hotel 281', 'Tạo Phượng Sa Pa Hotel 6', 'Sapa Mushroom Homestay 6', 'Changed Hotel 295']"
Sapa Eco Bungalows & Spa,"['Sapa Eco Villas & Spa', 'Changed Hotel 60', 'Sapa Bamboo Eco', 'Cơmlam Eco House', 'sapa eco terraces', 'Changed Hotel 39', 'Catcat Garden House', 'Changed Hotel 140', 'Plum Eco House', 'Sapa Riverside Ecolodge & Spa']"
Pavi home,"['Changed Hotel 184', 'D Home Sapa', 'Mintu Home', 'Changed Hotel 79', 'You hour homestay', 'Sapa Dao Homestay', 'Sapa Tay Bac Home', 'young home', 'Changed Hotel 151', 'Sapa Mushroom Homestay']"
BB Sapa Resort & Spa - Formerly Victoria Sapa Resort & Spa,"['Sapa Jade Hill Resort & Spa', 'Silk Path Grand Resort & Spa Sapa', 'Lady Hill Sapa Resort', 'Aliana Boutique Sapa Hotel & Spa', 'The Pepper King Resort', 'Changed Hotel 177', 'BB Hotel Sapa', 'Sapa Legend Hotel & Spa', 'Changed Hotel 20', 'Changed Hotel 104']"
Hmong Wooden Home,"['Changed Hotel 128', 'D Home Sapa', 'Mintu Home', 'Changed Hotel 184', 'Changed Hotel 6', 'Black Hmong View hotel', 'SAPA FULL HOUSE HOTEL', 'Hmong Eco Villas', 'Sunset View Home', 'Pavi home']"
Sapa Capsule Hotel 1,"['Sapa Peaceful Hotel 5', 'Changed Hotel 342', 'Sapa Capsule Hotel', 'Tạo Phượng Sa Pa Hotel 3', 'Cherry Hoa Dao 4', 'Tạo Phượng Sa Pa Hotel 1', 'Changed Hotel 368', 'Changed Hotel 279', 'Sapa Friendly Inn & Travel 4', 'Minh Anh Guesthouse 8']"
Sapa Legend Hotel & Spa,"['The View Sapa Hotel', 'Changed Hotel 181', 'Sapa View Hotel', 'Changed Hotel 120', 'DeLaSol Sapa Hotel', 'Liberty Sapa Hotel', 'Sapa Lodge Hotel', 'Botanic Sapa Hotel', 'Changed Hotel 198', 'Sapa Valley view hotel']"
Mekhoo & Zizi Sapa Homestay,"['Changed Hotel 203', 'You hour homestay', ""My's Homestay sapa"", 'River mountain view homestay', 'Changed Hotel 9', 'Changed Hotel 159', 'Sapa Orange Homestay', 'Sapa Garden Hotel', 'Surelee Homestay', 'Hmong Culture Homestay']"
Chapa Farmstay - Mountain Retreat,"['The View Sapa Hotel', 'Hung Vuong hotel', 'Chapa Stream House', 'ChiChi Hotel Sapa', 'Sapa Melody Hotel', 'Changed Hotel 164', 'SaPa Retreat Condotel', 'Changed Hotel 117', 'D Home Sapa 2', 'Changed Hotel 210']"
Le Bordeaux Sapa Hotel,"['Sapa Lodge Hotel', 'Sapa View Hotel', 'DeLaSol Sapa Hotel', 'SAPA FULL HOUSE HOTEL', 'Changed Hotel 119', 'Sapa Centre Hotel', 'Sapa Star Hotel', 'Changed Hotel 191', 'Changed Hotel 37', 'ChiChi Hotel Sapa']"
Sapa's Soul homestay,"['Tavan View Homestay', 'You hour homestay', 'La Beauté Sa Pa', 'Sapa Dao Homestay', 'Changed Hotel 12', 'Eco Hills Homestay', 'Changed Hotel 3', 'Vietoutdoors Homestay', 'Changed Hotel 226', 'Sapa Eco Homestay']"
River mountain view homestay,"['Dzay house homestay', 'Changed Hotel 134', 'Changed Hotel 159', 'Changed Hotel 60', 'Eco Hills Homestay', 'Sapa Fantasea Homestay', ""Sapa's Soul homestay"", 'Sunset View Home', 'Green Sapa Homestay', 'Mountain Light Homestay']"
BB Hotel Sapa,"['Sapa Freesia Hotel', 'Aliana Boutique Sapa Hotel & Spa', 'Changed Hotel 92', 'Changed Hotel 171', 'Sapa Star Hotel', 'Amazing Hotel Sapa', 'Changed Hotel 81', 'Sapa Panorama Hotel', 'Sapa Snow Hotel', 'May Ho Hotel Sapa']"
Plum Eco House,"['Cơmlam Eco House', 'Eco Hills Homestay', 'Love House Sapa', 'Changed Hotel 60', 'Changed Hotel 67', 'The Upper House Sapa', 'Changed Hotel 240', 'Sapa Mountain Queen House', 'Sapa Bamboo Eco', 'Dzay house homestay']"
Sapa Freesia Hotel,"['Changed Hotel 212', 'Amazing Hotel Sapa', 'Sapa Praha Hotel', 'Aliana Boutique Sapa Hotel & Spa', 'Changed Hotel 87', 'Sapa Legend Hotel & Spa', 'Changed Hotel 70', 'Phuong Nam Hotel', 'En Hotel Sapa', 'May Ho Hotel Sapa']"
Sapa Dragon Hotel,"['Sapa Green Hotel', 'Changed Hotel 96', 'Sapa View Hotel', 'Sapa Star Hotel', 'SAPA FULL HOUSE HOTEL', 'Sapa Centre Hotel', 'Sapa Melody Hotel', 'Changed Hotel 14', 'Changed Hotel 260', 'Sapa Cloud Hotel']"
Khen Mong Nature Hotel,"['Ngua Bay Hotel', 'Sapa View Hotel', 'Changed Hotel 31', 'Sapa Hills Hotel', ""Lenh's Family House"", 'Việt Hoa Hotel Sapa', 'Sapa Lodge Hotel', 'Changed Hotel 1', 'Changed Hotel 96', 'Sapa Stay']"
Sapa Praha Hotel,"['Changed Hotel 171', 'Lotus Hotel', 'Sapa Freesia Hotel', 'Changed Hotel 70', 'Liberty Sapa Hotel', 'Sapa Aroma Hotel', 'Phuong Nam Hotel', 'Sapa Star Hotel', 'Sapa Valley view hotel', 'Changed Hotel 67']"
Catcat Garden House,"['Love House Sapa', 'The Upper House Sapa', 'Dzay house homestay', 'Changed Hotel 161', 'Changed Hotel 60', 'Surelee Homestay', 'Changed Hotel 119', 'Arista Homestay', 'You hour homestay', 'Saigonese Trekking House']"
KK Sapa Hotel,"['My Boutique Hotel & Spa', 'HOTEL DE SAPA', 'Sapa View Hotel', 'Tubotel Sapa', 'Liberty Sapa Hotel', ""Pao's Sapa Leisure Hotel"", 'SAPA FULL HOUSE HOTEL', 'Changed Hotel 198', 'Changed Hotel 35', 'Changed Hotel 14']"
Chau Long Sapa 2 Hotel,"['Son Ha Hotel SAPA', 'HOTEL DE SAPA', 'Pistachio Hotel Sapa', 'Beautiful Sapa Hotel', 'Changed Hotel 177', 'Anise Sapa Hotel', 'Changed Hotel 94', 'Sapa Garden Bed and Breakfast', 'Changed Hotel 45', 'Sapa Valley view hotel']"
The View Sapa Hotel,"['Changed Hotel 1', 'Sapa Valley view hotel', 'Sapa View Hotel', 'Changed Hotel 14', 'Sapa Melody Hotel', 'Changed Hotel 117', 'Sapa Star Hotel', 'Sharaton Boutique Hotel', 'Sapa Centre Hotel', 'Nghiêng Sapa Hotel']"
Sapa Jade Hill Resort & Spa 1,"['Son Ha Hotel SAPA 2', 'Sharaton Boutique Hotel 4', 'sapa eco terraces 3', 'Changed Hotel 290', 'Sapa Peaceful Hotel 2', 'Aliana Boutique Sapa Hotel & Spa 1', 'Sapa Jade Hill Resort & Spa', 'Sharaton Boutique Hotel 9', 'Changed Hotel 277', 'Changed Hotel 329']"
Sơn Trang Hotel,"['Love House Sapa', 'Changed Hotel 210', 'Changed Hotel 132', 'Alpha Villa', 'Discovery Hotel', 'Sapa Van Hung Hotel', 'Changed Hotel 191', 'You hour homestay', 'Nguyen Dang Guesthouse', 'Quoc Thai Sapa Hotel']"
Sapa Grand Hills Hotel Apartments,"['Sapa Hills Hotel', 'Grand Flamant Hotel Sapa', 'Sapa View Hotel', 'Liberty Sapa Hotel', 'Changed Hotel 14', 'Changed Hotel 71', 'Sapa Star Hotel', 'Changed Hotel 198', 'Tubotel Sapa', 'The View Sapa Hotel']"
The View Sapa Hotel 1,"['HOTEL DE SAPA 1', 'Changed Hotel 312', 'Sharaton Boutique Hotel 8', 'Changed Hotel 303', 'Changed Hotel 299', 'Vip Sapa Hotel 8', 'Homestay số 91-Suối Hồ Sa Pa 9', 'Minh Anh Guesthouse 5', 'The View Sapa Hotel', 'Sapa Peaceful Hotel 2']"
En Hotel Sapa,"['Sapa Star Hotel', 'Sapa Mountain City Hotel', 'Sapa Lodge Hotel', 'Changed Hotel 111', 'Sapa View Hotel', 'Changed Hotel 96', 'Liberty Sapa Hotel', 'Changed Hotel 67', 'Sapa Stay', 'Sapa Dragon Hotel']"
Hung Vuong hotel,"['Changed Hotel 214', 'Alpha Villa', 'Changed Hotel 69', 'Changed Hotel 156', 'Sapa Melody Hotel', 'The View Sapa Hotel', 'Sapa Centre Hotel', 'My Boutique Hotel & Spa', 'Sapa Lavie Hotel & Spa', 'Bình Lan Hotel']"
Sapa Jungle Homestay,"['You hour homestay', 'Homestay Discovery Sapa', 'Changed Hotel 159', 'Sapa Riverside Homestay', 'Sapa Eco Homestay', ""Sapa's Soul homestay"", 'Changed Hotel 151', 'Homestay coldwinter Sapa', 'Changed Hotel 248', 'Sapa Orange Homestay']"
Sapa Eco Villas & Spa,"['Hmong Eco Villas', 'Changed Hotel 76', 'Changed Hotel 60', 'Changed Hotel 27', 'Hanna Retreat Sapa Villas', 'Sapa Centre Hotel', 'The Upper House Sapa', 'Sapa Riverside Ecolodge & Spa', 'Chapa Stream House', 'Sapa Passion Hotel & Spa']"
Sapa Riverside Ecolodge & Spa,"['Sapa Riverside Homestay', 'Changed Hotel 104', 'River mountain view homestay', 'Chapa Stream House', 'Changed Hotel 137', 'Ngua Bay Hotel', 'The View Sapa Hotel', 'Sapa Eco Bungalows & Spa', 'Sapa Topaz Hotel & Spa', 'Changed Hotel 119']"
Bamboo Sapa Hotel,"['Sapa Bamboo Eco', 'Amazing Hotel Sapa', 'Pistachio Hotel Sapa', 'Sapa Centre Hotel', 'HOTEL DE SAPA', 'Sapa Passion Hotel & Spa', 'Changed Hotel 120', 'KK Sapa Hotel', 'Changed Hotel 57', 'Changed Hotel 222']"
Hoa's homestay Sapa,"['Changed Hotel 203', 'Hmong Culture Homestay', ""My's Homestay sapa"", 'Dzay house homestay', 'River mountain view homestay', 'Sapa Mushroom Homestay', 'Changed Hotel 184', 'Changed Hotel 60', 'Sapa Dao Homestay', 'Sapa Garden Hotel']"
Cơmlam Eco House,"['Plum Eco House', 'Eco Hills Homestay', 'SAPA FULL HOUSE HOTEL', 'Changed Hotel 165', 'sapa eco terraces', 'Hmong Eco Villas', 'The Upper House Sapa', 'Changed Hotel 60', 'Changed Hotel 36', 'Love House Sapa']"
SAPA GREEN FOREST HOTEL,"['Sapa View Hotel', 'SAPA FULL HOUSE HOTEL', 'Sapa Mountain City Hotel', 'Changed Hotel 174', 'Sapa Green Hotel', 'Liberty Sapa Hotel', 'Sapa Valley view hotel', 'Changed Hotel 120', 'Changed Hotel 61', 'Royal Hotel']"
Sapa Rosie House,"['Changed Hotel 67', 'Sapa Mountain Queen House', 'The Upper House Sapa', 'Sapa Valley view hotel', 'Changed Hotel 164', 'Mintu Home', 'Sapa Vista Hotel', 'The View Sapa Hotel', 'Changed Hotel 37', 'Love House Sapa']"
Sapa Valley view hotel,"['The View Sapa Hotel', 'Sapa Melody Hotel', 'Changed Hotel 1', 'SAPA FULL HOUSE HOTEL', 'Changed Hotel 28', 'Changed Hotel 237', 'Liberty Sapa Hotel', 'Sapa Star Hotel', 'Sapa Lodge Hotel', 'Sapa View Hotel']"
Pistachio Hotel Sapa,"['Sapa Centre Hotel', 'Changed Hotel 28', 'Sapa Melody Hotel', 'Changed Hotel 66', 'Changed Hotel 164', 'Sapa Dragon Hotel', 'SAPA FULL HOUSE HOTEL', 'Sapa Star Hotel', 'The View Sapa Hotel', 'Sapa Valley view hotel']"
Sapa Cloud Hotel,"['Sapa View Hotel', 'Changed Hotel 193', 'My Boutique Hotel & Spa', 'Sapa Star Hotel', 'Sapa Dragon Hotel', 'Changed Hotel 35', 'The View Sapa Hotel', 'Ladybird Sapa Hotel', 'Sapa Mountain Queen House', 'Changed Hotel 260']"
Sau Meo Mountain View,"['Sapa View Hotel', 'The View Sapa Hotel', 'Changed Hotel 37', 'Changed Hotel 102', 'SaPa Peace Valley hotel', 'Aurora SaPa Hotel', 'Chapa Farmstay - Mountain Retreat', 'D Home Sapa 2', 'Changed Hotel 35', 'Tubotel Sapa']"
Love House Sapa,"['Homestay coldwinter Sapa', 'You hour homestay', 'Sơn Trang Hotel', 'Changed Hotel 93', 'Changed Hotel 56', 'Arista Homestay', 'Bình Lan Hotel', 'Changed Hotel 156', 'The Upper House Sapa', 'SAPA FULL HOUSE HOTEL']"
Mintu Home,"['Changed Hotel 173', 'D Home Sapa 2', 'The Upper House Sapa', 'Sapa Lodge Hotel', 'Hung Vuong hotel', 'Changed Hotel 79', 'Changed Hotel 49', 'Le Bordeaux Sapa Hotel', 'Alpha Villa', 'My Dream Hotel 1']"
SaPa Peace Valley hotel,"['The View Sapa Hotel', 'SAPA FULL HOUSE HOTEL', 'Changed Hotel 219', 'Sapa Melody Hotel', 'Sapa Stay', 'Changed Hotel 1', 'Rainbow Sa Pa Hotel', 'Changed Hotel 120', 'Sapa Centre Hotel', 'Sapa Valley view hotel']"
Dang Khoa Homestay,"['Dang Khoa Garden Inn', 'Nguyen Dang Guesthouse', 'Changed Hotel 228', 'You hour homestay', 'Sapa Jungle Homestay', 'young home', 'Changed Hotel 64', 'Homestay coldwinter Sapa', 'Alpha Villa', 'Changed Hotel 248']"
Tubotel Sapa,"['Sapa View Hotel', 'Changed Hotel 23', 'HOTEL DE SAPA', 'Changed Hotel 94', 'Sapa Mountain City Hotel', 'The View Sapa Hotel', 'SAPA FULL HOUSE HOTEL', 'Changed Hotel 183', 'The Upper House Sapa', 'ChiChi Hotel Sapa']"
Sapa Star Hotel,"['ChiChi Hotel Sapa', 'Sapa Melody Hotel', 'Sapa View Hotel', 'The View Sapa Hotel', 'May Ho Hotel Sapa', 'SAPA FULL HOUSE HOTEL', 'Changed Hotel 191', 'Changed Hotel 23', 'HAPPY FAMILY HOTEL', 'Changed Hotel 35']"
Discovery Hotel,"['New World Sa Pa Hotel', 'Sapa Mountain City Hotel', 'Changed Hotel 183', 'My Dream Hotel 1', 'Changed Hotel 61', 'ChiChi Hotel Sapa', 'Sapa Star Hotel', 'Sapa View Hotel', 'Changed Hotel 135', 'SAPA FULL HOUSE HOTEL']"
Muong Thanh Sapa Hotel,"['Changed Hotel 46', 'Sapa Village Hotel', 'Changed Hotel 176', 'Sapa Sunrise Hotel', 'THANH XUAN Hotel', 'Changed Hotel 241', 'Lotus Hotel', 'Cat Cat Galerie d’Art', 'My Boutique Hotel & Spa', 'Sapa View Hotel']"
Việt Hoa Hotel Sapa,"['Changed Hotel 164', 'Sapa Lodge Hotel', 'Sapa Hills Hotel', 'Sapa Snow Hotel', 'SAPA FULL HOUSE HOTEL', 'Sapa Melody Hotel', 'Sapa Star Hotel', 'Changed Hotel 211', 'Changed Hotel 23', 'Sapa Valley view hotel']"
Aliana Boutique Sapa Hotel & Spa,"['My Boutique Hotel & Spa', 'Changed Hotel 70', 'Sapa Aroma Hotel', 'Eden Boutique Hotel & Spa', 'Changed Hotel 89', 'My Gallery Boutique Hotel & Spa', 'BB Hotel Sapa', 'Eden Central Hotel & Spa', 'Changed Hotel 171', 'Sapa Passion Hotel & Spa']"
Aliana Boutique Sapa Hotel & Spa 1,"['Hotel Sao Xanh 8', 'Vip Sapa Hotel 2', 'Sapa Wings Hotel 1', 'Hotel Sao Xanh 1', 'Changed Hotel 124', 'Changed Hotel 150', 'Cherry Hoa Dao 5', 'Changed Hotel 374', 'Homestay Discovery Sapa 2', 'Sapa Friendly Inn & Travel 9']"
Ehome Sapa 1,"['Homestay Discovery Sapa 8', 'Homestay số 91-Suối Hồ Sa Pa 5', 'Changed Hotel 138', 'Changed Hotel 270', 'Ehome Sapa', 'Sharaton Boutique Hotel 3', 'Changed Hotel 280', 'sapa eco terraces 3', 'sapa eco terraces 9', 'sapa eco terraces 5']"
Phủ Giáng Vân Homestay Sapa 1,"['Changed Hotel 347', 'Changed Hotel 277', 'Sharaton Boutique Hotel 6', 'Minh Anh Guesthouse 6', 'Sapa Mushroom Homestay 3', 'Sapa Mushroom Homestay 4', 'Sapa Mushroom Homestay 7', 'sapa eco terraces 6', 'Changed Hotel 336', 'Phủ Giáng Vân Homestay Sapa']"
Hmong Culture Homestay,"['Sapa Riverside Homestay', 'Vietoutdoors Homestay', 'Changed Hotel 134', 'ChienDe Homestay', 'Changed Hotel 8', 'Surelee Homestay', 'Hmong Wooden Home', 'Changed Hotel 258', 'Dzay house homestay', 'PO homestay']"
Lenh's Family House,"['Chapa Stream House', 'Changed Hotel 5', 'Dzay house homestay', 'Ngua Bay Hotel', 'Sapa Mushroom Homestay', 'Hmong Culture Homestay', 'Changed Hotel 12', 'Changed Hotel 151', 'SAPA FULL HOUSE HOTEL', 'SaPa Farmer House']"
Phuong Nam Hotel 1,"['Changed Hotel 315', 'sapa eco terraces 6', 'Minh Anh Guesthouse 7', 'sapa eco terraces 9', 'Homestay Discovery Sapa 4', 'Changed Hotel 297', 'Hotel Sao Xanh 4', 'Sapa Wings Hotel 2', 'Changed Hotel 295', 'Vip Sapa Hotel 8']"
HOTEL DE SAPA 1,"['Changed Hotel 100', 'Vip Sapa Hotel 4', 'Minh Anh Guesthouse 5', 'HOTEL DE SAPA', 'Changed Hotel 355', 'Homestay số 91-Suối Hồ Sa Pa 9', 'Vip Sapa Hotel 3', 'Sharaton Boutique Hotel 4', 'Sen Vang 2 Hotel 1', 'Changed Hotel 375']"
Bình Lan Hotel,"['Changed Hotel 166', 'Sapa Melody Hotel', 'Rainbow Sa Pa Hotel', 'Lan Rung Boutique', 'Orchids Hotel', 'Changed Hotel 102', 'Sapa Center View Hotel', 'Changed Hotel 69', 'Homestay coldwinter Sapa', 'Hillyhome Sapa']"
May Casa,"['Changed Hotel 233', 'Sapa Van Hung Hotel', 'Changed Hotel 116', 'D Home Sapa', 'Rainbow Sa Pa Hotel', 'Minh Quang Hotel Sapa', 'H&T Luxury Hotel', 'Changed Hotel 23', 'Sapa Tulip Hotel', 'Sapa Centre Hotel']"
You hour homestay,"['Sapa Riverside Homestay', 'Love House Sapa', 'Sapa Jungle Homestay', 'Homestay coldwinter Sapa', ""Sapa's Soul homestay"", 'Changed Hotel 139', 'Sapa Orange Homestay', 'Sapa Dao Homestay', 'Changed Hotel 40', 'Changed Hotel 209']"
Sapa Royal Orbit Hotel,"['Royal Hotel', 'Sapa Mountain City Hotel', 'Sapa Lodge Hotel', 'Liberty Sapa Hotel', 'ChiChi Hotel Sapa', 'Changed Hotel 67', 'Changed Hotel 111', 'Changed Hotel 121', 'Sapa View Hotel', 'Tom hotel']"
Hmong Eco Villas,"['Sapa Eco Villas & Spa', 'Black Hmong View hotel', 'Chapa Stream House', 'Hmong Culture Homestay', 'sapa eco terraces', 'Changed Hotel 39', 'Changed Hotel 108', 'Changed Hotel 63', 'Eco Hills Homestay', 'Hmong Wooden Home']"
H'mông cổ trấn sapa homestay,"['Changed Hotel 151', 'Hmong Culture Homestay', ""Sapa's Soul homestay"", 'Changed Hotel 258', 'Sapa Riverside Homestay', ""My's Homestay sapa"", 'Changed Hotel 105', 'PO homestay', ""Lenh's Family House"", 'Sapa Fantasea Homestay']"
Pi’s Boutique Sapa 1,"['sapa eco terraces 3', 'sapa eco terraces 1', 'Changed Hotel 361', 'sapa eco terraces 7', 'Homestay số 91-Suối Hồ Sa Pa 6', 'Changed Hotel 326', 'Hotel Sao Xanh 2', 'Bonjour Sa Pa Hotel', 'Changed Hotel 297', 'Sapa Mushroom Homestay 8']"
Sapa Fantasea Homestay,"['Changed Hotel 134', 'Homestay Discovery Sapa', 'Green Sapa Homestay', 'Vietoutdoors Homestay', 'Changed Hotel 210', 'Sapa Orange Homestay', 'Hmong Culture Homestay', 'Sapa Tatu Homestay', 'Changed Hotel 86', 'Sapa Dao Homestay']"
Eco Hills Homestay,"['Sapa Eco Homestay', 'Dzay house homestay', 'Changed Hotel 66', 'Changed Hotel 134', 'Changed Hotel 85', ""My's Homestay sapa"", 'Cơmlam Eco House', 'Plum Eco House', 'Tavan View Homestay', 'Stone Paradise Homestay']"
CHI PAU SIN CHAI,"['Sin Chai Ecolodge', 'Changed Hotel 246', 'Hmong Culture Homestay', 'Vietoutdoors Homestay', 'Changed Hotel 12', 'PO homestay', 'Sapa Mushroom Homestay', 'Changed Hotel 3', 'You hour homestay', ""Lenh's Family House""]"
Nguyen Dang Guesthouse,"['Changed Hotel 168', 'Changed Hotel 134', 'Dang Khoa Homestay', 'Changed Hotel 115', 'Minh Anh Guesthouse', 'Dang Khoa Garden Inn', 'Alpha Villa', 'Homestay coldwinter Sapa', 'Sơn Trang Hotel', 'Hung Vuong hotel']"
S Plus Bungalow,"['Sapa Riverside Homestay', 'Changed Hotel 34', 'Hoa Chanh Bungalow', 'Changed Hotel 261', 'Lanh Sapa Homestay', 'Sapa Riverside Ecolodge & Spa', ""Sapa's Soul homestay"", 'Dzay house homestay', 'Changed Hotel 59', ""Lenh's Family House""]"
ChienDe Homestay,"['Changed Hotel 134', 'Hmong Culture Homestay', ""My's Homestay sapa"", 'Changed Hotel 139', 'Sapa Orange Homestay', ""Sapa's Soul homestay"", 'Homestay Discovery Sapa', 'Vietoutdoors Homestay', 'Changed Hotel 12', 'Eco Hills Homestay']"
TUONG MAI HOTEL,"['Changed Hotel 154', 'Rainbow Sa Pa Hotel', 'Sapa Melody Hotel', 'Aurora SaPa Hotel', 'Changed Hotel 102', 'Flaco Hostel Sapa', 'Changed Hotel 69', 'The View Sapa Hotel', 'Sapa Lavie Hotel & Spa', 'May Nui Sa Pa Hostel']"
Paramount Homestay,"['Sapa Paramount Hotel', 'The View Sapa Hotel', 'ChiChi Hotel Sapa', 'DeLaSol Sapa Hotel', 'Azure Sapa Hotel', 'Liberty Sapa Hotel', 'Sapa Star Hotel', 'Changed Hotel 237', 'Changed Hotel 191', 'Changed Hotel 199']"
Beautiful Sapa Hotel,"['Sapa Melody Hotel', 'Sapa Center View Hotel', 'Sapa Star Hotel', 'Changed Hotel 69', 'Changed Hotel 164', 'SAPA FULL HOUSE HOTEL', 'My Dream Hotel', 'Bình Lan Hotel', 'Changed Hotel 219', 'Orchids Hotel']"
Sapa Wings Hotel 1,"['Changed Hotel 150', 'Aliana Boutique Sapa Hotel & Spa 1', 'Sharaton Boutique Hotel 1', 'Sharaton Boutique Hotel 7', 'Cherry Hoa Dao 5', 'Tạo Phượng Sa Pa Hotel 8', 'Changed Hotel 326', 'Changed Hotel 70', 'sapa eco terraces 1', 'Sapa Friendly Inn & Travel 8']"
Sapa Hills Hotel 1,"['Changed Hotel 378', 'Changed Hotel 274', 'Son Ha Hotel SAPA 2', 'Sapa Peaceful Hotel 6', 'Sapa Hills Hotel', 'Hotel Tâm Tình', 'Homestay Discovery Sapa 1', 'May Nui Sa Pa Hostel 1', 'Changed Hotel 100', 'sapa eco terraces 2']"
Sapa Wings Hotel 2,"['Changed Hotel 281', 'Sapa Wings Hotel 1', 'Changed Hotel 349', 'sapa eco terraces 6', 'Homestay Discovery Sapa 4', 'Homestay số 91-Suối Hồ Sa Pa 1', 'Aliana Boutique Sapa Hotel & Spa 1', 'Hotel Sao Xanh 4', 'Changed Hotel 130', 'Minh Anh Guesthouse 7']"
Vietoutdoors Homestay,"['You hour homestay', 'Changed Hotel 128', 'Changed Hotel 12', 'Changed Hotel 85', 'Tavan View Homestay', 'Sapa Mushroom Homestay', 'Sapa Dao Homestay', 'Surelee Homestay', 'Sapa Fantasea Homestay', 'La Beauté Sa Pa']"
Sapa Odyssey Hostel,"['Flaco Hostel Sapa', 'Lustig Hostel', 'May Nui Sa Pa Hostel', 'Changed Hotel 205', 'Himalaya Sapa Hostel', 'Changed Hotel 220', 'HeLLo Sapa Hotel', 'Ehome Sapa', 'SaPa Peace Valley hotel', 'Changed Hotel 112']"
Song Anh Hotel Sapa,"['Helios Sapa Hotel', 'Minh Quang Hotel Sapa', 'Liberty Sapa Hotel', 'Changed Hotel 244', 'Sapa Star Hotel', 'The View Sapa Hotel', 'Changed Hotel 214', 'Sapa Mountain City Hotel', 'Changed Hotel 174', 'Alpha Villa']"
Mai Vàng Hotel,"['Changed Hotel 120', 'H&T Luxury Hotel', 'Phu Quy Hotel Sapa', 'Changed Hotel 198', 'Changed Hotel 23', 'SaPa Peace Valley hotel', 'SAPA FULL HOUSE HOTEL', 'TUONG MAI HOTEL', 'Sapa Van Hung Hotel', 'The View Sapa Hotel']"
Silk Path Grand Resort & Spa Sapa,"['Changed Hotel 78', 'Changed Hotel 0', 'Changed Hotel 124', 'Amazing Hotel Sapa', 'Grand Flamant Hotel Sapa', 'KK Sapa Hotel', 'Sapa Eco Villas & Spa', 'Sapa Garden Hotel', 'My Boutique Hotel & Spa', 'HOTEL DE SAPA']"
Rainbow Sa Pa Hotel,"['Changed Hotel 69', 'Sapa Melody Hotel', 'Aurora SaPa Hotel', 'Changed Hotel 102', 'My Dream Hotel', 'Bình Lan Hotel', 'Changed Hotel 217', 'The View Sapa Hotel', 'Sapa Centre Hotel', 'SaPa Peace Valley hotel']"
HAPPY FAMILY HOTEL,"['Changed Hotel 120', 'The View Sapa Hotel', 'SAPA FULL HOUSE HOTEL', 'ChiChi Hotel Sapa', 'Sapa Topaz Hotel & Spa', 'Changed Hotel 37', 'Changed Hotel 164', 'Sapa Valley view hotel', 'Nghiêng Sapa Hotel', 'Sapa Centre Hotel']"
Sapa Garden Bed and Breakfast,"['Changed Hotel 181', 'Sapa Family House 2', 'Sapa Centre Hotel', 'Sapa Sunrise Hotel', 'Changed Hotel 184', 'Changed Hotel 233', 'Sapa Eco Homestay', 'Sapa Valley view hotel', 'Son Ha Hotel SAPA', ""Hoa's homestay Sapa""]"
Sapa Dao Homestay,"['You hour homestay', 'Sapa Riverside Homestay', 'Changed Hotel 60', ""Sapa's Soul homestay"", 'Sapa Jungle Homestay', 'Changed Hotel 252', 'Changed Hotel 254', 'Vietoutdoors Homestay', 'River mountain view homestay', 'Sapa Mushroom Homestay']"
Nguyên Hotel,"['Alpha Villa', 'H&T Luxury Hotel', 'May Ho Hotel Sapa', 'Changed Hotel 157', 'My Dream Hotel 1', 'Changed Hotel 156', 'Hung Vuong hotel', 'Hotel Tâm Tình', 'Sapa Van Hung Hotel', 'Changed Hotel 172']"
Stone Paradise Homestay,"['Changed Hotel 134', 'Eco Hills Homestay', 'Dzay house homestay', ""My's Homestay sapa"", 'Changed Hotel 85', 'Surelee Homestay', 'Changed Hotel 93', 'Love House Sapa', 'Sapa Eco Homestay', 'Sapa Dao Homestay']"
Saigonese Trekking House,"['Changed Hotel 134', 'SAPA FULL HOUSE HOTEL', 'Dzay house homestay', 'Quê Hương house', 'Catcat Garden House', 'Goong House', 'Changed Hotel 64', 'Sapa Riverside Homestay', 'Changed Hotel 245', 'Sapa Fantasea Homestay']"
Gạo House & Coffee,"['Changed Hotel 67', 'The Upper House Sapa', 'Changed Hotel 96', 'Sapa Vista Hotel', 'Changed Hotel 1', 'Sapa Melody Hotel', 'Sapa Mountain Queen House', 'De Amor House & Coffee', 'My Dream Hotel', 'Love House Sapa']"
Sapa View Hotel,"['SAPA FULL HOUSE HOTEL', 'Sapa Hills Hotel', 'The View Sapa Hotel', 'Tiger Sapa hotel', 'ChiChi Hotel Sapa', 'Changed Hotel 119', 'Changed Hotel 120', 'Changed Hotel 23', 'SAPA GREEN FOREST HOTEL', 'Sapa Cloud Hotel']"
Sapa Bamboo Eco,"['Sapa Eco Homestay', 'Changed Hotel 257', 'Cơmlam Eco House', 'Changed Hotel 106', 'Changed Hotel 76', 'Plum Eco House', 'Goong House', 'Eco Hills Homestay', 'Sapa Eco Villas & Spa', 'The Upper House Sapa']"
Quang Bình Hotel Sapa,"['Minh Quang Hotel Sapa', 'Bình Lan Hotel', 'Sapa Star Hotel', 'Changed Hotel 180', 'Changed Hotel 96', 'Changed Hotel 164', 'Alpha Villa', 'Hung Vuong hotel', 'Sapa Van Hung Hotel', 'SAPA FULL HOUSE HOTEL']"
Sapa Passion Hotel & Spa,"['Changed Hotel 71', 'The View Sapa Hotel', 'Sapa Lodge Hotel', 'Sapa Snow Hotel', 'Sapa Star Hotel', 'Sapa Centre Hotel', 'Nghiêng Sapa Hotel', 'Changed Hotel 66', 'Changed Hotel 67', 'Sapa Valley view hotel']"
Thien Phuong Guesthouse,"['Minh Anh Guesthouse', 'Nguyen Dang Guesthouse', 'Hung Vuong hotel', 'Alpha Villa', 'Changed Hotel 35', 'Rainbow Sa Pa Hotel', 'Changed Hotel 67', 'Aurora SaPa Hotel', 'Mintu Home', 'Changed Hotel 49']"
Black Hmong View hotel,"['Sapa Valley view hotel', 'Changed Hotel 96', 'Sapa Mountain City Hotel', 'Changed Hotel 23', 'Sapa Lodge Hotel', 'Royal Hotel', 'Changed Hotel 67', 'Sapa Star Hotel', 'Sapa Snow Hotel', 'Sapa View Hotel']"
Sapa Orange Homestay,"['You hour homestay', 'Mountain Light Homestay', 'Sapa Riverside Homestay', 'Changed Hotel 8', 'Sapa Fantasea Homestay', 'Changed Hotel 159', 'Changed Hotel 85', 'ChienDe Homestay', 'Hmong Culture Homestay', 'Homestay Séo Mý Tỷ']"
Sapa Horizon Hotel,"['Changed Hotel 92', 'Lotus Hotel', 'Sapa Wings Hotel', 'Aliana Boutique Sapa Hotel & Spa', 'Sapa Freesia Hotel', 'Changed Hotel 87', 'Phuong Nam Hotel', 'Anise Sapa Hotel', 'En Hotel Sapa', 'Changed Hotel 13']"
My Dream Hotel,"['Changed Hotel 186', 'Changed Hotel 217', 'Rainbow Sa Pa Hotel', 'Aurora SaPa Hotel', 'The View Sapa Hotel', 'Changed Hotel 69', 'Sapa Van Hung Hotel', 'Sapa Vista Hotel', 'Sapa Center View Hotel', 'Sapa Melody Hotel']"
D Home Sapa,"['D Home Sapa 2', 'Changed Hotel 116', 'Sapa Melody Hotel', 'Sapa Star Hotel', 'Changed Hotel 96', 'SAPA FULL HOUSE HOTEL', 'Changed Hotel 23', 'Sapa Valley view hotel', 'ChiChi Hotel Sapa', 'Sapa Mountain City Hotel']"
Sapa Lodge Hotel,"['Sapa Mountain City Hotel', 'Royal Hotel', 'Changed Hotel 96', 'Changed Hotel 84', 'Sapa View Hotel', 'Mimosa Hotel Sapa', 'Việt Hoa Hotel Sapa', 'Sapa Star Hotel', 'SAPA FULL HOUSE HOTEL', 'Changed Hotel 186']"
Sapa Odyssey Hostel 1,"['Sunset View Home 3', 'Sapa Friendly Inn & Travel 5', 'Changed Hotel 25', 'Changed Hotel 311', 'Sapa Friendly Inn & Travel 1', 'Sapa Friendly Inn & Travel 9', 'Sunset View Home 2', 'Sapa Mushroom Homestay 6', 'Minh Anh Guesthouse 1', 'Changed Hotel 265']"
Thanh Ha Homestay Sapa,"['THANH XUAN Hotel', 'Mây Núi Homestay', 'Changed Hotel 220', 'Love House Sapa', 'Camellia Guest House', 'Changed Hotel 207', 'Rainbow Sa Pa Hotel', 'Sapa Melody Hotel', 'Changed Hotel 34', 'Homestay coldwinter Sapa']"
Amazing Hotel Sapa,"['Sapa Freesia Hotel', 'KK Sapa Hotel', 'HOTEL DE SAPA', 'Pistachio Hotel Sapa', 'Sapa Legend Hotel & Spa', 'Changed Hotel 70', 'Sapa View Hotel', 'Aliana Boutique Sapa Hotel & Spa', 'Changed Hotel 87', 'Changed Hotel 20']"
Hotel Tâm Tình,"['Nguyên Hotel', 'Changed Hotel 172', 'Cherry Hotel', 'Changed Hotel 102', 'Sapa Van Hung Hotel', 'Sapa Centre Hotel', 'My Dream Hotel 1', 'Changed Hotel 233', 'My Boutique Hotel & Spa', 'Rainbow Sa Pa Hotel']"
Laika Cafe Hotel,"['May Ho Hotel Sapa', 'Sapa Star Hotel', 'Changed Hotel 37', 'Sapa Valley view hotel', 'Changed Hotel 35', 'HAPPY FAMILY HOTEL', 'Sapa View Hotel', 'Changed Hotel 156', 'Orchids Hotel', 'ChiChi Hotel Sapa']"
Sapa Tulip Hotel,"['Sapa Star Hotel', 'Changed Hotel 67', 'The View Sapa Hotel', 'Changed Hotel 214', 'ChiChi Hotel Sapa', 'Quang Bình Hotel Sapa', 'Changed Hotel 111', 'Liberty Sapa Hotel', 'H&T Luxury Hotel', 'Orchids Hotel']"
Sapa Garden Hotel,"['Sapa Valley view hotel', 'Nghiêng Sapa Hotel', 'Sapa Dragon Hotel', 'Changed Hotel 71', 'Changed Hotel 96', 'Sapa Legend Hotel & Spa', 'SAPA FULL HOUSE HOTEL', 'Changed Hotel 28', 'Sapa Symphony Hotel', 'Sapa Star Hotel']"
The Upper House Sapa,"['Changed Hotel 67', 'Sapa Mountain Queen House', 'Changed Hotel 119', 'Liberty Sapa Hotel', 'Changed Hotel 232', 'Sapa Snow Hotel', 'Royal Hotel', 'Sapa Melody Hotel', 'Gạo House & Coffee', 'Helios Sapa Hotel']"
Royal Hotel,"['Changed Hotel 135', 'Sapa Mountain City Hotel', 'Sapa Lodge Hotel', 'SAPA FULL HOUSE HOTEL', 'Changed Hotel 23', 'ChiChi Hotel Sapa', 'Discovery Hotel', 'My Dream Hotel 1', 'Changed Hotel 109', 'The View Sapa Hotel']"
D Home Sapa 2,"['D Home Sapa', 'The View Sapa Hotel', 'Sapa Melody Hotel', 'Changed Hotel 164', 'Changed Hotel 116', 'Sapa Star Hotel', 'SAPA FULL HOUSE HOTEL', 'ChiChi Hotel Sapa', 'HAPPY FAMILY HOTEL', 'Changed Hotel 232']"
Phu Quy Hotel Sapa,"['ChiChi Hotel Sapa', 'SAPA FULL HOUSE HOTEL', 'Changed Hotel 23', 'Sapa View Hotel', 'Tiger Sapa hotel', 'My Dream Hotel 1', 'Changed Hotel 120', 'Changed Hotel 154', 'Sapa Snow Hotel', 'Sapa Symphony Hotel']"
My Dream Hotel 1,"['Changed Hotel 172', 'SAPA FULL HOUSE HOTEL', 'Changed Hotel 198', 'Sapa Lodge Hotel', 'Changed Hotel 1', 'Sapa Mountain City Hotel', 'Phu Quy Hotel Sapa', 'Royal Hotel', 'Liberty Sapa Hotel', 'Sapa View Hotel']"
Tay Bac Sky Homestay,"['Changed Hotel 24', 'You hour homestay', 'Sapa Riverside Homestay', 'Vietoutdoors Homestay', 'Changed Hotel 63', 'Tavan View Homestay', ""Sapa's Soul homestay"", 'Sapa Dao Homestay', 'Hmong Culture Homestay', 'Changed Hotel 248']"
Nghiêng Sapa Hotel,"['Changed Hotel 96', 'Sapa Star Hotel', 'ChiChi Hotel Sapa', 'SAPA FULL HOUSE HOTEL', 'Sapa View Hotel', 'Changed Hotel 199', 'Tùng Lâm Hotel Sapa', 'Helios Sapa Hotel', 'Changed Hotel 111', 'HAPPY FAMILY HOTEL']"
Hà Giang Hotel Sapa,"['Sapa Mountain City Hotel', 'Changed Hotel 121', 'Sapa Legacy Hotel', 'Changed Hotel 67', 'Sapa Lodge Hotel', 'New World Sa Pa Hotel', 'Sapa Valley view hotel', 'Royal Hotel', 'Helios Sapa Hotel', 'Changed Hotel 120']"
Sen Vang 2 Hotel,"['Sapa Star Hotel', 'Changed Hotel 35', 'Changed Hotel 198', 'HAPPY FAMILY HOTEL', 'Alpha Villa', 'Cherry Hotel', 'Changed Hotel 232', 'Bình Lan Hotel', 'Helios Sapa Hotel', 'SAPA FULL HOUSE HOTEL']"
Helios Sapa Hotel,"['Minh Quang Hotel Sapa', 'Sapa Star Hotel', 'Song Anh Hotel Sapa', 'Liberty Sapa Hotel', 'Changed Hotel 96', 'SAPA FULL HOUSE HOTEL', 'Sapa View Hotel', 'Changed Hotel 14', 'Changed Hotel 233', 'Nghiêng Sapa Hotel']"
Chapa Stream House,"['Chapa Farmstay - Mountain Retreat', 'Hmong Eco Villas', 'Changed Hotel 129', 'Changed Hotel 67', 'Changed Hotel 12', 'Ngua Bay Hotel', 'De Amor House & Coffee', 'The Upper House Sapa', 'Le Chapa Hotel & Spa', 'Sapa Eco Villas & Spa']"
Sapa Green Hotel,"['Sapa Dragon Hotel', 'Sapa View Hotel', 'My Boutique Hotel & Spa', 'SAPA GREEN FOREST HOTEL', 'Changed Hotel 96', 'Sapa Cloud Hotel', 'Sapa Clover Hotel', 'Changed Hotel 44', 'Changed Hotel 260', 'Ladybird Sapa Hotel']"
Topas Ecolodge,"['Sapa Riverside Ecolodge & Spa', 'Changed Hotel 212', 'Changed Hotel 106', 'Son Ha Hotel SAPA', 'Ngua Bay Hotel', 'Sapa Wings Hotel', ""Hoa's homestay Sapa"", 'Sin Chai Ecolodge', 'Khen Mong Nature Hotel', 'Changed Hotel 59']"
Sapa Symphony Hotel,"['Changed Hotel 198', 'Changed Hotel 67', 'The View Sapa Hotel', 'Sapa Star Hotel', 'Sapa View Hotel', 'Liberty Sapa Hotel', 'Tiger Sapa hotel', 'Phu Quy Hotel Sapa', 'Changed Hotel 49', 'Sapa Mountain City Hotel']"
May Nui Sa Pa Hostel,"['Flaco Hostel Sapa', 'Changed Hotel 152', 'Bình Lan Hotel', 'Changed Hotel 117', 'Hung Vuong hotel', 'Lustig Hostel', 'Homestay coldwinter Sapa', 'Alpha Villa', 'Rainbow Sa Pa Hotel', 'Changed Hotel 37']"
Sapa Sunrise Hotel,"['Sapa Garden Hotel', 'Sapa Panorama Hotel', 'Changed Hotel 70', 'Sapa Lavie Hotel & Spa', 'Changed Hotel 35', 'ChiChi Hotel Sapa', 'Lotus Hotel', 'Changed Hotel 120', 'Sapa Legend Hotel & Spa', 'Sapa Praha Hotel']"
ChiChi Hotel Sapa,"['SAPA FULL HOUSE HOTEL', 'Changed Hotel 23', 'Changed Hotel 164', 'Tiger Sapa hotel', 'Sapa Star Hotel', 'Phu Quy Hotel Sapa', 'My Dream Hotel 1', 'Changed Hotel 35', 'The View Sapa Hotel', 'May Ho Hotel Sapa']"
Minh Quang Hotel Sapa,"['Helios Sapa Hotel', 'Quang Bình Hotel Sapa', 'Sapa View Hotel', 'Changed Hotel 96', 'Liberty Sapa Hotel', 'Changed Hotel 188', 'Alpha Villa', 'SAPA FULL HOUSE HOTEL', 'Tùng Lâm Hotel Sapa', 'Changed Hotel 153']"
May Nui Sa Pa Hostel 1,"['Sapa Peaceful Hotel 6', 'Changed Hotel 323', 'Homestay Discovery Sapa 1', 'Tạo Phượng Sa Pa Hotel 3', 'Changed Hotel 279', 'Tạo Phượng Sa Pa Hotel 6', 'Changed Hotel 370', 'sapa eco terraces 9', 'May Nui Sa Pa Hostel', 'Tạo Phượng Sa Pa Hotel 5']"
TINH DOI SA PA Guest House,"['Sapa Friendly Inn & Travel 4', 'Sapa Friendly Inn & Travel 9', 'Changed Hotel 369', 'Homestay số 91-Suối Hồ Sa Pa', 'Sapa Odyssey Hostel 1', 'Changed Hotel 25', 'Changed Hotel 312', 'Hotel Tâm Tình', 'Sapa Mushroom Homestay 3', 'Minh Anh Guesthouse 1']"
Đại Loan Sapa Hotel,"['My Dream Hotel', 'Sapa Melody Hotel', 'Changed Hotel 55', 'Hung Vuong hotel', 'Sapa Van Hung Hotel', 'Rainbow Sa Pa Hotel', 'The View Sapa Hotel', 'Sapa Vista Hotel', 'Changed Hotel 67', 'Changed Hotel 211']"
PO homestay,"['You hour homestay', 'Hmong Culture Homestay', 'Vietoutdoors Homestay', 'Changed Hotel 35', 'Sapa Mushroom Homestay', 'Homestay coldwinter Sapa', 'Love House Sapa', 'Changed Hotel 226', 'Changed Hotel 3', 'Mountain Light Homestay']"
Ngua Bay Hotel,"['Khen Mong Nature Hotel', 'Changed Hotel 96', 'Sapa Lodge Hotel', 'Changed Hotel 192', 'Sapa Melody Hotel', 'Sapa Snow Hotel', ""Lenh's Family House"", 'Sapa View Hotel', 'SaPa Peace Valley hotel', 'Changed Hotel 28']"
Sapa Signature Inn,"['Flaco Hostel Sapa', 'Changed Hotel 152', 'Lustig Hostel', 'Ehome Sapa', 'Himalaya Sapa Hostel', 'May Nui Sa Pa Hostel', 'The View Sapa Hotel', 'Changed Hotel 67', 'Changed Hotel 262', 'Sapa Snow Hotel']"
New World Sa Pa Hotel,"['Discovery Hotel', 'Changed Hotel 224', 'Sapa Mountain City Hotel', 'Changed Hotel 183', 'ChiChi Hotel Sapa', 'Changed Hotel 164', 'London Sa Pa Hotel', 'My Dream Hotel 1', 'The View Sapa Hotel', 'Sapa Star Hotel']"
Manh Linh Guest house,"['Camellia Guest House', 'Thanh Ha Homestay Sapa', 'SAPA FULL HOUSE HOTEL', 'Sapa Mountain Queen House', 'Changed Hotel 244', 'Minh Hưng Hostel', 'Changed Hotel 120', 'Mây Núi Homestay', 'Changed Hotel 115', 'Sapa Family House 2']"
Homestay Séo Mý Tỷ,"['Changed Hotel 245', 'You hour homestay', 'Sapa Orange Homestay', 'Tavan View Homestay', 'Changed Hotel 85', 'Changed Hotel 151', 'Sapa Riverside Homestay', 'La Beauté Sa Pa', 'Sapa Dao Homestay', 'Hmong Culture Homestay']"
Tavan View Homestay,"['Changed Hotel 85', 'La Beauté Sa Pa', 'You hour homestay', 'Dzay house homestay', 'Vietoutdoors Homestay', 'Changed Hotel 256', 'Changed Hotel 140', 'Surelee Homestay', 'Sapa Riverside Homestay', 'Sapa Dao Homestay']"
Homestay coldwinter Sapa,"['Love House Sapa', 'Changed Hotel 221', 'Hung Vuong hotel', 'You hour homestay', 'Bình Lan Hotel', 'Changed Hotel 96', 'SaPa Peace Valley hotel', 'Alpha Villa', 'Changed Hotel 251', 'Cherry Hotel']"
Tiger Sapa hotel,"['Liberty Sapa Hotel', 'SAPA FULL HOUSE HOTEL', 'Changed Hotel 164', 'Changed Hotel 198', 'Sapa Snow Hotel', 'Sapa Star Hotel', 'Sapa Mountain City Hotel', 'May Ho Hotel Sapa', 'Changed Hotel 96', 'Phu Quy Hotel Sapa']"
Sapa Aroma Hotel,"['Sapa Freesia Hotel', 'Changed Hotel 70', 'Changed Hotel 124', 'Sapa Lodge Hotel', 'Sapa Praha Hotel', 'Sapa Dragon Hotel', 'SAPA FULL HOUSE HOTEL', 'ChiChi Hotel Sapa', 'Liberty Sapa Hotel', 'Changed Hotel 243']"
Lotus Hotel,"['Changed Hotel 92', 'Sapa Horizon Hotel', 'Lotus Aroma Sapa Hotel', 'Changed Hotel 212', 'Sapa Freesia Hotel', 'Sapa Panorama Hotel', 'Anise Sapa Hotel', 'Sapa Sunrise Hotel', 'Sapa Wings Hotel', 'Changed Hotel 122']"
Sapa Van Hung Hotel,"['Hung Vuong hotel', 'May Ho Hotel Sapa', 'Changed Hotel 67', 'Changed Hotel 120', 'Changed Hotel 23', 'My Dream Hotel', 'H&T Luxury Hotel', 'Alpha Villa', 'ChiChi Hotel Sapa', 'Sapa Tulip Hotel']"
Quê Hương house,"['SAPA FULL HOUSE HOTEL', 'Changed Hotel 182', 'Saigonese Trekking House', 'Changed Hotel 184', 'Gạo House & Coffee', 'The View Sapa Hotel', 'Liberty Sapa Hotel', 'Royal Hotel', 'Changed Hotel 233', 'Camellia Guest House']"
Nhà Bên Suối homestay,"['Homestay số 91-Suối Hồ Sa Pa', 'Changed Hotel 210', 'Changed Hotel 134', 'Hmong Culture Homestay', 'Changed Hotel 11', 'Sapa Riverside Homestay', 'May Nui Sa Pa Hostel', 'Sapa Melody Hotel', 'Chapa Farmstay - Mountain Retreat', 'River mountain view homestay']"
Orchids Hotel,"['My Dream Hotel', 'Aurora SaPa Hotel', 'Changed Hotel 156', 'Changed Hotel 132', 'Cherry Hotel', 'Changed Hotel 96', 'Hung Vuong hotel', 'May Ho Hotel Sapa', 'Alpha Villa', 'Sapa Tulip Hotel']"
young home,"['Changed Hotel 228', 'Mintu Home', 'D Home Sapa 2', 'Changed Hotel 115', 'D Home Sapa', 'Homestay coldwinter Sapa', 'Pavi home', 'Changed Hotel 134', 'Dang Khoa Homestay', 'SaPa Peace Valley hotel']"
Aurora SaPa Hotel,"['Rainbow Sa Pa Hotel', 'Sapa Centre Hotel', 'SaPa Peace Valley hotel', 'Changed Hotel 172', 'Changed Hotel 217', 'Cherry Hotel', 'Sapa Snow Hotel', 'Sapa Melody Hotel', 'The View Sapa Hotel', 'Changed Hotel 241']"
Minh Hưng Hostel,"['Flaco Hostel Sapa', 'Changed Hotel 244', 'Rainbow Sa Pa Hotel', 'Thanh Ha Homestay Sapa', 'Sapa Odyssey Hostel', 'May Nui Sa Pa Hostel', 'Sapa Melody Hotel', 'Changed Hotel 199', 'Changed Hotel 102', 'Cherry Hotel']"
Hillyhome Sapa,"['Homestay coldwinter Sapa', 'Changed Hotel 132', 'Aurora SaPa Hotel', 'Hung Vuong hotel', 'Sapa Melody Hotel', 'Changed Hotel 172', 'Changed Hotel 96', 'Rainbow Sa Pa Hotel', 'SaPa Peace Valley hotel', 'May Ho Hotel Sapa']"
Lady Hill Sapa Resort,"['Sapa Jade Hill Resort & Spa', 'Sapa Centre Hotel', 'Sapa Passion Hotel & Spa', 'KK Sapa Hotel', 'Tubotel Sapa', 'Changed Hotel 164', 'Changed Hotel 238', 'Changed Hotel 120', 'HOTEL DE SAPA', 'SaPa Peace Valley hotel']"
Arista Homestay,"['Love House Sapa', 'Changed Hotel 134', 'Changed Hotel 96', 'Homestay coldwinter Sapa', 'Paramount Homestay', 'Changed Hotel 117', 'Bình Lan Hotel', 'Sapa Passion Hotel & Spa', 'Swing Sa Pa Homestay', 'Sapa Eco Homestay']"
New Epoch Sapa Hotel,"['New World Sa Pa Hotel', 'SAPA FULL HOUSE HOTEL', 'Changed Hotel 164', 'ChiChi Hotel Sapa', 'Tiger Sapa hotel', 'Changed Hotel 120', 'Liberty Sapa Hotel', 'Changed Hotel 237', 'The View Sapa Hotel', 'Phu Quy Hotel Sapa']"
Sen Vang 2 Hotel 1,"['Minh Anh Guesthouse 4', 'Cherry Hoa Dao 9', 'Sen Vang 2 Hotel', 'Changed Hotel 131', 'Changed Hotel 264', 'Sapa Friendly Inn & Travel 4', 'Sharaton Boutique Hotel 9', 'Sharaton Boutique Hotel 3', 'Sapa Eco Villas & Spa', 'Changed Hotel 277']"
Dzay house homestay,"['River mountain view homestay', 'Eco Hills Homestay', 'Changed Hotel 209', ""My's Homestay sapa"", 'Surelee Homestay', 'Changed Hotel 85', 'Hmong Culture Homestay', 'Stone Paradise Homestay', 'You hour homestay', 'Changed Hotel 63']"
May Hong Hotel,"['Lacasa Sapa Hotel', 'Tạo Phượng Sa Pa Hotel', 'Eden Central Hotel & Spa', 'Sapa Star Hotel', 'Changed Hotel 90', 'Quoc Thai Sapa Hotel', 'Changed Hotel 191', 'Changed Hotel 17', 'Nguyên Hotel', 'Sapa Centre Hotel']"
Sapa Family House 2,"['young home', 'SAPA FULL HOUSE HOTEL', 'Sapa Mountain Queen House', 'Sapa Centre Hotel', 'Changed Hotel 118', 'Changed Hotel 198', 'Changed Hotel 64', 'Green Sapa Homestay', 'Love House Sapa', 'HAPPY FAMILY HOTEL']"
Mama Chao Homestay,"['You hour homestay', 'Tavan View Homestay', 'Changed Hotel 254', 'ChienDe Homestay', 'Sapa Eco Homestay', 'Changed Hotel 3', ""My's Homestay sapa"", 'Sapa Lao Chai View Homestay', 'Changed Hotel 128', 'Mây Núi Homestay']"
Khai Tam View Hotel,"['Sapa House Hotel', 'Minh Anh Guesthouse 1', 'Changed Hotel 320', 'Sharaton Boutique Hotel 4', 'Sapa Mushroom Homestay 9', 'Changed Hotel 282', 'Camellia Guest House 1', 'Tạo Phượng Sa Pa Hotel 5', 'Cherry Hoa Dao 2', 'Changed Hotel 295']"
Hoa Chanh Bungalow,"['S Plus Bungalow', 'SaPa Farmer House', 'Sapa Eco Homestay', 'Chapa Farmstay - Mountain Retreat', 'Changed Hotel 129', 'Changed Hotel 134', 'Changed Hotel 63', 'Sapa Village Hotel', 'Goong House', 'Eco Hills Homestay']"
HeLLo Sapa Hotel,"['SAPA FULL HOUSE HOTEL', 'ChiChi Hotel Sapa', 'Sapa Snow Hotel', 'Sapa Melody Hotel', 'Changed Hotel 186', 'Rainbow Sa Pa Hotel', 'Changed Hotel 96', 'Himalaya Sapa Hostel', 'The Upper House Sapa', 'Changed Hotel 117']"
Alpha Villa,"['Hung Vuong hotel', 'Minh Quang Hotel Sapa', 'Helios Sapa Hotel', 'The View Sapa Hotel', 'Sapa Van Hung Hotel', 'Changed Hotel 160', 'Sapa Star Hotel', 'Changed Hotel 67', 'Orchids Hotel', 'Changed Hotel 23']"
Lan Rung Boutique,"['Changed Hotel 132', 'Sharaton Boutique Hotel', 'Homestay coldwinter Sapa', 'My Boutique Hotel & Spa', 'Changed Hotel 247', 'Quoc Thai Sapa Hotel', 'Sapa Melody Hotel', 'Alpha Villa', 'Tùng Lâm Hotel Sapa', 'Changed Hotel 115']"
Hanna Retreat Sapa Villas,"['Chapa Farmstay - Mountain Retreat', 'Orchids Hotel', 'Cherry Hotel', 'Rainbow Sa Pa Hotel', 'Changed Hotel 102', 'Aurora SaPa Hotel', 'SaPa Retreat Condotel', 'Homestay coldwinter Sapa', 'Changed Hotel 132', 'Changed Hotel 37']"
Lanh Sapa Homestay,"['Sapa Riverside Homestay', 'You hour homestay', 'Changed Hotel 151', 'Hmong Culture Homestay', 'Changed Hotel 120', 'Changed Hotel 85', 'Sapa Dao Homestay', 'ChienDe Homestay', 'Eco Hills Homestay', ""My's Homestay sapa""]"
Sapa Mountain City Hotel,"['Sapa Lodge Hotel', 'Changed Hotel 183', 'Liberty Sapa Hotel', 'SAPA GREEN FOREST HOTEL', 'Changed Hotel 43', 'The View Sapa Hotel', 'Changed Hotel 111', 'Sapa Royal Orbit Hotel', 'Tiger Sapa hotel', 'SAPA FULL HOUSE HOTEL']"
The Pepper King Resort,"['Lady Hill Sapa Resort', 'HOTEL DE SAPA', 'Sapa Jade Hill Resort & Spa', 'Sapa Snow Hotel', 'ChiChi Hotel Sapa', 'H&T Luxury Hotel', 'Changed Hotel 157', 'Sapa Star Hotel', 'Changed Hotel 35', 'Changed Hotel 96']"
THANH XUAN Hotel,"['Thanh Ha Homestay Sapa', 'Changed Hotel 44', 'SAPA FULL HOUSE HOTEL', 'May Ho Hotel Sapa', 'Sapa Star Hotel', 'Lacasa Sapa Hotel', 'Tạo Phượng Sa Pa Hotel', 'Changed Hotel 156', 'Changed Hotel 90', 'Minh Hưng Hostel']"
H&T Luxury Hotel,"['Changed Hotel 17', 'ChiChi Hotel Sapa', 'Sapa Star Hotel', 'Cherry Hotel', 'Sapa Van Hung Hotel', 'Mai Vàng Hotel', 'SaPa Peace Valley hotel', 'Changed Hotel 160', 'Changed Hotel 102', 'Rainbow Sa Pa Hotel']"
Sapa Lavie Hotel & Spa,"['My Boutique Hotel & Spa', 'Sapa Centre Hotel', 'Changed Hotel 164', 'Aurora SaPa Hotel', 'Hung Vuong hotel', 'Changed Hotel 37', 'Changed Hotel 67', 'Rainbow Sa Pa Hotel', 'The View Sapa Hotel', 'Cherry Hotel']"
Tùng Lâm Hotel Sapa,"['Sapa View Hotel', 'Changed Hotel 67', 'Nghiêng Sapa Hotel', 'Minh Quang Hotel Sapa', 'Changed Hotel 96', 'ChiChi Hotel Sapa', 'Sapa Star Hotel', 'Changed Hotel 37', 'Botanic Sapa Hotel', 'My Dream Hotel 1']"
Lotus Aroma Sapa Hotel,"['Sapa Centre Hotel', 'Changed Hotel 67', 'Sapa View Hotel', 'ChiChi Hotel Sapa', 'Sapa Vista Hotel', 'Sapa Lavie Hotel & Spa', 'Changed Hotel 211', 'The View Sapa Hotel', 'My Dream Hotel 1', 'Changed Hotel 27']"
Minh Anh Guesthouse,"['Minh Quang Hotel Sapa', 'Changed Hotel 220', 'Song Anh Hotel Sapa', 'Thien Phuong Guesthouse', 'Rainbow Sa Pa Hotel', 'Nguyen Dang Guesthouse', 'Helios Sapa Hotel', 'Changed Hotel 232', 'Changed Hotel 37', 'SAPA FULL HOUSE HOTEL']"
Mountain Light Homestay,"['Changed Hotel 170', 'You hour homestay', 'Sapa Riverside Homestay', 'Homestay Séo Mý Tỷ', 'Sapa Tatu Homestay', 'River mountain view homestay', 'Vietoutdoors Homestay', 'Changed Hotel 139', 'Changed Hotel 144', 'Hmong Culture Homestay']"
Sapa Lao Chai View Homestay,"['Sapa Eco Homestay', 'Changed Hotel 73', 'CHI PAU SIN CHAI', ""My's Homestay sapa"", 'You hour homestay', 'Sapa Jungle Homestay', 'Changed Hotel 170', 'Hmong Culture Homestay', 'Changed Hotel 140', 'Stone Paradise Homestay']"
Sapa Stay,"['SaPa Peace Valley hotel', 'SAPA FULL HOUSE HOTEL', 'Helios Sapa Hotel', 'Changed Hotel 37', 'Sapa Snow Hotel', 'Sapa Lodge Hotel', 'Changed Hotel 96', 'HeLLo Sapa Hotel', 'Tubotel Sapa', 'Changed Hotel 183']"
Swing Sa Pa Homestay,"['You hour homestay', 'Homestay coldwinter Sapa', 'Changed Hotel 64', 'Bình Lan Hotel', 'Sapa Lodge Hotel', 'Tavan View Homestay', 'Paramount Homestay', 'Changed Hotel 183', 'Changed Hotel 63', 'Homestay Discovery Sapa']"
Tom hotel,"['Changed Hotel 198', 'Sapa Mountain City Hotel', 'My Dream Hotel 1', 'Changed Hotel 188', 'Phu Quy Hotel Sapa', 'Royal Hotel', 'SAPA FULL HOUSE HOTEL', 'Changed Hotel 164', 'Sapa Star Hotel', 'Sapa Lodge Hotel']"
Minh Anh Guesthouse 1,"['Sunset View Home 2', 'Sapa Mushroom Homestay 6', 'Sapa Friendly Inn & Travel 1', 'Sapa Odyssey Hostel 1', 'Sapa Friendly Inn & Travel 5', 'sapa eco terraces 5', 'Changed Hotel 379', 'Sapa House Hotel', 'Changed Hotel 331', 'Changed Hotel 295']"
Sharaton Boutique Hotel,"['The View Sapa Hotel', 'My Boutique Hotel & Spa', 'Homestay coldwinter Sapa', 'Changed Hotel 1', 'Sapa Melody Hotel', 'Changed Hotel 157', 'Hung Vuong hotel', 'Bình Lan Hotel', 'Changed Hotel 120', 'SaPa Peace Valley hotel']"
Cherry Hoa Dao,"['Cherry Hotel', 'Sapa Dao Homestay', 'The View Sapa Hotel', 'SAPA FULL HOUSE HOTEL', 'Hung Vuong hotel', 'Alpha Villa', 'Changed Hotel 217', 'Sapa Star Hotel', 'Changed Hotel 156', 'Changed Hotel 191']"
Tạo Phượng Sa Pa Hotel,"['Rainbow Sa Pa Hotel', 'Saparis Hotel', 'Changed Hotel 96', 'Changed Hotel 17', 'SaPa Peace Valley hotel', 'Sapa Van Hung Hotel', 'H&T Luxury Hotel', 'Changed Hotel 199', 'Sapa Star Hotel', 'Sapa Tulip Hotel']"
Homestay Discovery Sapa,"['Changed Hotel 103', 'You hour homestay', 'Discovery Hotel', 'Sapa Eco Homestay', 'Sapa Dao Homestay', 'Sapa Riverside Homestay', 'Sapa Fantasea Homestay', 'Changed Hotel 64', 'Changed Hotel 85', 'Swing Sa Pa Homestay']"
Hotel Sao Xanh,"['Alpha Villa', 'SAPA FULL HOUSE HOTEL', 'The View Sapa Hotel', 'Sapa Star Hotel', 'Minh Quang Hotel Sapa', 'Changed Hotel 232', 'Changed Hotel 211', 'Sapa Centre Hotel', 'Changed Hotel 17', 'ChiChi Hotel Sapa']"
Sunset View Home,"['Tavan View Homestay', 'Changed Hotel 63', 'You hour homestay', ""Sapa's Soul homestay"", 'Changed Hotel 116', 'D Home Sapa', 'Changed Hotel 86', 'D Home Sapa 2', 'Sapa Center View Hotel', 'Love House Sapa']"
sapa eco terraces,"['Sapa Eco Homestay', 'Changed Hotel 165', 'Cơmlam Eco House', 'Hmong Eco Villas', 'Homestay coldwinter Sapa', 'Eco Hills Homestay', 'Changed Hotel 65', 'Sapa Pine Hill Eco Lodge', 'Changed Hotel 63', 'Sapa Eco Bungalows & Spa']"
Sapa Mushroom Homestay,"['Vietoutdoors Homestay', 'Hmong Culture Homestay', 'Sapa Dao Homestay', 'Changed Hotel 139', 'Changed Hotel 12', 'PO homestay', ""Lenh's Family House"", 'You hour homestay', 'Green Sapa Homestay', 'Changed Hotel 236']"
Homestay số 91-Suối Hồ Sa Pa,"['Changed Hotel 134', 'Nhà Bên Suối homestay', 'Changed Hotel 40', 'Sapa Fantasea Homestay', 'Changed Hotel 151', 'Homestay coldwinter Sapa', 'Dzay house homestay', 'Tavan View Homestay', 'Sapa Dao Homestay', 'Homestay Discovery Sapa']"
Vip Sapa Hotel,"['Sapa Mountain Queen House', 'Changed Hotel 96', 'Changed Hotel 164', 'Changed Hotel 28', 'Sapa Dragon Hotel', 'Sapa Centre Hotel', 'Sapa Star Hotel', 'Sapa Cloud Hotel', 'SAPA FULL HOUSE HOTEL', 'Sapa Snow Hotel']"
Sapa Peaceful Hotel,"['Changed Hotel 120', 'Changed Hotel 96', 'HOTEL DE SAPA', 'SAPA FULL HOUSE HOTEL', 'Sapa Lodge Hotel', 'Sapa Valley view hotel', 'Changed Hotel 14', 'Sapa View Hotel', 'Sapa Vista Hotel', 'Liberty Sapa Hotel']"
Sapa Friendly Inn & Travel,"['Changed Hotel 205', 'Dang Khoa Garden Inn', 'Sapa View Hotel', 'Changed Hotel 35', 'SAPA FULL HOUSE HOTEL', 'Liberty Sapa Hotel', 'Changed Hotel 191', 'Sapa Star Hotel', 'SAPA GREEN FOREST HOTEL', 'DeLaSol Sapa Hotel']"
Minh Anh Guesthouse 2,"['Changed Hotel 289', 'Sapa House Hotel', 'Sharaton Boutique Hotel 3', 'Sapa Elite Hotel', 'Cherry Hoa Dao 9', 'Vip Sapa Hotel 8', 'Changed Hotel 306', 'Minh Anh Guesthouse 7', 'Minh Anh Guesthouse 1', 'Changed Hotel 130']"
Sharaton Boutique Hotel 1,"['Sunset View Home 4', 'Changed Hotel 342', 'Sapa Peaceful Hotel 5', 'Sharaton Boutique Hotel 3', 'Changed Hotel 317', 'Changed Hotel 355', 'Tạo Phượng Sa Pa Hotel 8', 'Sharaton Boutique Hotel 9', 'Sapa Wings Hotel 1', 'sapa eco terraces 1']"
Cherry Hoa Dao 1,"['Sunset View Home 3', 'Minh Anh Guesthouse 5', 'Changed Hotel 25', 'Tạo Phượng Sa Pa Hotel 1', 'Tạo Phượng Sa Pa Hotel 4', 'Sapa Odyssey Hostel 1', 'Changed Hotel 311', 'Minh Anh Guesthouse 7', 'Changed Hotel 281', 'Cherry Hoa Dao 9']"
Tạo Phượng Sa Pa Hotel 1,"['Changed Hotel 302', 'Cherry Hoa Dao 1', 'Tạo Phượng Sa Pa Hotel 9', 'Tạo Phượng Sa Pa Hotel 6', 'Changed Hotel 279', 'Cherry Hoa Dao 4', 'Changed Hotel 292', 'Tạo Phượng Sa Pa Hotel 4', 'Tạo Phượng Sa Pa Hotel 7', 'Tạo Phượng Sa Pa Hotel 8']"
Homestay Discovery Sapa 1,"['Changed Hotel 371', 'Homestay Discovery Sapa 7', 'Changed Hotel 332', 'Homestay Discovery Sapa 2', 'Homestay Discovery Sapa 4', 'Changed Hotel 293', 'Homestay Discovery Sapa 8', 'Homestay Discovery Sapa 5', 'sapa eco terraces 4', 'Sapa Mushroom Homestay 5']"
Hotel Sao Xanh 1,"['Vip Sapa Hotel 2', 'Hotel Sao Xanh 8', 'Changed Hotel 280', 'Changed Hotel 281', 'Changed Hotel 125', 'Hotel Sao Xanh 6', 'Sapa Peaceful Hotel 7', 'Homestay số 91-Suối Hồ Sa Pa 7', 'Hotel Sao Xanh 3', 'Hotel Sao Xanh 7']"
Sunset View Home 1,"['Sharaton Boutique Hotel 2', 'Homestay số 91-Suối Hồ Sa Pa 3', 'Hotel Sao Xanh 3', 'Homestay số 91-Suối Hồ Sa Pa 2', 'Changed Hotel 313', 'Cherry Hoa Dao 3', 'Changed Hotel 337', 'Changed Hotel 344', 'Sunset View Home 7', 'Sapa House Hotel']"
sapa eco terraces 1,"['Cherry Hoa Dao 8', 'Sapa Friendly Inn & Travel 8', 'sapa eco terraces 3', 'Changed Hotel 322', 'Tạo Phượng Sa Pa Hotel 8', 'sapa eco terraces 9', 'Changed Hotel 342', 'sapa eco terraces 7', 'sapa eco terraces 6', 'Changed Hotel 317']"
Sapa Mushroom Homestay 1,"['Changed Hotel 284', 'Changed Hotel 297', 'Sapa Friendly Inn & Travel 8', 'Changed Hotel 310', 'Sapa Mushroom Homestay 9', 'Sapa Mushroom Homestay 6', 'Sapa Mushroom Homestay 7', 'Sapa Mushroom Homestay 8', 'sapa eco terraces 1', 'Sapa Mushroom Homestay 5']"
Homestay số 91-Suối Hồ Sa Pa 1,"['Changed Hotel 349', 'sapa eco terraces 6', 'Hotel Sao Xanh 4', 'Homestay số 91-Suối Hồ Sa Pa 8', 'Changed Hotel 328', 'Sapa Mushroom Homestay 3', 'Hotel Sao Xanh 2', 'Homestay số 91-Suối Hồ Sa Pa 2', 'Changed Hotel 337', 'Homestay số 91-Suối Hồ Sa Pa 4']"
Vip Sapa Hotel 1,"['Vip Sapa Hotel 7', 'Changed Hotel 379', 'Changed Hotel 286', 'Changed Hotel 325', 'Hotel Sao Xanh 3', 'Vip Sapa Hotel 3', 'Cherry Hoa Dao 8', 'Vip Sapa Hotel 9', 'Sapa Friendly Inn & Travel 1', 'Minh Anh Guesthouse 3']"
Sapa Peaceful Hotel 1,"['sapa eco terraces 2', 'Changed Hotel 294', 'Sapa Peaceful Hotel 5', 'Sapa Peaceful Hotel 8', 'Changed Hotel 300', 'Sapa Peaceful Hotel 9', 'Sapa Peaceful Hotel 2', 'Sapa Peaceful Hotel 7', 'Changed Hotel 298', 'Sapa Peaceful Hotel 4']"
Sapa Friendly Inn & Travel 1,"['Sapa Friendly Inn & Travel 5', 'Sapa Odyssey Hostel 1', 'Changed Hotel 282', 'Minh Anh Guesthouse 1', 'Homestay Discovery Sapa 5', 'Sapa Friendly Inn & Travel 9', 'Sapa Mushroom Homestay 6', 'Homestay số 91-Suối Hồ Sa Pa 5', 'Changed Hotel 279', 'Changed Hotel 322']"
Minh Anh Guesthouse 3,"['Sapa House Hotel', 'Minh Anh Guesthouse 5', 'Changed Hotel 273', 'Sunset View Home 7', 'Changed Hotel 369', 'Sharaton Boutique Hotel 7', 'Hotel Sao Xanh 3', 'Tạo Phượng Sa Pa Hotel 5', 'Changed Hotel 329', 'Sapa Friendly Inn & Travel 9']"
Sharaton Boutique Hotel 2,"['Sharaton Boutique Hotel 6', 'Sunset View Home 7', 'Sharaton Boutique Hotel 7', 'Changed Hotel 269', 'Sapa Peaceful Hotel 3', 'Sharaton Boutique Hotel 9', 'Changed Hotel 290', 'Homestay số 91-Suối Hồ Sa Pa 3', 'Sharaton Boutique Hotel 4', 'Changed Hotel 264']"
Cherry Hoa Dao 2,"['Changed Hotel 356', 'Changed Hotel 320', 'Sapa Friendly Inn & Travel 7', 'Changed Hotel 317', 'Tạo Phượng Sa Pa Hotel 8', 'sapa eco terraces 1', 'Tạo Phượng Sa Pa Hotel 7', 'Sunset View Home 9', 'Cherry Hoa Dao 3', 'Sapa House Hotel']"
Tạo Phượng Sa Pa Hotel 2,"['Tạo Phượng Sa Pa Hotel 6', 'Tạo Phượng Sa Pa Hotel 3', 'Sapa Friendly Inn & Travel 4', 'Changed Hotel 370', 'Sunset View Home 6', 'Tạo Phượng Sa Pa Hotel 8', 'Changed Hotel 325', 'Tạo Phượng Sa Pa Hotel 1', 'Changed Hotel 318', 'Tạo Phượng Sa Pa Hotel 7']"
Homestay Discovery Sapa 2,"['Changed Hotel 268', 'Homestay Discovery Sapa 6', 'Homestay Discovery Sapa 1', 'Homestay Discovery Sapa 4', 'Homestay Discovery Sapa 9', 'Changed Hotel 293', 'Homestay Discovery Sapa 7', 'Homestay Discovery Sapa 8', 'Tạo Phượng Sa Pa Hotel 6', 'Changed Hotel 319']"
Hotel Sao Xanh 2,"['Hotel Sao Xanh 4', 'Changed Hotel 150', 'Hotel Sao Xanh 9', 'Changed Hotel 335', 'Hotel Sao Xanh 8', 'Minh Anh Guesthouse 7', 'Sunset View Home 3', 'Homestay số 91-Suối Hồ Sa Pa 1', 'Cherry Hoa Dao 1', 'Changed Hotel 294']"
Sunset View Home 2,"['Minh Anh Guesthouse 1', 'Sapa Friendly Inn & Travel 1', 'Sapa Odyssey Hostel 1', 'sapa eco terraces 5', 'Sapa Friendly Inn & Travel 5', 'Changed Hotel 336', 'Changed Hotel 295', 'Sapa House Hotel', 'Changed Hotel 25', 'Tạo Phượng Sa Pa Hotel 6']"
sapa eco terraces 2,"['sapa eco terraces 5', 'Sapa Peaceful Hotel 1', 'sapa eco terraces 9', 'Changed Hotel 335', 'sapa eco terraces 1', 'Changed Hotel 296', 'sapa eco terraces 7', 'sapa eco terraces 8', 'Changed Hotel 342', 'Sapa Peaceful Hotel 5']"
Sapa Mushroom Homestay 2,"['Sapa Mushroom Homestay 3', 'Sapa Mushroom Homestay 1', 'Changed Hotel 362', 'Sapa Mushroom Homestay 4', 'Changed Hotel 349', 'Sapa Mushroom Homestay 9', 'Homestay số 91-Suối Hồ Sa Pa 2', 'Changed Hotel 336', 'Homestay số 91-Suối Hồ Sa Pa 8', 'Homestay số 91-Suối Hồ Sa Pa 6']"
Homestay số 91-Suối Hồ Sa Pa 2,"['Homestay số 91-Suối Hồ Sa Pa 6', 'Homestay số 91-Suối Hồ Sa Pa 4', 'Homestay số 91-Suối Hồ Sa Pa 3', 'Homestay số 91-Suối Hồ Sa Pa 8', 'Changed Hotel 284', 'Homestay số 91-Suối Hồ Sa Pa 1', 'Changed Hotel 175', 'Changed Hotel 324', 'Sapa Peaceful Hotel 3', 'Cherry Hoa Dao 3']"
Vip Sapa Hotel 2,"['Hotel Sao Xanh 1', 'Hotel Sao Xanh 8', 'Vip Sapa Hotel 7', 'Changed Hotel 325', 'Changed Hotel 125', 'Vip Sapa Hotel 9', 'Changed Hotel 338', 'Vip Sapa Hotel 8', 'Vip Sapa Hotel 4', 'Vip Sapa Hotel 3']"
Sapa Peaceful Hotel 2,"['Sharaton Boutique Hotel 4', 'Sapa Mushroom Homestay 9', 'Sapa Peaceful Hotel 8', 'Sapa Peaceful Hotel 5', 'Sapa Peaceful Hotel 3', 'Changed Hotel 378', 'Sapa Peaceful Hotel 7', 'Changed Hotel 274', 'Sapa Peaceful Hotel 6', 'Changed Hotel 313']"
Sapa Friendly Inn & Travel 2,"['Sharaton Boutique Hotel 9', 'Sapa Friendly Inn & Travel 6', 'Hotel Sao Xanh 7', 'Sapa Friendly Inn & Travel 7', 'Sapa Friendly Inn & Travel 4', 'Changed Hotel 327', 'Sapa Friendly Inn & Travel 3', 'Changed Hotel 350', 'Changed Hotel 366', 'Sapa Friendly Inn & Travel 9']"
Minh Anh Guesthouse 4,"['Changed Hotel 225', 'Cherry Hoa Dao 9', 'Tạo Phượng Sa Pa Hotel 2', 'Changed Hotel 32', 'Minh Anh Guesthouse 2', 'Sapa Friendly Inn & Travel 4', 'sapa eco terraces 4', 'Changed Hotel 325', 'Tạo Phượng Sa Pa Hotel 6', 'Minh Anh Guesthouse 8']"
Sharaton Boutique Hotel 3,"['Sharaton Boutique Hotel 8', 'Changed Hotel 376', 'Sharaton Boutique Hotel 7', 'Vip Sapa Hotel 3', 'Changed Hotel 264', 'Sapa Elite Hotel', 'Sharaton Boutique Hotel 9', 'Changed Hotel 303', 'Sharaton Boutique Hotel 2', 'Sharaton Boutique Hotel 6']"
Cherry Hoa Dao 3,"['Changed Hotel 320', 'Cherry Hoa Dao 4', 'Cherry Hoa Dao 5', 'Tạo Phượng Sa Pa Hotel 7', 'Sapa Peaceful Hotel 7', 'Changed Hotel 285', 'Homestay số 91-Suối Hồ Sa Pa 6', 'Changed Hotel 300', 'Sunset View Home 1', 'Vip Sapa Hotel 5']"
Tạo Phượng Sa Pa Hotel 3,"['Tạo Phượng Sa Pa Hotel 2', 'Tạo Phượng Sa Pa Hotel 6', 'Changed Hotel 314', 'Changed Hotel 370', 'Cherry Hoa Dao 4', 'Tạo Phượng Sa Pa Hotel 8', 'Tạo Phượng Sa Pa Hotel 5', 'Changed Hotel 266', 'Tạo Phượng Sa Pa Hotel 7', 'Minh Anh Guesthouse 8']"
Homestay Discovery Sapa 3,"['Homestay Discovery Sapa 6', 'Homestay Discovery Sapa 5', 'Changed Hotel 358', 'Changed Hotel 360', 'Homestay Discovery Sapa 2', 'Homestay Discovery Sapa 4', 'Changed Hotel 267', 'Homestay Discovery Sapa 7', 'Homestay Discovery Sapa 9', 'Homestay Discovery Sapa']"
Hotel Sao Xanh 3,"['Sapa Peaceful Hotel 1', 'Homestay số 91-Suối Hồ Sa Pa 3', 'Sunset View Home 1', 'Changed Hotel 281', 'Cherry Hoa Dao 9', 'Hotel Sao Xanh 8', 'Changed Hotel 268', 'Changed Hotel 273', 'Sharaton Boutique Hotel 2', 'Hotel Sao Xanh 4']"
Sunset View Home 3,"['Camellia Guest House 1', 'Changed Hotel 265', 'Changed Hotel 175', 'Minh Anh Guesthouse 7', 'Hotel Sao Xanh 2', 'Homestay số 91-Suối Hồ Sa Pa 4', 'sapa eco terraces 6', 'Changed Hotel 32', 'Sunset View Home 2', 'Cherry Hoa Dao 9']"
sapa eco terraces 3,"['sapa eco terraces 8', 'sapa eco terraces 9', 'sapa eco terraces 7', 'Pi’s Boutique Sapa 1', 'Changed Hotel 322', 'Changed Hotel 270', 'sapa eco terraces 6', 'Homestay số 91-Suối Hồ Sa Pa 6', 'sapa eco terraces 2', 'Changed Hotel 285']"
Sapa Mushroom Homestay 3,"['sapa eco terraces 9', 'Sapa Mushroom Homestay 4', 'Changed Hotel 284', 'Sapa Mushroom Homestay 7', 'Changed Hotel 375', 'Sapa Mushroom Homestay 6', 'Changed Hotel 315', 'Sapa Mushroom Homestay 1', 'Sapa Mushroom Homestay 5', 'Sapa Mushroom Homestay 8']"
Homestay số 91-Suối Hồ Sa Pa 3,"['Changed Hotel 285', 'Homestay số 91-Suối Hồ Sa Pa 6', 'Sunset View Home 1', 'Hotel Sao Xanh 3', 'Sharaton Boutique Hotel 2', 'Homestay số 91-Suối Hồ Sa Pa 4', 'Changed Hotel 272', 'Homestay số 91-Suối Hồ Sa Pa 8', 'Homestay số 91-Suối Hồ Sa Pa 5', 'Changed Hotel 376']"
Vip Sapa Hotel 3,"['Sharaton Boutique Hotel 8', 'Changed Hotel 376', 'Sharaton Boutique Hotel 3', 'Vip Sapa Hotel 5', 'Changed Hotel 312', 'Vip Sapa Hotel 2', 'Vip Sapa Hotel 9', 'Vip Sapa Hotel 7', 'Changed Hotel 302', 'Vip Sapa Hotel 8']"
Sapa Peaceful Hotel 3,"['Sapa Peaceful Hotel 8', 'Sapa Peaceful Hotel 7', 'Changed Hotel 277', 'Changed Hotel 329', 'Sapa Peaceful Hotel 5', 'Changed Hotel 285', 'Sapa Peaceful Hotel 2', 'Sapa Peaceful Hotel 9', 'Sapa Peaceful Hotel 1', 'Cherry Hoa Dao 3']"
Sapa Friendly Inn & Travel 3,"['Sapa Friendly Inn & Travel 9', 'Changed Hotel 50', 'Changed Hotel 370', 'Changed Hotel 361', 'Bonjour Sa Pa Hotel', 'Hotel Sao Xanh 9', 'Sapa Friendly Inn & Travel 4', 'Sapa Friendly Inn & Travel 2', 'Sapa Friendly Inn & Travel 5', 'Sapa Friendly Inn & Travel 6']"
Minh Anh Guesthouse 5,"['Changed Hotel 265', 'Tạo Phượng Sa Pa Hotel 1', 'Tạo Phượng Sa Pa Hotel 4', 'Homestay số 91-Suối Hồ Sa Pa 9', 'Sharaton Boutique Hotel 8', 'Vip Sapa Hotel 3', 'Changed Hotel 131', 'Changed Hotel 342', 'Sunset View Home 4', 'Sapa Elite Hotel']"
Sharaton Boutique Hotel 4,"['Changed Hotel 375', 'Sapa Peaceful Hotel 2', 'Sharaton Boutique Hotel 3', 'Changed Hotel 355', 'Sharaton Boutique Hotel 7', 'Sharaton Boutique Hotel 2', 'Sharaton Boutique Hotel 9', 'Changed Hotel 316', 'Sharaton Boutique Hotel 6', 'Sharaton Boutique Hotel 1']"
Cherry Hoa Dao 4,"['Changed Hotel 341', 'Sunset View Home 6', 'Cherry Hoa Dao 3', 'Changed Hotel 325', 'Tạo Phượng Sa Pa Hotel 3', 'Homestay số 91-Suối Hồ Sa Pa 6', 'Sapa Peaceful Hotel 5', 'Tạo Phượng Sa Pa Hotel 1', 'Changed Hotel 356', 'Sapa Capsule Hotel 1']"
Tạo Phượng Sa Pa Hotel 4,"['Changed Hotel 302', 'Cherry Hoa Dao 1', 'Sunset View Home 4', 'Tạo Phượng Sa Pa Hotel 1', 'Sapa House Hotel', 'Changed Hotel 281', 'Minh Anh Guesthouse 10', 'Sharaton Boutique Hotel 1', 'Changed Hotel 360', 'Hotel Sao Xanh 9']"
Homestay Discovery Sapa 4,"['Homestay Discovery Sapa 7', 'Changed Hotel 319', 'Changed Hotel 332', 'Homestay Discovery Sapa 2', 'Homestay Discovery Sapa 1', 'Homestay Discovery Sapa 3', 'Homestay Discovery Sapa 8', 'Sapa Elite Hotel', 'Changed Hotel 371', 'Sapa Wings Hotel 2']"
Hotel Sao Xanh 4,"['Hotel Sao Xanh 2', 'Homestay số 91-Suối Hồ Sa Pa 1', 'Minh Anh Guesthouse 7', 'Changed Hotel 349', 'sapa eco terraces 6', 'Changed Hotel 265', 'Changed Hotel 295', 'Homestay Discovery Sapa 4', 'Sapa Elite Hotel', 'Hotel Sao Xanh 7']"
Sunset View Home 4,"['Sharaton Boutique Hotel 1', 'Sharaton Boutique Hotel 7', 'Changed Hotel 317', 'Tạo Phượng Sa Pa Hotel 8', 'Sapa Peaceful Hotel 5', 'Tạo Phượng Sa Pa Hotel 4', 'Changed Hotel 356', 'Hotel Sao Xanh 2', 'Minh Anh Guesthouse 5', 'Changed Hotel 360']"
sapa eco terraces 4,"['Homestay Discovery Sapa 9', 'Sapa Mushroom Homestay 8', 'Changed Hotel 267', 'Changed Hotel 32', 'Minh Anh Guesthouse 4', 'sapa eco terraces 3', 'Cherry Hoa Dao 9', 'Pi’s Boutique Sapa 1', 'Changed Hotel 266', 'Sunset View Home 9']"
Sapa Mushroom Homestay 4,"['Sapa Mushroom Homestay 6', 'Changed Hotel 297', 'Sapa Mushroom Homestay 7', 'Sapa Mushroom Homestay 2', 'Changed Hotel 271', 'Changed Hotel 362', 'Sapa Mushroom Homestay 9', 'Vip Sapa Hotel 8', 'Homestay số 91-Suối Hồ Sa Pa 1', 'Sapa Mushroom Homestay 5']"
Homestay số 91-Suối Hồ Sa Pa 4,"['Changed Hotel 285', 'Changed Hotel 363', 'Sapa Odyssey Hostel 1', 'Homestay số 91-Suối Hồ Sa Pa 5', 'Sunset View Home 3', 'Cherry Hoa Dao 1', 'Changed Hotel 284', 'Sharaton Boutique Hotel 5', 'Homestay số 91-Suối Hồ Sa Pa 3', 'Homestay số 91-Suối Hồ Sa Pa 1']"
Vip Sapa Hotel 4,"['The View Sapa Hotel 1', 'Changed Hotel 131', 'Vip Sapa Hotel 2', 'Changed Hotel 325', 'Vip Sapa Hotel 3', 'Changed Hotel 377', 'Vip Sapa Hotel 7', 'Vip Sapa Hotel 8', 'Vip Sapa Hotel 6', 'Sapa Mountain Queen House']"
Sapa Peaceful Hotel 4,"['Changed Hotel 368', 'Sunset View Home 1', 'Sapa Peaceful Hotel 8', 'Sapa Friendly Inn & Travel 2', 'Changed Hotel 300', 'Changed Hotel 326', 'Sharaton Boutique Hotel 2', 'Sapa Peaceful Hotel 2', 'Sharaton Boutique Hotel 6', 'Sapa Peaceful Hotel 9']"
Sapa Friendly Inn & Travel 4,"['Tạo Phượng Sa Pa Hotel 3', 'Sapa Friendly Inn & Travel 5', 'Tạo Phượng Sa Pa Hotel 2', 'Changed Hotel 353', 'Changed Hotel 366', 'Vip Sapa Hotel 5', 'Changed Hotel 340', 'Sapa Friendly Inn & Travel 9', 'Sapa Friendly Inn & Travel 2', 'Sapa Friendly Inn & Travel 3']"
Minh Anh Guesthouse 6,"['Phuong Nam Hotel 1', 'Changed Hotel 297', 'sapa eco terraces 9', 'Changed Hotel 127', 'Sunset View Home 3', 'Sapa House Hotel', 'Sapa Mushroom Homestay 7', 'sapa eco terraces 6', 'Sapa Elite Hotel', 'Changed Hotel 306']"
Sharaton Boutique Hotel 5,"['Sapa Peaceful Hotel 8', 'Sapa Peaceful Hotel 7', 'Changed Hotel 363', 'Changed Hotel 321', 'Homestay số 91-Suối Hồ Sa Pa 4', 'Sharaton Boutique Hotel 4', 'Sharaton Boutique Hotel 7', 'Sharaton Boutique Hotel 2', 'Sharaton Boutique Hotel 9', 'Changed Hotel 329']"
Cherry Hoa Dao 5,"['Tạo Phượng Sa Pa Hotel 8', 'Sapa Friendly Inn & Travel 8', 'Hotel Sao Xanh 5', 'Changed Hotel 278', 'Sunset View Home 4', 'Sharaton Boutique Hotel 7', 'Sharaton Boutique Hotel 1', 'Changed Hotel 270', 'Cherry Hoa Dao 3', 'Changed Hotel 356']"
Tạo Phượng Sa Pa Hotel 5,"['Tạo Phượng Sa Pa Hotel 7', 'Tạo Phượng Sa Pa Hotel 6', 'Sapa Friendly Inn & Travel 9', 'Tạo Phượng Sa Pa Hotel 3', 'Changed Hotel 357', 'Tạo Phượng Sa Pa Hotel 2', 'Tạo Phượng Sa Pa Hotel 9', 'Tạo Phượng Sa Pa Hotel 1', 'Changed Hotel 332', 'Changed Hotel 268']"
Homestay Discovery Sapa 5,"['Homestay Discovery Sapa 4', 'Homestay Discovery Sapa 3', 'Changed Hotel 332', 'Changed Hotel 358', 'Changed Hotel 280', 'Homestay Discovery Sapa 1', 'Homestay Discovery Sapa 7', 'Sapa Friendly Inn & Travel 1', 'Homestay Discovery Sapa 9', 'Homestay số 91-Suối Hồ Sa Pa 5']"
Hotel Sao Xanh 5,"['Cherry Hoa Dao 2', 'Cherry Hoa Dao 5', 'Changed Hotel 357', 'Cherry Hoa Dao 3', 'Changed Hotel 344', 'Sapa House Hotel', 'Sapa Friendly Inn & Travel 7', 'Sapa Friendly Inn & Travel 8', 'Homestay Discovery Sapa 6', 'Changed Hotel 343']"
Sunset View Home 5,"['Sharaton Boutique Hotel 5', 'Sapa Peaceful Hotel 8', 'Changed Hotel 352', 'Homestay số 91-Suối Hồ Sa Pa 8', 'Changed Hotel 32', 'Homestay số 91-Suối Hồ Sa Pa 4', 'Changed Hotel 282', 'Sapa Friendly Inn & Travel 1', 'Cherry Hoa Dao 3', 'Cherry Hoa Dao 7']"
sapa eco terraces 5,"['sapa eco terraces 6', 'Sapa Friendly Inn & Travel 5', 'Changed Hotel 296', 'sapa eco terraces 9', 'sapa eco terraces 2', 'sapa eco terraces 1', 'Changed Hotel 348', 'sapa eco terraces 8', 'Sunset View Home 2', 'Changed Hotel 250']"
Sapa Mushroom Homestay 5,"['Sapa Peaceful Hotel 6', 'Changed Hotel 200', 'Sapa Mushroom Homestay 3', 'Changed Hotel 284', 'Sapa Mushroom Homestay 1', 'Sapa Mushroom Homestay 4', 'Sapa Mushroom Homestay 6', 'Sapa Mushroom Homestay 8', 'Changed Hotel 349', 'Sapa Mushroom Homestay 9']"
Homestay số 91-Suối Hồ Sa Pa 5,"['Homestay Discovery Sapa 8', 'Ehome Sapa 1', 'Homestay số 91-Suối Hồ Sa Pa 4', 'Changed Hotel 285', 'Homestay số 91-Suối Hồ Sa Pa 1', 'Changed Hotel 337', 'Homestay số 91-Suối Hồ Sa Pa 8', 'Homestay số 91-Suối Hồ Sa Pa 9', 'Sapa Friendly Inn & Travel 1', 'Changed Hotel 175']"
Vip Sapa Hotel 5,"['Vip Sapa Hotel 9', 'Vip Sapa Hotel 7', 'Vip Sapa Hotel 2', 'Vip Sapa Hotel 8', 'Changed Hotel 304', 'Changed Hotel 338', 'Changed Hotel 299', 'Vip Sapa Hotel 4', 'Sapa Friendly Inn & Travel 4', 'Homestay số 91-Suối Hồ Sa Pa 6']"
Sapa Peaceful Hotel 5,"['Sharaton Boutique Hotel 7', 'Sapa Capsule Hotel 1', 'Changed Hotel 264', 'Sapa Peaceful Hotel 8', 'Changed Hotel 304', 'Sunset View Home 4', 'Sapa Peaceful Hotel 7', 'Minh Anh Guesthouse 8', 'Sapa Peaceful Hotel 2', 'Changed Hotel 357']"
Sapa Friendly Inn & Travel 5,"['Sapa Odyssey Hostel 1', 'Sapa Friendly Inn & Travel 9', 'sapa eco terraces 5', 'Changed Hotel 275', 'Sapa Friendly Inn & Travel 4', 'Changed Hotel 353', 'Sapa Friendly Inn & Travel 6', 'Changed Hotel 336', 'Minh Anh Guesthouse 1', 'Sapa Friendly Inn & Travel 8']"
Minh Anh Guesthouse 7,"['Changed Hotel 335', 'Homestay số 91-Suối Hồ Sa Pa 1', 'Hotel Sao Xanh 4', 'Sunset View Home 3', 'Hotel Sao Xanh 2', 'Sapa Mushroom Homestay 7', 'Changed Hotel 130', 'Changed Hotel 265', 'Camellia Guest House 1', 'Sapa House Hotel']"
Sharaton Boutique Hotel 6,"['Changed Hotel 277', 'Sunset View Home 7', 'Sharaton Boutique Hotel 7', 'Sharaton Boutique Hotel 8', 'Sapa Peaceful Hotel 3', 'Sharaton Boutique Hotel 9', 'Sharaton Boutique Hotel 3', 'Changed Hotel 303', 'Changed Hotel 264', 'Phủ Giáng Vân Homestay Sapa 1']"
Cherry Hoa Dao 6,"['Sapa Friendly Inn & Travel 6', 'Cherry Hoa Dao 7', 'Changed Hotel 317', 'Tạo Phượng Sa Pa Hotel 8', 'Changed Hotel 356', 'Homestay số 91-Suối Hồ Sa Pa 6', 'Sapa House Hotel', 'sapa eco terraces 1', 'Changed Hotel 308', 'Pi’s Boutique Sapa 1']"
Tạo Phượng Sa Pa Hotel 6,"['Tạo Phượng Sa Pa Hotel 2', 'Changed Hotel 292', 'Changed Hotel 318', 'Tạo Phượng Sa Pa Hotel 8', 'Tạo Phượng Sa Pa Hotel 9', 'Homestay Discovery Sapa 2', 'Changed Hotel 344', 'Tạo Phượng Sa Pa Hotel 1', 'Vip Sapa Hotel 8', 'sapa eco terraces 5']"
Homestay Discovery Sapa 6,"['Changed Hotel 267', 'Homestay Discovery Sapa 3', 'Homestay Discovery Sapa 2', 'Changed Hotel 306', 'Changed Hotel 371', 'Homestay Discovery Sapa 7', 'Homestay Discovery Sapa 8', 'Homestay Discovery Sapa 5', 'Sunset View Home 9', 'Tạo Phượng Sa Pa Hotel 5']"
Hotel Sao Xanh 6,"['Vip Sapa Hotel 7', 'sapa eco terraces 7', 'Hotel Sao Xanh 8', 'Changed Hotel 268', 'Hotel Sao Xanh 2', 'Cherry Hoa Dao 9', 'Changed Hotel 294', 'Vip Sapa Hotel 5', 'Hotel Sao Xanh 7', 'Changed Hotel 32']"
Sunset View Home 6,"['Cherry Hoa Dao 4', 'Minh Anh Guesthouse 8', 'Tạo Phượng Sa Pa Hotel 2', 'Sunset View Home 7', 'Changed Hotel 250', 'Sapa House Hotel', 'Changed Hotel 291', 'Sharaton Boutique Hotel 2', 'Sapa Friendly Inn & Travel 3', 'Changed Hotel 300']"
sapa eco terraces 6,"['Changed Hotel 322', 'Changed Hotel 272', 'Minh Anh Guesthouse 7', 'sapa eco terraces 9', 'Hotel Sao Xanh 2', 'sapa eco terraces 3', 'Changed Hotel 270', 'Phuong Nam Hotel 1', 'sapa eco terraces 7', 'sapa eco terraces 2']"
Sapa Mushroom Homestay 6,"['Sapa Mushroom Homestay 4', 'Changed Hotel 250', 'Changed Hotel 297', 'Changed Hotel 349', 'Sapa Odyssey Hostel 1', 'Sapa Mushroom Homestay 1', 'Sapa Mushroom Homestay 2', 'Sapa Friendly Inn & Travel 5', 'Sapa Mushroom Homestay 8', 'Sapa Mushroom Homestay 9']"
Homestay số 91-Suối Hồ Sa Pa 6,"['Homestay số 91-Suối Hồ Sa Pa 2', 'Homestay số 91-Suối Hồ Sa Pa 3', 'Homestay số 91-Suối Hồ Sa Pa 8', 'Changed Hotel 296', 'Cherry Hoa Dao 4', 'Changed Hotel 362', 'Changed Hotel 272', 'Vip Sapa Hotel 5', 'Sapa Mushroom Homestay 2', 'Sapa Friendly Inn & Travel 8']"
Vip Sapa Hotel 6,"['Vip Sapa Hotel 2', 'Vip Sapa Hotel 5', 'Vip Sapa Hotel 9', 'Vip Sapa Hotel 7', 'Vip Sapa Hotel 4', 'Changed Hotel 364', 'Changed Hotel 299', 'Sapa Mountain Queen House', 'Homestay Discovery Sapa 9', 'Changed Hotel 273']"
Sapa Peaceful Hotel 6,"['May Nui Sa Pa Hostel 1', 'Changed Hotel 323', 'Sapa Peaceful Hotel 5', 'Sapa Peaceful Hotel 8', 'Homestay Discovery Sapa 1', 'Changed Hotel 287', 'Changed Hotel 300', 'Sapa Peaceful Hotel 9', 'Sapa Peaceful Hotel 7', 'sapa eco terraces 9']"
Sapa Friendly Inn & Travel 6,"['Sapa Friendly Inn & Travel 8', 'Changed Hotel 288', 'Sapa Friendly Inn & Travel 5', 'Cherry Hoa Dao 6', 'Changed Hotel 365', 'Sapa Friendly Inn & Travel 4', 'Sapa Friendly Inn & Travel 9', 'Changed Hotel 301', 'Sapa Mushroom Homestay 2', 'Sapa Friendly Inn & Travel 7']"
Minh Anh Guesthouse 8,"['Cherry Hoa Dao 4', 'Changed Hotel 334', 'Sapa Peaceful Hotel 5', 'Changed Hotel 292', 'Sapa House Hotel', 'Minh Anh Guesthouse 4', 'Changed Hotel 80', 'Hotel Sao Xanh 9', 'Tạo Phượng Sa Pa Hotel 9', 'Cherry Hoa Dao 8']"
Sharaton Boutique Hotel 7,"['Sharaton Boutique Hotel 1', 'Sapa Peaceful Hotel 5', 'Changed Hotel 355', 'Sharaton Boutique Hotel 3', 'Sharaton Boutique Hotel 6', 'Sunset View Home 4', 'Changed Hotel 317', 'sapa eco terraces 1', 'Changed Hotel 357', 'Cherry Hoa Dao 8']"
Cherry Hoa Dao 7,"['Cherry Hoa Dao 5', 'Cherry Hoa Dao 6', 'Sapa House Hotel', 'Tạo Phượng Sa Pa Hotel 8', 'Cherry Hoa Dao 8', 'Sunset View Home 4', 'Changed Hotel 373', 'Changed Hotel 320', 'Phuong Nam Hotel 1', 'Changed Hotel 366']"
Tạo Phượng Sa Pa Hotel 7,"['Changed Hotel 318', 'Tạo Phượng Sa Pa Hotel 8', 'Tạo Phượng Sa Pa Hotel 6', 'Changed Hotel 320', 'Cherry Hoa Dao 3', 'Tạo Phượng Sa Pa Hotel 9', 'Tạo Phượng Sa Pa Hotel 3', 'Cherry Hoa Dao 2', 'Changed Hotel 353', 'Tạo Phượng Sa Pa Hotel 1']"
Homestay Discovery Sapa 7,"['Changed Hotel 267', 'Homestay Discovery Sapa 4', 'Homestay Discovery Sapa 6', 'Homestay Discovery Sapa 2', 'Changed Hotel 293', 'Homestay Discovery Sapa 8', 'Homestay Discovery Sapa 5', 'Homestay Discovery Sapa 9', 'Changed Hotel 311', 'Homestay số 91-Suối Hồ Sa Pa 8']"
Hotel Sao Xanh 7,"['Sapa Friendly Inn & Travel 2', 'Changed Hotel 281', 'Hotel Sao Xanh 8', 'Hotel Sao Xanh 4', 'Hotel Sao Xanh 1', 'Sharaton Boutique Hotel 9', 'Hotel Sao Xanh 6', 'Changed Hotel 267', 'Changed Hotel 32', 'Hotel Sao Xanh 3']"
Sunset View Home 7,"['Sharaton Boutique Hotel 6', 'Phủ Giáng Vân Homestay Sapa 1', 'Changed Hotel 277', 'Minh Anh Guesthouse 5', 'Hotel Sao Xanh 1', 'Sunset View Home 6', 'Changed Hotel 276', 'Sapa Peaceful Hotel 3', 'Changed Hotel 32', 'Cherry Hoa Dao 4']"
sapa eco terraces 7,"['Changed Hotel 333', 'sapa eco terraces 3', 'sapa eco terraces 9', 'sapa eco terraces 5', 'Vip Sapa Hotel 7', 'Changed Hotel 270', 'sapa eco terraces 6', 'Changed Hotel 361', 'Pi’s Boutique Sapa 1', 'sapa eco terraces 2']"
Sapa Mushroom Homestay 7,"['Homestay số 91-Suối Hồ Sa Pa 1', 'Sapa Mushroom Homestay 4', 'Sapa Mushroom Homestay 3', 'Sapa Mushroom Homestay 6', 'Sapa Mushroom Homestay 2', 'Changed Hotel 328', 'Sapa Mushroom Homestay 1', 'Changed Hotel 150', 'Changed Hotel 362', 'Sapa Mushroom Homestay 9']"
Homestay số 91-Suối Hồ Sa Pa 7,"['Sapa Friendly Inn & Travel 2', 'Changed Hotel 337', 'Homestay số 91-Suối Hồ Sa Pa 8', 'Homestay số 91-Suối Hồ Sa Pa 2', 'Hotel Sao Xanh 1', 'Homestay Discovery Sapa 2', 'Changed Hotel 272', 'Changed Hotel 311', 'Homestay số 91-Suối Hồ Sa Pa 5', 'Homestay số 91-Suối Hồ Sa Pa 3']"
Vip Sapa Hotel 7,"['Hotel Sao Xanh 6', 'Vip Sapa Hotel 5', 'Vip Sapa Hotel 2', 'Vip Sapa Hotel 9', 'Changed Hotel 364', 'sapa eco terraces 7', 'Vip Sapa Hotel 6', 'Changed Hotel 312', 'Changed Hotel 299', 'Vip Sapa Hotel 1']"
Sapa Peaceful Hotel 7,"['Sapa Peaceful Hotel 8', 'Sharaton Boutique Hotel 5', 'Sapa Peaceful Hotel 3', 'Changed Hotel 326', 'Cherry Hoa Dao 3', 'Homestay số 91-Suối Hồ Sa Pa 8', 'Vip Sapa Hotel 2', 'Changed Hotel 287', 'Hotel Sao Xanh 1', 'Changed Hotel 311']"
Sapa Friendly Inn & Travel 7,"['Cherry Hoa Dao 2', 'Changed Hotel 327', 'Sapa Friendly Inn & Travel 4', 'Sapa Friendly Inn & Travel 8', 'Sapa Friendly Inn & Travel 2', 'Changed Hotel 344', 'Hotel Sao Xanh 5', 'Sapa Friendly Inn & Travel 6', 'sapa eco terraces 1', 'Changed Hotel 379']"
Minh Anh Guesthouse 9,"['Changed Hotel 369', 'Changed Hotel 32', 'Minh Anh Guesthouse 4', 'sapa eco terraces 4', 'Changed Hotel 263', 'Tạo Phượng Sa Pa Hotel 7', 'Sapa Capsule Hotel 1', 'Sunset View Home 2', 'Hotel Sao Xanh 6', 'Sharaton Boutique Hotel 9']"
Sharaton Boutique Hotel 8,"['Changed Hotel 376', 'Changed Hotel 299', 'Sharaton Boutique Hotel 3', 'Changed Hotel 342', 'Sharaton Boutique Hotel 1', 'Sharaton Boutique Hotel 6', 'Minh Anh Guesthouse 5', 'Sharaton Boutique Hotel 4', 'Sapa Elite Hotel', 'Sharaton Boutique Hotel 2']"
Cherry Hoa Dao 8,"['Cherry Hoa Dao 2', 'Changed Hotel 270', 'Sharaton Boutique Hotel 7', 'Cherry Hoa Dao 5', 'Changed Hotel 357', 'Sunset View Home 9', 'Sunset View Home 4', 'Sapa Peaceful Hotel 5', 'Changed Hotel 304', 'Vip Sapa Hotel 1']"
Tạo Phượng Sa Pa Hotel 8,"['Cherry Hoa Dao 5', 'Sapa Friendly Inn & Travel 8', 'Hotel Sao Xanh 5', 'Tạo Phượng Sa Pa Hotel 6', 'Changed Hotel 270', 'Cherry Hoa Dao 2', 'Changed Hotel 344', 'Sharaton Boutique Hotel 7', 'Changed Hotel 308', 'Tạo Phượng Sa Pa Hotel 9']"
Homestay Discovery Sapa 8,"['Changed Hotel 126', 'Homestay số 91-Suối Hồ Sa Pa 5', 'Homestay Discovery Sapa 3', 'Homestay Discovery Sapa 6', 'Changed Hotel 280', 'Homestay Discovery Sapa 4', 'Homestay Discovery Sapa 5', 'Homestay Discovery Sapa 1', 'Homestay Discovery Sapa 7', 'Changed Hotel 371']"
Hotel Sao Xanh 8,"['Hotel Sao Xanh 1', 'Changed Hotel 286', 'Changed Hotel 125', 'Sapa Peaceful Hotel 8', 'Changed Hotel 281', 'Hotel Sao Xanh 6', 'Homestay Discovery Sapa 2', 'Hotel Sao Xanh 7', 'Sapa House Hotel', 'Hotel Sao Xanh 3']"
Sunset View Home 8,"['Homestay Discovery Sapa 3', 'Sunset View Home 4', 'Hotel Sao Xanh 2', 'Sharaton Boutique Hotel 1', 'Sapa House Hotel', 'Changed Hotel 302', 'Sharaton Boutique Hotel 7', 'Changed Hotel 305', 'Changed Hotel 372', 'Sapa Peaceful Hotel 5']"
sapa eco terraces 8,"['Changed Hotel 372', 'Tạo Phượng Sa Pa Hotel 9', 'Changed Hotel 53', 'sapa eco terraces 3', 'Changed Hotel 301', 'sapa eco terraces 5', 'sapa eco terraces 1', 'sapa eco terraces 7', 'sapa eco terraces 6', 'Son Ha Hotel SAPA 1']"
Sapa Mushroom Homestay 8,"['Changed Hotel 371', 'Changed Hotel 309', 'Sapa Mushroom Homestay 2', 'Sapa Mushroom Homestay 4', 'Changed Hotel 297', 'Sapa Mushroom Homestay 1', 'Sapa Mushroom Homestay 7', 'Homestay số 91-Suối Hồ Sa Pa 6', 'Homestay số 91-Suối Hồ Sa Pa 9', 'Sapa Mushroom Homestay 6']"
Homestay số 91-Suối Hồ Sa Pa 8,"['Changed Hotel 311', 'Homestay số 91-Suối Hồ Sa Pa 1', 'Homestay số 91-Suối Hồ Sa Pa 2', 'Homestay số 91-Suối Hồ Sa Pa 6', 'Changed Hotel 365', 'Changed Hotel 316', 'Sapa Mushroom Homestay 2', 'Homestay số 91-Suối Hồ Sa Pa 5', 'Sapa Peaceful Hotel 7', 'Homestay số 91-Suối Hồ Sa Pa 3']"
Vip Sapa Hotel 8,"['Changed Hotel 325', 'Changed Hotel 351', 'Vip Sapa Hotel 2', 'Sapa Mushroom Homestay 4', 'Vip Sapa Hotel 9', 'Vip Sapa Hotel 4', 'Tạo Phượng Sa Pa Hotel 6', 'Vip Sapa Hotel 6', 'Changed Hotel 335', 'Vip Sapa Hotel 3']"
Sapa Peaceful Hotel 8,"['Sapa Peaceful Hotel 7', 'Changed Hotel 316', 'Sapa Peaceful Hotel 5', 'Changed Hotel 300', 'Hotel Sao Xanh 8', 'Homestay số 91-Suối Hồ Sa Pa 8', 'Changed Hotel 287', 'Sapa Friendly Inn & Travel 6', 'Sapa Peaceful Hotel 9', 'Sunset View Home 5']"
Sapa Friendly Inn & Travel 8,"['Cherry Hoa Dao 5', 'Tạo Phượng Sa Pa Hotel 8', 'Sapa Friendly Inn & Travel 6', 'sapa eco terraces 1', 'Sapa Mushroom Homestay 1', 'Sapa Friendly Inn & Travel 4', 'Changed Hotel 353', 'Changed Hotel 379', 'Changed Hotel 342', 'Sapa Friendly Inn & Travel 5']"
Minh Anh Guesthouse 10,"['Sapa House Hotel', 'Tạo Phượng Sa Pa Hotel 4', 'Changed Hotel 303', 'Sunset View Home 4', 'Sapa Mushroom Homestay 9', 'Cherry Hoa Dao 9', 'Sharaton Boutique Hotel 1', 'Changed Hotel 287', 'Minh Anh Guesthouse 4', 'Changed Hotel 97']"
Sharaton Boutique Hotel 9,"['Sapa Friendly Inn & Travel 2', 'Sharaton Boutique Hotel 3', 'Changed Hotel 277', 'Sharaton Boutique Hotel 1', 'Changed Hotel 329', 'Sharaton Boutique Hotel 7', 'Sapa Peaceful Hotel 9', 'Sharaton Boutique Hotel 4', 'Changed Hotel 355', 'Sapa Peaceful Hotel 4']"
Cherry Hoa Dao 9,"['Minh Anh Guesthouse 4', 'Sen Vang 2 Hotel 1', 'Hotel Sao Xanh 3', 'Changed Hotel 265', 'Changed Hotel 295', 'Sapa Odyssey Hostel 1', 'Sharaton Boutique Hotel 3', 'Minh Anh Guesthouse 9', 'Changed Hotel 263', 'Tạo Phượng Sa Pa Hotel 2']"
Tạo Phượng Sa Pa Hotel 9,"['sapa eco terraces 8', 'Hotel Sao Xanh 9', 'Bonjour Sa Pa Hotel', 'Changed Hotel 331', 'Changed Hotel 301', 'Tạo Phượng Sa Pa Hotel 3', 'Tạo Phượng Sa Pa Hotel 1', 'Changed Hotel 279', 'Son Ha Hotel SAPA 1', 'Tạo Phượng Sa Pa Hotel 8']"
Homestay Discovery Sapa 9,"['sapa eco terraces 4', 'Changed Hotel 267', 'Changed Hotel 362', 'Homestay Discovery Sapa 2', 'Homestay Discovery Sapa 6', 'Changed Hotel 306', 'Homestay Discovery Sapa 3', 'Homestay Discovery Sapa 7', 'Homestay Discovery Sapa 8', 'Homestay Discovery Sapa 5']"
Hotel Sao Xanh 9,"['sapa eco terraces 8', 'Tạo Phượng Sa Pa Hotel 9', 'Bonjour Sa Pa Hotel', 'Changed Hotel 281', 'Son Ha Hotel SAPA 1', 'Changed Hotel 301', 'Changed Hotel 326', 'Sapa Mushroom Homestay 8', 'Pi’s Boutique Sapa 1', 'Tạo Phượng Sa Pa Hotel 1']"
Sunset View Home 9,"['Changed Hotel 356', 'Homestay Discovery Sapa 6', 'sapa eco terraces 1', 'Cherry Hoa Dao 2', 'Changed Hotel 317', 'Cherry Hoa Dao 7', 'Changed Hotel 32', 'Tạo Phượng Sa Pa Hotel 8', 'sapa eco terraces 4', 'Hotel Sao Xanh 3']"
sapa eco terraces 9,"['Changed Hotel 335', 'Changed Hotel 297', 'Changed Hotel 296', 'sapa eco terraces 5', 'sapa eco terraces 1', 'sapa eco terraces 7', 'Minh Anh Guesthouse 6', 'sapa eco terraces 2', 'sapa eco terraces 8', 'Phuong Nam Hotel 1']"
Sapa Mushroom Homestay 9,"['Changed Hotel 303', 'Sapa Mushroom Homestay 3', 'Sapa Peaceful Hotel 2', 'Changed Hotel 271', 'Sapa Mushroom Homestay 2', 'Changed Hotel 310', 'Sapa Mushroom Homestay 7', 'Sapa Mushroom Homestay 8', 'Sapa Mushroom Homestay 6', 'Sapa Mushroom Homestay 5']"
Homestay số 91-Suối Hồ Sa Pa 9,"['Changed Hotel 355', 'Vip Sapa Hotel 3', 'Changed Hotel 290', 'Minh Anh Guesthouse 5', 'Sapa Mushroom Homestay 8', 'Homestay số 91-Suối Hồ Sa Pa 5', 'Homestay số 91-Suối Hồ Sa Pa 2', 'Homestay số 91-Suối Hồ Sa Pa 1', 'Sapa Mushroom Homestay 1', 'Changed Hotel 337']"
Vip Sapa Hotel 9,"['Changed Hotel 325', 'Vip Sapa Hotel 2', 'Changed Hotel 351', 'Vip Sapa Hotel 6', 'Changed Hotel 312', 'Vip Sapa Hotel 8', 'Vip Sapa Hotel 3', 'sapa eco terraces 1', 'Sapa Friendly Inn & Travel 8', 'Homestay số 91-Suối Hồ Sa Pa 4']"
Sapa Peaceful Hotel 9,"['Sapa Mushroom Homestay 3', 'Sapa Peaceful Hotel 8', 'Sapa Peaceful Hotel 5', 'Changed Hotel 287', 'Changed Hotel 368', 'sapa eco terraces 9', 'Sapa Hills Hotel 1', 'Sapa Peaceful Hotel 3', 'Changed Hotel 274', 'Sapa Peaceful Hotel 7']"
Sapa Friendly Inn & Travel 9,"['Sapa Friendly Inn & Travel 5', 'Sapa Friendly Inn & Travel 3', 'Changed Hotel 175', 'Tạo Phượng Sa Pa Hotel 5', 'Changed Hotel 366', 'Sapa Friendly Inn & Travel 4', 'Vip Sapa Hotel 1', 'Sapa Friendly Inn & Travel 1', 'Changed Hotel 340', 'Minh Anh Guesthouse 1']"
