Hotel Name,Recommendations
Khách sạn Thái Bình,"['Khách Sạn Minh Thắng', 'Changed Hotel 5', 'SixPearl Hotel', 'Khách sạn Trọng Tín', 'Changed Hotel 31', 'Golf Star Hotel', 'Changed Hotel 73', 'Dương Thanh Bình 2', 'Hoàng Anh Côn Đảo Hotel', 'Dương Thanh Bình']"
Hotel De Condor,"['Q Songchi Hotel', 'An Phat Hotel', 'Changed Hotel 46', 'Changed Hotel 52', 'Havana Con Dao Hotel', 'Kim Ngân Hotel', 'Thiên Tân Hotel', 'Con Son Blue Sea Hotel', 'Changed Hotel 36', 'SaoConDor Hotel']"
The Mystery Con Dao,"['Changed Hotel 51', 'Con Son Blue Sea Hotel', 'Maya Hotel 3', 'Changed Hotel 14', 'SaoConDor Hotel', 'Maya Hotel 2', 'Hoàng Anh Côn Đảo Hotel', 'Changed Hotel 71', 'Tuấn Ninh Hotel I', 'Thiên Tân Hotel']"
Uyen's House,"['SixPearl Hotel', 'Homestay Hoàng Long', 'KHÁCH SẠN HOÀNG SƠN', 'Nhà nghỉ Hạnh Minh', 'Ba Đoàn 2 Hotel', 'Changed Hotel 68', 'Ngọc Anh Hotel', 'Tuấn Ninh Hotel I', 'Changed Hotel 4', 'Changed Hotel 39']"
Kim Ngân II hotel,"['Kim Ngân Hotel', 'KIM NGÂN HOME', 'Changed Hotel 73', 'THAO LIEN HOTEL', 'SixPearl Hotel', 'KHÁCH SẠN HOÀNG SƠN', 'KHANG HOTEL CON DAO', 'Havana Con Dao Hotel', 'Changed Hotel 21', 'Changed Hotel 19']"
KHÁCH SẠN HOÀNG SƠN,"['Côn Sơn Victory Hotel', 'Maya Hotel 2', 'SixPearl Hotel', 'Changed Hotel 4', 'Changed Hotel 70', 'Ngọc Anh Hotel', 'Changed Hotel 24', 'Khách sạn Thái Bình', 'Khách Sạn Minh Thắng', ""Uyen's House""]"
ConDao BackPacker - LoCo Camping,"['Garden House Côn Đảo', 'Changed Hotel 49', 'Dương Thanh Bình 2', 'Thanh Binh Hotel Con Dao', 'Q Songchi Hotel', 'Changed Hotel 65', 'SaoConDor Hotel', 'Hotel Hải Trường', 'Bảo Hoàng HomeStay', 'Changed Hotel 14']"
Duy Cảnh Homestay,"['Little Home Homestay', 'Homestay De la Rosa - Côn Đảo', 'MƯỜI HOMESTAY', 'Changed Hotel 67', 'Nhà Của Gió Homestay', 'Changed Hotel 32', 'Garden House Côn Đảo', 'Changed Hotel 33', 'Pun corner homestay', 'SEN HIDDEN CHARM']"
Tuấn Ninh Hotel I,"['Changed Hotel 21', 'Quang Hưng Hotel', 'Changed Hotel 22', 'Conson Hotel', 'Thanh Binh Hotel Con Dao', 'Changed Hotel 31', 'Trung Hậu Hotel Côn Đảo', 'Maya Hotel 2', 'Q Songchi Hotel', 'SixPearl Hotel']"
Thiên Tân Hotel,"['Changed Hotel 57', 'Conson Hotel', 'Hotel Đức Thành', 'Hoàng Gia Hotel Côn Đảo', 'Gao Hotel', 'Changed Hotel 10', 'Q Songchi Hotel', 'Hotel De Condor', 'SaoConDor Hotel', 'Changed Hotel 84']"
An Phat Hotel,"['Changed Hotel 46', 'Ba Đoàn 2 Hotel', 'Q Songchi Hotel', 'Havana Con Dao Hotel', 'Changed Hotel 1', 'Gao Hotel', 'Thanh Binh Hotel Con Dao', 'Changed Hotel 71', 'Côn Sơn Victory Hotel', 'Ngọc Anh Hotel']"
Red Hotel Côn Đảo,"['Changed Hotel 24', 'Hoàng Gia Hotel Côn Đảo', 'Trung Hậu Hotel Côn Đảo', 'HOTEL XUÂN ANH CÔN ĐẢO', 'KHANG HOTEL CON DAO', 'Gao Hotel', 'Changed Hotel 8', 'Changed Hotel 35', 'Ngọc Anh Hotel', 'Khách Sạn Minh Thắng']"
Lighthouse Boutique Hotel Côn Đảo,"['Changed Hotel 27', 'Red Hotel Côn Đảo', 'Hoàng Anh Côn Đảo Hotel', 'Hoàng Gia Hotel Côn Đảo', 'Trung Hậu Hotel Côn Đảo', 'Havana Con Dao Hotel', 'Changed Hotel 18', 'An Phat Hotel', 'KHANG HOTEL CON DAO', 'Changed Hotel 40']"
Khách sạn Trọng Tín,"['Khách Sạn Minh Thắng', 'SixPearl Hotel', 'Khách sạn Thái Bình', 'Ngọc Anh Hotel', 'Changed Hotel 15', 'Golf Star Hotel', 'Changed Hotel 70', 'KHANG HOTEL CON DAO', 'Changed Hotel 5', 'MIN House']"
The Secret Con Dao,"['Maya Hotel 3', 'Changed Hotel 2', 'Orson Hotel & Resort Con Dao', 'Con Son Blue Sea Hotel', 'Changed Hotel 38', 'An Phat Hotel', 'Trung Hậu Hotel Côn Đảo', 'Changed Hotel 35', 'Hotel Minh Thắng 2', 'Quang Hưng Hotel']"
THAO LIEN HOTEL,"['Kim Ngân II hotel', 'Maya Hotel 2', 'Kim Ngân Hotel', 'SixPearl Hotel', 'Changed Hotel 38', 'Golf Star Hotel', 'Hotel Minh Thắng 2', 'Ngọc Anh Hotel', 'Changed Hotel 34', 'Changed Hotel 45']"
SixPearl Hotel,"['Changed Hotel 59', 'Ngọc Anh Hotel', 'Homestay Hoàng Long', 'Havana Con Dao Hotel', 'Ba Đoàn 2 Hotel', 'Changed Hotel 73', 'KHÁCH SẠN HOÀNG SƠN', 'Kim Ngân II hotel', 'Changed Hotel 3', 'Trung Hậu Hotel Côn Đảo']"
Hoa Anh Đào Motel,"['Changed Hotel 56', 'Ngọc Anh Hotel', 'HOTEL XUÂN ANH CÔN ĐẢO', 'Hoàng Anh Côn Đảo Hotel', 'Changed Hotel 46', ""Lan Anh's Home"", 'Thanh Trang Hotel', 'Q Songchi Hotel', 'Conson Hotel', 'Changed Hotel 73']"
Côn Sơn Victory Hotel,"['Changed Hotel 5', 'Changed Hotel 57', 'Ba Đoàn 2 Hotel', 'Conson Hotel', 'Changed Hotel 24', 'Tuấn Ninh Hotel I', 'Trung Hậu Hotel Côn Đảo', 'Ngọc Anh Hotel', 'SixPearl Hotel', 'Hưng Khánh Hotel']"
Golf Star Hotel,"['SixPearl Hotel', 'Maya Hotel 2', 'Changed Hotel 34', 'THAO LIEN HOTEL', 'Changed Hotel 70', 'Changed Hotel 68', 'Kim Ngân II hotel', 'Ngọc Anh Hotel', 'Con Dao Tan Son Nhat Hotel', 'Khách Sạn Minh Thắng']"
Lan Anh's Home,"['Changed Hotel 39', 'Changed Hotel 67', 'HOTEL XUÂN ANH CÔN ĐẢO', 'Hoa Anh Đào Motel', 'KIM NGÂN HOME', 'Maya Hotel 2', 'Ngọc Anh Hotel', 'Thanh Trang Hotel', 'Little Home Homestay', 'Changed Hotel 68']"
Tuấn Ninh Hotel II,"['Tuấn Ninh Hotel I', 'Kim Ngân II hotel', 'Changed Hotel 31', 'SixPearl Hotel', 'HOTEL ĐỨC THÀNH 2', 'Changed Hotel 5', 'Ba Đoàn 2 Hotel', 'SaoConDor Hotel', 'Changed Hotel 36', 'THAO LIEN HOTEL']"
Ba Đoàn 2 Hotel,"['Tuấn Ninh Hotel I', 'Quang Hưng Hotel', 'Changed Hotel 16', 'Changed Hotel 31', 'Côn Sơn Victory Hotel', 'An Phat Hotel', 'Conson Hotel', 'Changed Hotel 82', 'KHANG HOTEL CON DAO', 'Havana Con Dao Hotel']"
Thăng Long 68,"['Thăng Long Hotel', 'Homestay Hoàng Long', 'Changed Hotel 9', 'SaoConDor Hotel', 'Khách Sạn Minh Thắng', 'SixPearl Hotel', 'Changed Hotel 71', 'Changed Hotel 37', 'KHANG HOTEL CON DAO', 'Q Songchi Hotel']"
Hoàng Anh Côn Đảo Hotel,"['Changed Hotel 78', 'Hoàng Gia Hotel Côn Đảo', 'Ngọc Anh Hotel', 'Changed Hotel 11', 'Trung Hậu Hotel Côn Đảo', 'Côn Sơn Victory Hotel', 'KHÁCH SẠN HOÀNG SƠN', 'Changed Hotel 22', 'Conson Hotel', 'Con Son Blue Sea Hotel']"
The Enchanted Garden,"['Khách sạn Essenza Hotel & Spa 1', 'Changed Hotel 112', 'Khách sạn Phú Hòa', 'Maya Hotel 3', 'Historic Hotel 2', 'Changed Hotel 10', 'The Secret Con Dao', 'Changed Hotel 40', 'Four Seasons Hotel Gresham Palace', 'Khách sạn Misa']"
Homestay De la Rosa - Côn Đảo,"['Changed Hotel 53', 'Duy Cảnh Homestay', 'Little Home Homestay', 'Pun corner homestay', 'Trung Hậu Hotel Côn Đảo', 'MƯỜI HOMESTAY', 'HOTEL XUÂN ANH CÔN ĐẢO', 'Changed Hotel 30', 'Changed Hotel 11', 'Hoàng Anh Côn Đảo Hotel']"
Con Son Island Hotel,"['Con Son Green Island', 'Lighthouse Boutique Hotel Côn Đảo', 'Changed Hotel 16', 'Côn Sơn Victory Hotel', 'Havana Con Dao Hotel', 'Thanh Binh Hotel Con Dao', 'Maya Hotel 2', 'Kim Ngân II hotel', 'Changed Hotel 39', 'Changed Hotel 68']"
Thăng Long Hotel,"['Thăng Long 68', 'Changed Hotel 36', 'Con Dao Tan Son Nhat Hotel', 'KHANG HOTEL CON DAO', 'Changed Hotel 71', 'Havana Con Dao Hotel', 'Q Songchi Hotel', 'Red Hotel Côn Đảo', 'Tuấn Ninh Hotel I', 'Changed Hotel 48']"
Homstay Thanh Sơn,"['KHÁCH SẠN HOÀNG SƠN', 'Khách sạn Thái Bình', 'Côn Sơn Victory Hotel', 'Changed Hotel 85', 'Duy Cảnh Homestay', 'Changed Hotel 55', 'MƯỜI HOMESTAY', 'Havana Con Dao Hotel', 'Changed Hotel 47', 'Nhà Của Gió Homestay']"
Nhà Của Gió Homestay,"['Duy Cảnh Homestay', 'Changed Hotel 67', 'MƯỜI HOMESTAY', 'Homestay Qhome', ""Uyen's House"", 'Bảo Hoàng HomeStay', 'Changed Hotel 47', 'Changed Hotel 33', 'Homestay De la Rosa - Côn Đảo', 'Homestay Hoàng Long']"
Ngọc Anh Hotel,"['Hoàng Anh Côn Đảo Hotel', 'HOTEL XUÂN ANH CÔN ĐẢO', 'Changed Hotel 16', 'Changed Hotel 57', 'Ba Đoàn 2 Hotel', 'Tuấn Ninh Hotel I', 'Changed Hotel 35', 'KHANG HOTEL CON DAO', 'Quang Hưng Hotel', 'Thanh Binh Hotel Con Dao']"
Bảo Hoàng HomeStay,"['Changed Hotel 69', 'HUY HOÀNG HOTEL', 'Homestay Hoàng Long', 'Hacoda Homestay', 'KHÁCH SẠN HOÀNG SƠN', 'Duy Cảnh Homestay', 'Changed Hotel 47', 'Changed Hotel 33', 'Con Dao Guesthouse', 'Ngọc Anh Hotel']"
SUNRISE HOTEL,"['Garden House Côn Đảo', 'Con Dao Guesthouse', 'Thanh Binh Hotel Con Dao', 'MƯỜI HOMESTAY', 'Changed Hotel 32', 'Duy Cảnh Homestay', 'MIN House', 'Changed Hotel 51', 'Ngọc Anh Hotel', 'Changed Hotel 57']"
KHANG HOTEL CON DAO,"['Havana Con Dao Hotel', 'Changed Hotel 35', 'Gao Hotel', 'Changed Hotel 36', 'Ngọc Anh Hotel', 'Changed Hotel 22', 'Kim Ngân II hotel', 'Red Hotel Côn Đảo', 'Khách Sạn Minh Thắng', 'Golf Star Hotel']"
Phuc Con Son Hotel,"['Quang Hưng Hotel', 'Changed Hotel 57', 'Trung Hậu Hotel Côn Đảo', 'KHANG HOTEL CON DAO', 'Ngọc Anh Hotel', 'Changed Hotel 82', 'Tuấn Ninh Hotel I', 'Thanh Binh Hotel Con Dao', 'Conson Hotel', 'Changed Hotel 11']"
Thanh Binh Hotel Con Dao,"['Changed Hotel 57', 'Tuấn Ninh Hotel I', 'Thanh Trang Hotel', 'Conson Hotel', 'KHANG HOTEL CON DAO', 'Quang Hưng Hotel', 'SixPearl Hotel', 'Changed Hotel 31', 'Changed Hotel 82', 'Phuc Con Son Hotel']"
Hotel Đức Thành,"['HOTEL ĐỨC THÀNH 2', 'Hoàng Gia Hotel Côn Đảo', 'Changed Hotel 57', 'Thiên Tân Hotel', 'Q Songchi Hotel', 'KHANG HOTEL CON DAO', 'Changed Hotel 22', 'Changed Hotel 46', 'Sao Mai hotel', 'Conson Hotel']"
Q Songchi Hotel,"['Hotel Minh Thắng 2', 'Maya Hotel 2', 'Tuấn Ninh Hotel I', 'An Phat Hotel', 'Changed Hotel 1', 'Conson Hotel', 'Kim Ngân Hotel', 'Hoàng Gia Hotel Côn Đảo', 'Changed Hotel 63', 'Changed Hotel 22']"
Con Dao Guesthouse,"['Changed Hotel 73', ""Lan Anh's Home"", 'MIN House', 'Q Songchi Hotel', 'Trung Hậu Hotel Côn Đảo', 'SUNRISE HOTEL', 'Hacoda Homestay', 'Changed Hotel 78', 'Changed Hotel 8', 'Côn Sơn Victory Hotel']"
Poulo Condor Boutique Resort & Spa,"['Maya Hotel 3', 'The Secret Con Dao', 'Con Dao Resort', 'Orson Hotel & Resort Con Dao', 'Changed Hotel 1', 'Changed Hotel 60', 'Changed Hotel 66', ""Le Condor 's House & Coffee"", 'The Enchanted Garden', 'The Mystery Con Dao']"
Six Senses Con Dao - Turtle Island Paradise,"['Changed Hotel 61', 'The Secret Con Dao', 'Poulo Condor Boutique Resort & Spa', 'Con Dao Resort', 'Orson Hotel & Resort Con Dao', 'The Mystery Con Dao', 'Changed Hotel 66', 'Changed Hotel 27', 'Thanh Trang Hotel', 'SaoConDor Hotel']"
Hotel Hải Trường,"['Q Songchi Hotel', 'Changed Hotel 28', 'Changed Hotel 73', 'Duy Cảnh Homestay', 'Hacoda Homestay', 'Kim Ngân Hotel', 'Garden House Côn Đảo', 'Thanh Binh Hotel Con Dao', 'SixPearl Hotel', 'Changed Hotel 33']"
HOTEL ĐỨC THÀNH 2,"['Hotel Đức Thành', 'Maya Hotel 2', 'Trung Hậu Hotel Côn Đảo', 'Changed Hotel 57', 'Kim Ngân Hotel', 'Changed Hotel 16', 'Hotel Minh Thắng 2', 'Changed Hotel 31', 'KHÁCH SẠN HOÀNG SƠN', 'Ba Đoàn 2 Hotel']"
Hoàng Gia Hotel Côn Đảo,"['Hoàng Anh Côn Đảo Hotel', 'Changed Hotel 63', 'Red Hotel Côn Đảo', 'Hotel Đức Thành', 'Q Songchi Hotel', 'HOTEL XUÂN ANH CÔN ĐẢO', 'Havana Con Dao Hotel', 'Changed Hotel 48', 'Thanh Trang Hotel', 'Changed Hotel 9']"
Nhà nghỉ Hạnh Minh,"['SixPearl Hotel', 'Homestay Hoàng Long', 'Changed Hotel 3', 'KHÁCH SẠN HOÀNG SƠN', 'THAO LIEN HOTEL', 'Changed Hotel 68', 'Minh Minh Homestay', 'Changed Hotel 59', 'Ngọc Anh Hotel', 'Khách Sạn Minh Thắng']"
Hotel Minh Thắng 2,"['Khách Sạn Minh Thắng', 'Q Songchi Hotel', 'An Phat Hotel', 'Havana Con Dao Hotel', 'Changed Hotel 82', 'Changed Hotel 71', 'Kim Ngân Hotel', 'Changed Hotel 1', 'Ngọc Anh Hotel', 'Thanh Binh Hotel Con Dao']"
Little Home Homestay,"['Changed Hotel 7', 'KIM NGÂN HOME', 'Changed Hotel 32', 'Changed Hotel 69', 'Homestay De la Rosa - Côn Đảo', 'Hacoda Homestay', ""Lan Anh's Home"", 'Nhà Của Gió Homestay', 'SEN HIDDEN CHARM', 'Pun corner homestay']"
Sao Mai hotel,"['Havana Con Dao Hotel', 'Changed Hotel 44', 'Quang Hưng Hotel', 'Phuc Con Son Hotel', 'Changed Hotel 22', 'Thanh Binh Hotel Con Dao', 'Tuấn Ninh Hotel I', 'Conson Hotel', 'Hotel Đức Thành', 'Changed Hotel 10']"
Pun corner homestay,"['Hacoda Homestay', 'Con Son Green Island', 'Homestay De la Rosa - Côn Đảo', 'Bảo Hoàng HomeStay', 'Changed Hotel 7', 'Changed Hotel 53', 'Homestay Qhome', 'Homestay Hoàng Long', 'Changed Hotel 47', 'KIM NGÂN HOME']"
Oxford Suites,"['Changed Hotel 130', 'Khách sạn My Ty', 'Changed Hotel 103', 'Khách Sạn Raon Apartment & Hotel', 'Super 8', 'Holiday Inn Express', 'Hampton Inn & Suites', 'Khách sạn Phú Hòa 1', 'Grand Gold', 'Changed Hotel 179']"
Orson Hotel & Resort Con Dao,"['Changed Hotel 66', 'SaoConDor Hotel', 'The Mystery Con Dao', 'The Secret Con Dao', 'Maya Hotel 3', 'Changed Hotel 38', 'Con Dao Resort', 'Red Hotel Côn Đảo', 'Havana Con Dao Hotel', 'Changed Hotel 58']"
Le Condor 's House & Coffee,"['Hotel De Condor', 'Changed Hotel 67', 'Homestay Qhome', 'MIN House', 'KHÁCH SẠN HOÀNG SƠN', 'Changed Hotel 72', ""Lan Anh's Home"", 'HOTEL XUÂN ANH CÔN ĐẢO', 'Con Dao Guesthouse', 'Changed Hotel 57']"
Garden House Côn Đảo,"['Homestay De la Rosa - Côn Đảo', 'HOTEL XUÂN ANH CÔN ĐẢO', 'Changed Hotel 33', 'Hoàng Anh Côn Đảo Hotel', 'Duy Cảnh Homestay', 'Changed Hotel 63', 'Changed Hotel 11', 'Pun corner homestay', 'Hoàng Gia Hotel Côn Đảo', 'Hacoda Homestay']"
Quang Hưng Hotel,"['Hưng Khánh Hotel', 'Phuc Con Son Hotel', 'Changed Hotel 8', 'Ba Đoàn 2 Hotel', 'Changed Hotel 71', 'Thanh Binh Hotel Con Dao', 'Trung Hậu Hotel Côn Đảo', 'Ngọc Anh Hotel', 'Changed Hotel 57', 'Gao Hotel']"
Dương Thanh Bình,"['Changed Hotel 64', 'Thanh Trang Hotel', 'Thanh Binh Hotel Con Dao', 'Thuy Thanh Hotel', 'Changed Hotel 0', 'Changed Hotel 16', 'Homestay Bình An', 'Kim Ngân II hotel', 'Hotel Minh Thắng 2', 'HOTEL ĐỨC THÀNH 2']"
Hotel Hương Đào,"['Hoa Anh Đào Motel', 'Hotel Minh Thắng 2', 'Changed Hotel 31', 'An Phat Hotel', 'Hotel De Condor', 'Q Songchi Hotel', 'Changed Hotel 22', 'HOTEL ĐỨC THÀNH 2', 'Changed Hotel 73', 'Gao Hotel']"
Havana Con Dao Hotel,"['Thanh Binh Hotel Con Dao', 'Conson Hotel', 'Changed Hotel 34', 'Phuc Con Son Hotel', 'SixPearl Hotel', 'Ngọc Anh Hotel', 'Changed Hotel 82', 'Changed Hotel 80', 'Côn Sơn Victory Hotel', 'Hotel Minh Thắng 2']"
Khách Sạn Minh Thắng,"['Hotel Minh Thắng 2', 'Khách sạn Thái Bình', 'Changed Hotel 72', 'Changed Hotel 71', 'Khách sạn Trọng Tín', 'KHANG HOTEL CON DAO', 'KHÁCH SẠN HOÀNG SƠN', 'Changed Hotel 63', 'Red Hotel Côn Đảo', 'SixPearl Hotel']"
Kim Ngân Hotel,"['Kim Ngân II hotel', 'KIM NGÂN HOME', 'SixPearl Hotel', 'THAO LIEN HOTEL', 'Thanh Trang Hotel', 'Q Songchi Hotel', 'Changed Hotel 46', 'Maya Hotel 2', 'Changed Hotel 57', 'Changed Hotel 43']"
SaoConDor Hotel,"['Orson Hotel & Resort Con Dao', 'Changed Hotel 38', 'The Mystery Con Dao', 'Con Son Blue Sea Hotel', 'Thiên Tân Hotel', 'Hotel De Condor', 'Changed Hotel 61', 'Changed Hotel 57', 'KHANG HOTEL CON DAO', 'An Phat Hotel']"
Maya Hotel 3,"['The Secret Con Dao', 'The Mystery Con Dao', 'Maya Hotel 2', 'Con Dao Tan Son Nhat Hotel', 'Changed Hotel 40', 'Orson Hotel & Resort Con Dao', 'Changed Hotel 10', 'SaoConDor Hotel', 'Changed Hotel 9', 'Hotel Minh Thắng 2']"
KIM NGÂN HOME,"['Kim Ngân Hotel', 'Changed Hotel 4', 'Changed Hotel 68', 'Homestay Hoàng Long', 'Little Home Homestay', ""Lan Anh's Home"", 'Con Dao Guesthouse', 'SixPearl Hotel', 'Changed Hotel 3', 'THAO LIEN HOTEL']"
Trung Hậu Hotel Côn Đảo,"['Hoàng Gia Hotel Côn Đảo', 'Changed Hotel 73', 'Red Hotel Côn Đảo', 'Phuc Con Son Hotel', 'Changed Hotel 71', 'Tuấn Ninh Hotel I', 'Changed Hotel 24', 'SixPearl Hotel', 'Quang Hưng Hotel', 'Havana Con Dao Hotel']"
Dương Thanh Bình 2,"['Dương Thanh Bình', 'Changed Hotel 84', 'Thanh Binh Hotel Con Dao', 'Changed Hotel 0', 'Thuy Thanh Hotel', 'SixPearl Hotel', 'Hoàng Gia Hotel Côn Đảo', 'Changed Hotel 59', 'Trung Hậu Hotel Côn Đảo', 'Maya Hotel 2']"
Con Son Green Island,"['Changed Hotel 49', 'MIN House', 'Homestay Qhome', 'Changed Hotel 72', 'Dương Thanh Bình 2', 'Hacoda Homestay', 'Changed Hotel 27', 'Garden House Côn Đảo', 'Golf Star Hotel', 'Maya Hotel 2']"
Con Son Blue Sea Hotel,"['Orson Hotel & Resort Con Dao', 'The Mystery Con Dao', 'Q Songchi Hotel', 'Hoàng Anh Côn Đảo Hotel', 'Changed Hotel 14', 'Changed Hotel 60', 'An Phat Hotel', 'Hotel De Condor', 'Changed Hotel 46', 'Kim Ngân Hotel']"
Hacoda Homestay,"['Changed Hotel 77', 'Bảo Hoàng HomeStay', 'Pun corner homestay', ""Lan Anh's Home"", 'Homestay Hoàng Long', ""Le Condor 's House & Coffee"", 'Duy Cảnh Homestay', 'Con Dao Guesthouse', 'Changed Hotel 18', 'Changed Hotel 57']"
MIN House,"['KIM NGÂN HOME', 'Golf Star Hotel', 'Homestay Hoàng Long', 'Con Dao Guesthouse', 'Changed Hotel 77', 'Changed Hotel 45', 'Changed Hotel 4', ""Uyen's House"", 'THAO LIEN HOTEL', 'Ngọc Anh Hotel']"
MƯỜI HOMESTAY,"['Bảo Hoàng HomeStay', 'Duy Cảnh Homestay', 'Changed Hotel 47', 'SUNRISE HOTEL', 'Changed Hotel 67', 'Con Dao Guesthouse', 'Homestay Bình An', 'Nhà Của Gió Homestay', 'MIN House', 'Changed Hotel 84']"
Homestay Hoàng Long,"['SixPearl Hotel', 'KHÁCH SẠN HOÀNG SƠN', 'Bảo Hoàng HomeStay', ""Uyen's House"", 'HUY HOÀNG HOTEL', 'Hacoda Homestay', 'Changed Hotel 19', 'Changed Hotel 68', 'Changed Hotel 45', 'Homestay Qhome']"
Conson Hotel,"['Havana Con Dao Hotel', 'Changed Hotel 8', 'Trung Hậu Hotel Côn Đảo', 'Thanh Binh Hotel Con Dao', 'Changed Hotel 54', 'Changed Hotel 18', 'Maya Hotel 2', 'Ba Đoàn 2 Hotel', 'Khách Sạn Minh Thắng', 'Q Songchi Hotel']"
Minh Minh Homestay,"['Khách Sạn Minh Thắng', 'Nhà nghỉ Hạnh Minh', 'Homestay Hoàng Long', 'Changed Hotel 46', 'Homestay Qhome', 'Golf Star Hotel', 'MIN House', 'Hacoda Homestay', 'Changed Hotel 52', 'Changed Hotel 65']"
Maya Hotel 2,"['Trung Hậu Hotel Côn Đảo', 'Kim Ngân II hotel', 'SixPearl Hotel', 'Changed Hotel 5', 'THAO LIEN HOTEL', 'Q Songchi Hotel', 'Tuấn Ninh Hotel I', 'Conson Hotel', 'Changed Hotel 57', 'Changed Hotel 59']"
Con Dao Resort,"['Orson Hotel & Resort Con Dao', 'Poulo Condor Boutique Resort & Spa', 'The Mystery Con Dao', 'Changed Hotel 66', 'Maya Hotel 3', 'SaoConDor Hotel', 'Changed Hotel 27', 'Changed Hotel 41', 'The Secret Con Dao', 'Con Dao Guesthouse']"
Khách sạn Rum Vàng,"['Serene Danang Hotel', 'Changed Hotel 185', 'Richico Apartments And Hotel 1', 'Alisia Beach Hotel 1', 'Historic Hotel 2', 'Changed Hotel 97', 'White Dove Hotels', 'Rooftop Resort', 'Changed Hotel 180', 'The Cartwright Hotel 1']"
HUY HOÀNG HOTEL,"['Changed Hotel 32', 'Homestay Hoàng Long', 'Hoàng Anh Côn Đảo Hotel', 'KHANG HOTEL CON DAO', 'Hoàng Gia Hotel Côn Đảo', 'Changed Hotel 22', 'Maya Hotel 2', 'Ngọc Anh Hotel', 'Havana Con Dao Hotel', 'Changed Hotel 36']"
Homestay Qhome,"['Hacoda Homestay', 'Changed Hotel 68', 'Homestay Hoàng Long', 'SixPearl Hotel', 'Minh Minh Homestay', ""Le Condor 's House & Coffee"", 'Con Son Green Island', 'Changed Hotel 57', 'SUNRISE HOTEL', 'Changed Hotel 49']"
HOTEL XUÂN ANH CÔN ĐẢO,"['Changed Hotel 24', 'Changed Hotel 31', 'Changed Hotel 11', 'Trung Hậu Hotel Côn Đảo', 'Hoàng Gia Hotel Côn Đảo', ""Lan Anh's Home"", 'Garden House Côn Đảo', 'Maya Hotel 2', 'Hoa Anh Đào Motel', 'SixPearl Hotel']"
Homestay Bình An,"['Changed Hotel 70', ""Uyen's House"", 'MƯỜI HOMESTAY', 'Dương Thanh Bình', 'Changed Hotel 45', 'Ba Đoàn 2 Hotel', 'KHÁCH SẠN HOÀNG SƠN', 'Changed Hotel 0', 'SixPearl Hotel', 'Ngọc Anh Hotel']"
Hưng Khánh Hotel,"['Quang Hưng Hotel', 'Havana Con Dao Hotel', 'Ba Đoàn 2 Hotel', 'Changed Hotel 18', 'Changed Hotel 35', 'Changed Hotel 82', 'Ngọc Anh Hotel', 'Conson Hotel', 'Tuấn Ninh Hotel I', 'Trung Hậu Hotel Côn Đảo']"
Con Dao Tan Son Nhat Hotel,"['Havana Con Dao Hotel', 'Maya Hotel 2', 'Changed Hotel 35', 'KHANG HOTEL CON DAO', 'Conson Hotel', 'Maya Hotel 3', 'Changed Hotel 36', 'Ngọc Anh Hotel', 'Changed Hotel 19', 'Thăng Long Hotel']"
Gao Hotel,"['Havana Con Dao Hotel', 'Changed Hotel 34', 'Phuc Con Son Hotel', 'Changed Hotel 36', 'Ba Đoàn 2 Hotel', 'Hotel Minh Thắng 2', 'Tuấn Ninh Hotel I', 'An Phat Hotel', 'Changed Hotel 11', 'Ngọc Anh Hotel']"
SEN HIDDEN CHARM,"['Duy Cảnh Homestay', 'Changed Hotel 47', 'Con Dao Guesthouse', 'Garden House Côn Đảo', 'Côn Sơn Victory Hotel', 'Changed Hotel 33', 'Changed Hotel 67', 'Havana Con Dao Hotel', 'Ba Đoàn 2 Hotel', 'Homestay De la Rosa - Côn Đảo']"
Thanh Trang Hotel,"['Thanh Binh Hotel Con Dao', 'Dương Thanh Bình 2', 'Kim Ngân Hotel', 'Hotel Minh Thắng 2', 'Havana Con Dao Hotel', 'Changed Hotel 38', 'Changed Hotel 44', 'Conson Hotel', 'Maya Hotel 2', 'Changed Hotel 55']"
Thuy Thanh Hotel,"['Changed Hotel 36', 'Thanh Trang Hotel', 'KHANG HOTEL CON DAO', 'Dương Thanh Bình', 'Changed Hotel 64', 'Maya Hotel 2', 'SixPearl Hotel', 'Changed Hotel 15', 'Havana Con Dao Hotel', 'Ngọc Anh Hotel']"
London House,"['Staybridge Suites 1', 'Changed Hotel 130', 'Hotel Lemonade', 'Soho Boutique Hotel', 'Changed Hotel 50', 'Pavilion Hotel 1', 'Historic Hotel 2', 'Changed Hotel 128', 'Khách sạn Sekong', 'The Enchanted Garden 1']"
Khách sạn Phú Hòa,"['Hampton Inn & Suites', 'Khách sạn Phú Hòa 1', 'Four Seasons Hotel Gresham Palace', 'Changed Hotel 131', 'Khách sạn Ngọc Mai Phú 1', 'Thanh Binh Riverside', 'The Cartwright Hotel', 'Changed Hotel 186', 'Changed Hotel 124', 'The Enchanted Garden']"
Ancient House Resort & Spa,"['The James New York', 'Changed Hotel 163', 'Cabrillo Inn & Suites', 'River Town Hotel', 'TTC Ngọc Lan Hotel 1', 'Khách sạn Đông Dương', 'Changed Hotel 119', 'Changed Hotel 110', 'Khách sạn Hồng Tâm', 'Khách sạn Phú Hòa 1']"
Holiday Inn Express,"['Super 8', 'San Marino Boutique', 'Khách Sạn Raon Apartment & Hotel', 'Changed Hotel 50', 'YN’S HOME – Homestay', 'Changed Hotel 103', 'Rooftop Resort', 'Royal Place', 'Khách sạn My Ty', 'Changed Hotel 188']"
Oxford Suites 1,"['Changed Hotel 104', 'The James New York', 'The New View', 'TTC Ngọc Lan Hotel 1', 'Khách sạn Hồng Tâm', 'Khách sạn Misa 1', 'Changed Hotel 112', 'Aloft Chicago', 'Changed Hotel 134', 'Aira Boutique Hotel & Spa 1']"
Satya Hotel,"['Khách sạn Pansy', 'Fusion Suites Beach', 'Sizzling inn', 'Thanh Binh Riverside 1', 'Changed Hotel 169', 'Changed Hotel 140', 'Changed Hotel 146', 'Belle Maison Parosand', 'Oxford Suites', 'Hoàng Gia Hotel Côn Đảo']"
Alisia Beach Hotel,"['River Town Hotel', 'Khách sạn River Prince 1', 'Rodeway Inn 1', 'Changed Hotel 136', 'Jolly House Đà Lạt', 'Cabrillo Inn & Suites', 'Soho Boutique Hotel', 'Gemma Hotel & Apartment', 'Changed Hotel 170', 'Changed Hotel 97']"
Tropical Villa,"['Changed Hotel 118', 'Changed Hotel 131', 'TTC Ngọc Lan Hotel', 'Khách Sạn De An', 'Khách sạn Essenza Hotel & Spa 1', 'Alisia Beach Hotel 2', 'Waypoint', 'Rodeway Inn 1', 'Changed Hotel 195', 'Satya Hotel 1']"
The New View,"['White Dove Hotels', 'Richico Apartments And Hotel', 'Changed Hotel 171', 'Oxford Suites 1', 'Changed Hotel 160', 'Fusion Suites Beach 1', 'Changed Hotel 149', 'Cabrillo Inn & Suites', 'Historic Hotel', 'River Town Hotel']"
Venture Hotel,"['Satya Hotel 1', 'Khách sạn Misa 2', 'Villa Florence', 'Soho Boutique Hotel 1', 'Sizzling inn 1', 'Alisia Beach Hotel 2', 'Changed Hotel 139', 'Changed Hotel 180', 'Serene Danang Hotel 2', 'Changed Hotel 127']"
Alisia Beach Hotel 1,"['Changed Hotel 161', 'Khách sạn Rum Vàng', 'Chic Land', 'Historic Hotel 2', 'Rodeway Inn 1', 'Khách sạn Ngọc Mai Phú', 'Aira Boutique Hotel & Spa', 'Changed Hotel 118', 'Rooftop Resort', 'Changed Hotel 97']"
Khách sạn Sekong,"['Changed Hotel 141', 'Aira Boutique Hotel & Spa', 'The Cartwright Hotel', 'Changed Hotel 168', 'Rooftop Resort', 'Khách sạn Lan Anh 1', 'Richico Apartments And Hotel', 'Cabrillo Inn & Suites', 'Changed Hotel 163', 'Khách sạn Rum Vàng']"
Four Seasons Hotel Gresham Palace,"['Changed Hotel 87', 'Changed Hotel 131', 'Thanh Binh Riverside', 'Hampton Inn & Suites', 'The Cartwright Hotel', 'Changed Hotel 186', 'Khách sạn Phú Hòa 1', 'The Enchanted Garden', 'Khách sạn Pansy', 'Khách sạn Tuấn Vinh']"
Denali Perch Resort,"['Aloft Chicago', 'Khách sạn Tuấn Vinh 1', 'Changed Hotel 126', 'Lasenta Boutique Hotel 1', 'Khách sạn Pansy', 'Paris Deli Beach Hotel', 'Candlewood Hotel', 'Four Seasons Hotel Gresham Palace 1', 'Changed Hotel 132', 'Changed Hotel 109']"
Khách sạn Sekong 1,"['The Cartwright Hotel 1', 'Pavilion Hotel 1', 'Khách sạn Misa 2', 'Changed Hotel 161', 'Khách sạn An An', 'Venture Hotel', 'Holiday Inn Express', 'Four Points', 'Changed Hotel 144', 'Changed Hotel 139']"
Sizzling inn,"['Fusion Suites Beach', 'Changed Hotel 91', 'San Marino Boutique', 'Khách sạn Misa 1', 'Changed Hotel 167', 'Lasenta Boutique Hotel', 'Aloft Chicago', 'Khách sạn Lan Anh', 'Oxford Suites 1', 'Changed Hotel 123']"
Belle Maison Parosand,"['Changed Hotel 167', 'Khách sạn An An 1', 'Changed Hotel 159', 'Belle Maison Parosand 2', 'Sizzling inn 1', 'Changed Hotel 143', 'Khách sạn Đông Dương', 'Historic Hotel 2', 'Rodeway Inn 1', 'Khách sạn River Prince 1']"
Hotel Lemonade,"['Oxford Suites', 'Changed Hotel 128', 'Changed Hotel 130', 'Changed Hotel 89', 'Khách Sạn Raon Apartment & Hotel', 'London House', 'Cabrillo Inn & Suites', 'Khách sạn My Ty', 'Rodeway Inn 1', 'Khách sạn Ngọc Mai Phú']"
Khách sạn Essenza Hotel & Spa,"['Oxford Suites 1', 'Aira Boutique Hotel & Spa 1', 'Changed Hotel 154', 'TTC Ngọc Lan Hotel 1', 'Changed Hotel 122', 'Historic Hotel', 'Thanh Binh Riverside 1', 'Changed Hotel 168', 'Khách sạn Đông Dương', 'Khách sạn Lan Anh 1']"
River Town Hotel,"['Alisia Beach Hotel', 'Changed Hotel 119', 'Changed Hotel 116', 'White Dove Hotels', 'Ancient House Resort & Spa', 'Wonder Resort', 'Khách sạn Phú Hòa 1', 'The New View', 'Changed Hotel 177', 'River Town Hotel 1']"
Satya Hotel 1,"['Waypoint', 'Changed Hotel 181', 'Villa Florence', 'Soho Boutique Hotel 1', 'Hampton Inn & Suites', 'Changed Hotel 128', 'Venture Hotel', 'TTC Ngọc Lan Hotel 1', 'Changed Hotel 161', 'River Suites']"
Aira Boutique Hotel & Spa,"['Khách sạn Sekong', 'Staybridge Suites', 'Thanh Binh Riverside 1', 'Lasenta Boutique Hotel 1', 'Changed Hotel 194', 'Richico Apartments And Hotel', 'Pavilion Hotel', 'Changed Hotel 130', 'Cabrillo Inn & Suites', 'Changed Hotel 184']"
Khách sạn Ngọc Phát,"['YN’S HOME – Homestay', 'Staybridge Suites 1', 'Historic Hotel 2', 'Changed Hotel 97', 'Rooftop Resort', 'Changed Hotel 119', 'Khách sạn Rum Vàng', 'Changed Hotel 168', 'The Cartwright Hotel 1', 'Khách sạn Ngọc Mai Phú 2']"
Thanh Binh Riverside,"['Four Seasons Hotel Gresham Palace', 'Khách sạn Phú Hòa', 'Changed Hotel 131', 'Candlewood Hotel', 'Hampton Inn & Suites', 'The Cartwright Hotel', 'Jolly House Đà Lạt', 'Changed Hotel 142', 'Aloft Chicago', 'Changed Hotel 99']"
Four Seasons Hotel Gresham Palace 1,"['Changed Hotel 154', 'Oxford Suites', 'Cabrillo Inn & Suites', 'Denali Perch Resort', 'Ancient House Resort & Spa', 'Changed Hotel 163', 'Pavilion Hotel', 'Tropical Villa', 'Changed Hotel 194', 'Satya Hotel']"
Staybridge Suites,"['Aira Boutique Hotel & Spa', 'Changed Hotel 148', 'Serene Danang Hotel 1', 'Khách sạn Misa 2', 'Khách sạn An An', 'Changed Hotel 193', 'Thiên Tân Hotel', 'Changed Hotel 133', 'Belle Maison Parosand', 'Satya Hotel 1']"
Lasenta Boutique Hotel,"['Aloft Chicago', 'Changed Hotel 178', 'Khách sạn Lan Anh', 'Changed Hotel 181', 'The Enchanted Garden', 'Oxford Suites 1', 'Changed Hotel 189', 'Sizzling inn', 'Khách sạn Hồng Tâm', 'White Dove Hotels 1']"
TTC Ngọc Lan Hotel,"['Tropical Villa', 'Khách sạn Misa', 'Khách Sạn De An', 'Pavilion Hotel', 'Belle Maison Parosand 1', 'Alisia Beach Hotel 2', 'Changed Hotel 191', 'Changed Hotel 124', 'Changed Hotel 129', 'Historic Hotel 2']"
Historic Hotel,"['Rodeway Inn 1', 'The Enchanted Garden 1', 'Aira Boutique Hotel & Spa 1', 'Khách sạn Essenza Hotel & Spa', 'The New View', 'Khách sạn River Prince 1', 'Changed Hotel 177', 'Changed Hotel 160', 'Gemma Hotel & Apartment', 'Changed Hotel 142']"
Aira Boutique Hotel & Spa 1,"['Changed Hotel 104', 'Changed Hotel 177', 'Gemma Hotel & Apartment', 'Changed Hotel 114', 'Khách sạn River Prince', 'Four Points', 'Khách sạn Sekong', 'Oxford Suites 1', 'TTC Ngọc Lan Hotel 1', 'The Enchanted Garden 1']"
Richico Apartments And Hotel,"['White Dove Hotels', 'Khách sạn Sekong', 'Wonder Resort', 'Changed Hotel 105', 'Changed Hotel 94', 'Changed Hotel 160', 'Fusion Suites Beach 1', 'Aira Boutique Hotel & Spa', 'Cabrillo Inn & Suites', 'Belle Maison Parosand 1']"
River Suites,"['Chic Land', 'Serene Danang Hotel 2', 'Satya Hotel 1', 'Changed Hotel 139', 'Villa Florence', 'Soho Boutique Hotel 1', 'Changed Hotel 128', 'Khách sạn Ngọc Mai Phú', 'Venture Hotel', 'Changed Hotel 135']"
Pavilion Hotel,"['Tropical Villa', 'Changed Hotel 131', 'Khách Sạn De An', 'Staybridge Suites 1', 'Changed Hotel 113', 'Aira Boutique Hotel & Spa', 'Changed Hotel 97', 'Richico Apartments And Hotel 1', 'Candlewood Hotel', 'Rodeway Inn 1']"
The Enchanted Garden 1,"['River Town Hotel', 'Changed Hotel 177', 'Changed Hotel 114', 'Khách sạn Sekong', 'Khách sạn Phú Hòa 1', 'Changed Hotel 163', 'Khách sạn River Prince', 'Rooftop Resort', 'Khách sạn Rum Vàng', 'Aira Boutique Hotel & Spa 1']"
Khách sạn Pansy,"['Changed Hotel 91', 'Grand Gold', 'Changed Hotel 99', 'Thanh Binh Riverside 1', 'The Cartwright Hotel', 'Four Seasons Hotel Gresham Palace', 'Khách sạn Phú Hòa', 'Hampton Inn & Suites', 'Changed Hotel 131', 'Serene Danang Hotel 1']"
Khách sạn River Prince,"['Aira Boutique Hotel & Spa 1', 'Changed Hotel 154', 'The Enchanted Garden 1', 'Khách sạn Trọng Tín', 'Changed Hotel 122', 'Khách sạn Essenza Hotel & Spa', 'Oxford Suites', 'Changed Hotel 139', 'Khách sạn My Ty', 'River Suites']"
Gemma Hotel & Apartment,"['Khách sạn Essenza Hotel & Spa', 'Aira Boutique Hotel & Spa 1', 'Khách sạn Đông Dương', 'Alisia Beach Hotel', 'TTC Ngọc Lan Hotel 1', 'Rodeway Inn', 'Khách sạn Misa 2', 'Changed Hotel 154', 'Changed Hotel 114', 'Changed Hotel 105']"
Khách sạn Hồng Tâm,"['Changed Hotel 176', 'Changed Hotel 134', 'Changed Hotel 90', 'The Maxwell', 'Khách sạn Misa 1', 'Cabrillo Inn & Suites', 'Wonder Resort', 'Lasenta Boutique Hotel', 'Aloft Chicago', 'Sizzling inn']"
Serene Danang Hotel,"['Changed Hotel 75', 'Changed Hotel 185', 'Richico Apartments And Hotel 1', 'Embassy Suites', 'Khách sạn Phú Hòa', 'Khách sạn Sekong', 'Thiên Tân Hotel', 'Belle Maison Parosand', 'Four Points', 'Changed Hotel 50']"
Cabrillo Inn & Suites,"['Historic Hotel 2', 'Lasenta Boutique Hotel 1', 'Khách sạn Sekong', 'Rodeway Inn 1', 'The James New York', 'Khách sạn Ngọc Mai Phú', 'Alisia Beach Hotel', 'Changed Hotel 176', 'Changed Hotel 116', 'Changed Hotel 157']"
Khách sạn Gia Điệu,"['Khách sạn Tuấn Vinh 1', 'Thanh Binh Riverside 1', 'Denali Perch Resort', 'Changed Hotel 104', 'Khách Sạn De An', 'Paris Deli Beach Hotel', 'Changed Hotel 120', 'Super 8', 'Khách sạn An An', 'Changed Hotel 90']"
White Dove Hotels,"['River Town Hotel 1', 'Changed Hotel 182', 'Belle Maison Parosand 1', 'Rodeway Inn 1', 'Changed Hotel 116', 'Wonder Resort', 'Changed Hotel 134', 'Historic Hotel 2', 'The New View', 'Soho Boutique Hotel']"
Super 8,"['Holiday Inn Express', 'Changed Hotel 103', 'Villa Florence', 'Oxford Suites', 'Changed Hotel 106', 'Paris Deli Beach Hotel', 'Changed Hotel 183', 'Rooftop Resort', 'Sizzling inn 1', 'Grand Gold']"
The Maxwell,"['Wonder Resort', 'Khách sạn Hồng Tâm', 'Khách sạn Sekong', 'Rooftop Resort', 'Pavilion Hotel', 'Changed Hotel 168', 'Aira Boutique Hotel & Spa', 'Changed Hotel 141', 'Changed Hotel 191', 'Khách Sạn De An']"
Rooftop Resort,"['Oxford Suites', 'Changed Hotel 103', 'Khách sạn Sekong', 'Changed Hotel 138', 'Historic Hotel 2', 'Khách sạn My Ty', 'Changed Hotel 141', 'Aira Boutique Hotel & Spa', 'London House', 'Super 8']"
Khách sạn Misa,"['Tropical Villa', 'TTC Ngọc Lan Hotel', 'Pavilion Hotel', 'Four Seasons Hotel Gresham Palace', 'Khách sạn Phú Hòa', 'Thanh Binh Riverside', 'Changed Hotel 175', 'Changed Hotel 164', 'Jolly House Đà Lạt', 'Changed Hotel 142']"
Risemount Resort,"['Khách sạn Sekong', 'Aira Boutique Hotel & Spa', 'Villa Florence', 'Changed Hotel 99', 'Changed Hotel 116', 'Cabrillo Inn & Suites', 'Lasenta Boutique Hotel 1', 'Changed Hotel 164', 'Four Points', 'Oxford Suites']"
Pavilion Hotel 1,"['Soho Boutique Hotel', 'Changed Hotel 188', 'Belle Maison Parosand 1', 'Changed Hotel 182', 'Changed Hotel 180', 'Sizzling inn 1', 'Staybridge Suites', 'Alisia Beach Hotel 2', 'Historic Hotel 2', 'White Dove Hotels']"
Khách sạn Lan Anh,"['Khách sạn Misa 1', 'Changed Hotel 112', 'Aloft Chicago', 'White Dove Hotels', 'White Dove Hotels 1', 'Changed Hotel 123', 'Oxford Suites 1', 'Changed Hotel 189', 'Sizzling inn', 'Homestay Bình An']"
Khách Sạn De An,"['Changed Hotel 113', 'Changed Hotel 118', 'Tropical Villa', 'Changed Hotel 126', 'Khách sạn Misa', 'Khách sạn Raon Beach', 'Serene Danang Hotel', 'River Suites', 'The Maxwell', 'Grand Gold']"
Khách sạn Ngọc Mai Phú,"['Changed Hotel 180', 'Alisia Beach Hotel', 'Changed Hotel 125', 'Khách sạn River Prince 1', 'Soho Boutique Hotel', 'Changed Hotel 96', 'Khách sạn Sekong', 'River Suites', 'Khách sạn Lan Anh 1', 'Hotel Lemonade']"
Waypoint,"['Satya Hotel 1', 'Hampton Inn & Suites', 'Changed Hotel 181', 'Changed Hotel 93', 'Chic Land', 'Rodeway Inn 1', 'Pavilion Hotel', 'Serene Danang Hotel 1', 'Changed Hotel 127', 'Khách sạn An An 1']"
Khách Sạn Raon Apartment & Hotel,"['Holiday Inn Express', 'Oxford Suites', 'Changed Hotel 130', 'YN’S HOME – Homestay', 'San Marino Boutique', 'Changed Hotel 103', 'Super 8', 'Changed Hotel 162', 'White Dove Hotels', 'River Town Hotel']"
TTC Ngọc Lan Hotel 1,"['The James New York', 'Khách sạn Essenza Hotel & Spa', 'Satya Hotel 1', 'Oxford Suites 1', 'Candlewood Hotel', 'River Suites', 'Changed Hotel 150', 'Villa Florence', 'Changed Hotel 122', 'Changed Hotel 161']"
Grand Gold,"['Changed Hotel 120', 'Super 8', 'Oxford Suites', 'Rooftop Resort', 'Changed Hotel 167', 'Satya Hotel', 'Holiday Inn Express', 'Changed Hotel 159', 'Aira Boutique Hotel & Spa', 'Khách sạn Sekong']"
Lasenta Boutique Hotel 1,"['Khách sạn Sekong', 'Changed Hotel 125', 'Changed Hotel 107', 'The Cartwright Hotel', 'Four Points', 'Rooftop Resort', 'Candlewood Hotel', 'Changed Hotel 190', 'Richico Apartments And Hotel', 'Historic Hotel 2']"
Khách sạn Phú Hòa 1,"['Changed Hotel 175', 'Khách sạn Phú Hòa', 'The Cartwright Hotel', 'Khách sạn An An 1', 'Changed Hotel 119', 'Changed Hotel 50', 'Four Seasons Hotel Gresham Palace', 'River Town Hotel', 'Khách sạn My Ty', 'Khách sạn Misa']"
Khách sạn Gia Điệu 1,"['Khách sạn An An 1', 'Khách sạn River Prince 1', 'Belle Maison Parosand', 'YN’S HOME – Homestay', 'Khách sạn My Ty', 'Khách sạn Đông Dương', 'Changed Hotel 50', 'Rodeway Inn 1', 'Changed Hotel 96', 'Changed Hotel 183']"
Alisia Beach Hotel 2,"['Changed Hotel 188', 'Tropical Villa', 'TTC Ngọc Lan Hotel', 'Venture Hotel', 'Khách sạn Raon Beach', 'Pavilion Hotel 1', 'White Dove Hotels', 'Changed Hotel 180', 'Khách sạn Misa', 'Changed Hotel 177']"
Aloft Chicago,"['Lasenta Boutique Hotel', 'Denali Perch Resort', 'Changed Hotel 178', 'Khách sạn Lan Anh', 'Candlewood Hotel', 'Oxford Suites 1', 'San Marino Boutique', 'Changed Hotel 101', 'Changed Hotel 123', 'White Dove Hotels 1']"
Embassy Suites,"['Changed Hotel 124', 'Four Points', 'Satya Hotel', 'Changed Hotel 75', 'The Enchanted Garden 2', 'Historic Hotel 2', 'Khách sạn Phú Hòa', 'Changed Hotel 130', 'Khách sạn Lan Anh 1', 'Khách sạn Sekong']"
Soho Boutique Hotel,"['Pavilion Hotel 1', 'Belle Maison Parosand 1', 'Rodeway Inn 1', 'Changed Hotel 182', 'Khách sạn Ngọc Mai Phú', 'White Dove Hotels', 'Changed Hotel 188', 'Alisia Beach Hotel', 'Historic Hotel 2', 'Changed Hotel 125']"
Thanh Binh Riverside 1,"['Aira Boutique Hotel & Spa', 'Staybridge Suites', 'Changed Hotel 91', 'Khách sạn Gia Điệu', 'Changed Hotel 104', 'Khách sạn Pansy', 'Four Points', 'Changed Hotel 157', 'Paris Deli Beach Hotel', 'Khách sạn An An']"
Belle Maison Parosand 1,"['White Dove Hotels', 'Soho Boutique Hotel', 'Pavilion Hotel 1', 'River Town Hotel 1', 'Fusion Suites Beach 1', 'TTC Ngọc Lan Hotel', 'Changed Hotel 116', 'Wonder Resort', 'Changed Hotel 180', 'Changed Hotel 163']"
Historic Hotel 1,"['Khách sạn Gia Điệu 2', 'Changed Hotel 139', 'Satya Hotel 1', 'Serene Danang Hotel 2', 'Changed Hotel 172', 'Villa Florence', 'Soho Boutique Hotel 1', 'Changed Hotel 128', 'Khách sạn Trọng Tín', 'Khách sạn An An 1']"
Candlewood Hotel,"['Changed Hotel 145', 'Lasenta Boutique Hotel 1', 'TTC Ngọc Lan Hotel 1', 'Changed Hotel 109', 'Aira Boutique Hotel & Spa', 'Changed Hotel 118', 'Khách sạn Sekong', 'Richico Apartments And Hotel 1', 'Denali Perch Resort', 'Khách sạn Gia Điệu 2']"
Khách sạn Hải Uyên,"['Khách sạn Đông Dương', 'Changed Hotel 170', 'Khách sạn Rum Vàng', 'Khách sạn Ngọc Mai Phú 2', 'Lasenta Boutique Hotel 1', 'Changed Hotel 163', 'Serene Danang Hotel', 'Khách sạn Sekong', 'Changed Hotel 190', 'Khách sạn Gia Điệu 1']"
Khách sạn Tuấn Vinh,"['Changed Hotel 191', 'Four Seasons Hotel Gresham Palace', 'Khách sạn Phú Hòa', 'Khách sạn Misa', 'The Maxwell', 'Jolly House Đà Lạt', 'Changed Hotel 135', 'Thanh Binh Riverside', 'Changed Hotel 175', 'The Cartwright Hotel']"
The James New York,"['Changed Hotel 139', 'Oxford Suites 1', 'Ancient House Resort & Spa', 'Changed Hotel 104', 'Cabrillo Inn & Suites', 'Historic Hotel 2', 'Changed Hotel 110', 'Khách sạn River Prince', 'Khách sạn Đông Dương', 'Gemma Hotel & Apartment']"
Khách sạn An An,"['Changed Hotel 111', 'Serene Danang Hotel 1', 'Khách sạn Misa 2', 'Belle Maison Parosand', 'Sizzling inn 1', 'Changed Hotel 144', 'Thanh Binh Riverside 1', 'Pavilion Hotel 1', 'Four Points', 'Changed Hotel 91']"
Fusion Suites Beach,"['Sizzling inn', 'Changed Hotel 167', 'Changed Hotel 169', 'Satya Hotel', 'Khách sạn Misa 1', 'Serene Danang Hotel 1', 'Khách sạn Lan Anh', 'Lasenta Boutique Hotel', 'Changed Hotel 145', 'Khách sạn Hồng Tâm']"
Khách sạn Đông Dương,"['Khách sạn Lan Anh 1', 'Gemma Hotel & Apartment', 'Cabrillo Inn & Suites', 'Four Points', 'Historic Hotel 2', 'Changed Hotel 104', 'Changed Hotel 152', 'Khách sạn An An 1', 'Changed Hotel 97', 'Ancient House Resort & Spa']"
Chic Land,"['Changed Hotel 161', 'Alisia Beach Hotel 1', 'River Suites', 'Rodeway Inn 1', 'Changed Hotel 106', 'Waypoint', 'Cabrillo Inn & Suites', 'Hampton Inn & Suites', 'Khách sạn Ngọc Mai Phú', 'Changed Hotel 169']"
Serene Danang Hotel 1,"['Changed Hotel 102', 'Staybridge Suites', 'Khách sạn An An', 'Fusion Suites Beach', 'Changed Hotel 181', 'Grand Gold', 'Changed Hotel 93', 'Khách sạn An An 1', 'Waypoint', 'Khách sạn Pansy']"
River Town Hotel 1,"['Fusion Suites Beach 1', 'White Dove Hotels', 'Belle Maison Parosand 1', 'Changed Hotel 186', 'Khách sạn Misa 1', 'Changed Hotel 116', 'Changed Hotel 171', 'Rodeway Inn 1', 'Historic Hotel 2', 'The New View']"
Serene Danang Hotel 2,"['Alisia Beach Hotel 1', 'Chic Land', 'Changed Hotel 117', 'Satya Hotel 1', 'TTC Ngọc Lan Hotel 1', 'Changed Hotel 194', 'Changed Hotel 183', 'Historic Hotel 1', 'Venture Hotel', 'Super 8']"
Royal Place,"['Rooftop Resort', 'Changed Hotel 107', 'Villa Florence', 'Khách sạn Sekong', 'Holiday Inn Express', 'Changed Hotel 138', 'The Enchanted Garden 1', 'Changed Hotel 190', 'River Suites', 'San Marino Boutique']"
Historic Hotel 2,"['Cabrillo Inn & Suites', 'Changed Hotel 127', 'Changed Hotel 180', 'Khách sạn Rum Vàng', 'Khách sạn Sekong', 'Ancient House Resort & Spa', 'Rooftop Resort', 'Khách sạn Misa 2', 'Changed Hotel 147', 'Alisia Beach Hotel 1']"
The Cartwright Hotel,"['Khách sạn Sekong', 'Changed Hotel 168', 'Lasenta Boutique Hotel 1', 'Khách sạn Lan Anh 1', 'Changed Hotel 98', 'Khách sạn Phú Hòa', 'Changed Hotel 142', 'Khách sạn Misa', 'Villa Florence', 'Thanh Binh Riverside']"
Khách sạn My Ty,"['Changed Hotel 50', 'Changed Hotel 179', 'Rooftop Resort', 'Hampton Inn & Suites', 'Khách sạn Phú Hòa 1', 'Super 8', 'Holiday Inn Express', 'Hotel Lemonade', 'Khách sạn Gia Điệu 1', 'Changed Hotel 138']"
YN’S HOME – Homestay,"['Khách Sạn Raon Apartment & Hotel', 'Holiday Inn Express', 'Khách sạn Ngọc Phát', 'Changed Hotel 143', 'Khách sạn An An 1', 'Khách sạn An An', 'Changed Hotel 162', 'Khách sạn Misa 2', 'Changed Hotel 161', 'Four Points']"
White Dove Hotels 1,"['Changed Hotel 102', 'Fusion Suites Beach', 'Changed Hotel 178', 'Khách sạn Lan Anh', 'River Town Hotel 1', 'Sizzling inn', 'Changed Hotel 140', 'Sizzling inn 1', 'Lasenta Boutique Hotel', 'Aloft Chicago']"
Four Points,"['Khách sạn Sekong', 'Khách sạn Lan Anh 1', 'Changed Hotel 164', 'Lasenta Boutique Hotel 1', 'Khách sạn Đông Dương', 'Aira Boutique Hotel & Spa 1', 'Embassy Suites', 'Changed Hotel 104', 'Thanh Binh Riverside 1', 'Changed Hotel 107']"
Khách sạn River Prince 1,"['Khách sạn An An 1', 'Changed Hotel 92', 'Rodeway Inn 1', 'Khách sạn Ngọc Mai Phú', 'Fusion Suites Beach', 'Changed Hotel 125', 'Changed Hotel 147', 'Satya Hotel', 'Khách sạn Gia Điệu 1', 'Soho Boutique Hotel 1']"
Khách sạn An An 1,"['Khách sạn River Prince 1', 'Khách sạn Gia Điệu 1', 'Changed Hotel 102', 'Changed Hotel 142', 'Alisia Beach Hotel', 'Khách sạn Đông Dương', 'Changed Hotel 183', 'Khách sạn Hải Uyên', 'Khách sạn Essenza Hotel & Spa 1', 'Serene Danang Hotel 1']"
Wonder Resort,"['White Dove Hotels', 'Changed Hotel 116', 'The Maxwell', 'The New View', 'Khách sạn Sekong', 'River Town Hotel 1', 'Changed Hotel 182', 'Changed Hotel 149', 'River Town Hotel', 'Khách sạn Hồng Tâm']"
Sizzling inn 1,"['Belle Maison Parosand 2', 'Changed Hotel 182', 'Jolly House Đà Lạt', 'Satya Hotel 1', 'Belle Maison Parosand', 'Changed Hotel 133', 'River Town Hotel 1', 'Khách sạn Misa 2', 'Changed Hotel 128', 'Venture Hotel']"
Khách sạn Gia Điệu 2,"['Changed Hotel 150', 'Candlewood Hotel', 'Khách sạn An An 1', 'Changed Hotel 169', 'Aira Boutique Hotel & Spa', 'Pavilion Hotel', 'Changed Hotel 139', 'Historic Hotel 2', 'Khách sạn Sekong', 'Belle Maison Parosand']"
The Cartwright Hotel 1,"['Khách sạn Sekong', 'Historic Hotel 2', 'Changed Hotel 130', 'Changed Hotel 75', 'Khách sạn Ngọc Mai Phú 2', 'Lasenta Boutique Hotel 1', 'The Enchanted Garden 1', 'Changed Hotel 107', 'Pavilion Hotel', 'Richico Apartments And Hotel 1']"
Hampton Inn & Suites,"['Khách sạn Phú Hòa 1', 'Changed Hotel 87', 'Satya Hotel 1', 'Changed Hotel 137', 'Oxford Suites', 'Four Seasons Hotel Gresham Palace', 'Khách sạn My Ty', 'Khách sạn Misa', 'Changed Hotel 130', 'Khách sạn Ngọc Mai Phú 1']"
Khách sạn Ngọc Mai Phú 1,"['Khách sạn Phú Hòa', 'Khách sạn Hồng Tâm', 'Changed Hotel 125', 'Hampton Inn & Suites', 'Changed Hotel 142', 'The New View', 'Oxford Suites', 'Khách sạn River Prince', 'Khách sạn My Ty', 'Changed Hotel 99']"
Rodeway Inn,"['Aira Boutique Hotel & Spa 1', 'Changed Hotel 119', 'Khách sạn Lan Anh 1', 'River Town Hotel', 'Gemma Hotel & Apartment', 'Khách sạn Sekong', 'Historic Hotel', 'Changed Hotel 164', 'Changed Hotel 144', 'Khách sạn Misa 2']"
Khách sạn Misa 1,"['Khách sạn Lan Anh', 'Lasenta Boutique Hotel', 'Changed Hotel 145', 'River Town Hotel 1', 'Changed Hotel 182', 'Changed Hotel 167', 'White Dove Hotels', 'Khách sạn Hồng Tâm', 'Oxford Suites 1', 'San Marino Boutique']"
The Enchanted Garden 2,"['Khách sạn My Ty', 'Oxford Suites', 'Rooftop Resort', 'Khách Sạn Raon Apartment & Hotel', 'Changed Hotel 89', 'Embassy Suites', 'Serene Danang Hotel', 'Four Points', 'Changed Hotel 128', 'Changed Hotel 175']"
Rodeway Inn 1,"['White Dove Hotels', 'Changed Hotel 147', 'Changed Hotel 136', 'Khách sạn Misa 2', 'Alisia Beach Hotel', 'Changed Hotel 163', 'Cabrillo Inn & Suites', 'Khách sạn River Prince 1', 'Historic Hotel', 'Pavilion Hotel 1']"
Khách sạn Essenza Hotel & Spa 1,"['Satya Hotel 1', 'Changed Hotel 25', 'Lasenta Boutique Hotel', 'Tropical Villa', 'Waypoint', 'Changed Hotel 180', 'Pavilion Hotel', 'Serene Danang Hotel 1', 'Changed Hotel 127', 'Khách sạn An An 1']"
Fusion Suites Beach 1,"['River Town Hotel 1', 'White Dove Hotels', 'Changed Hotel 187', 'Sizzling inn 1', 'Belle Maison Parosand 1', 'Changed Hotel 186', 'Soho Boutique Hotel', 'Khách sạn Misa 1', 'Richico Apartments And Hotel', 'Changed Hotel 171']"
Soho Boutique Hotel 1,"['Satya Hotel 1', 'Changed Hotel 194', 'Changed Hotel 128', 'TTC Ngọc Lan Hotel 1', 'Venture Hotel', 'Serene Danang Hotel 2', 'River Suites', 'Changed Hotel 172', 'Historic Hotel 1', 'Khách sạn River Prince 1']"
Richico Apartments And Hotel 1,"['Serene Danang Hotel', 'Khách sạn Rum Vàng', 'Khách sạn Ngọc Mai Phú 2', 'Aira Boutique Hotel & Spa', 'Changed Hotel 118', 'Changed Hotel 97', 'Candlewood Hotel', 'Historic Hotel 2', 'Alisia Beach Hotel 1', 'Changed Hotel 130']"
Khách sạn Ngọc Mai Phú 2,"['Khách sạn Rum Vàng', 'Changed Hotel 124', 'Richico Apartments And Hotel 1', 'Changed Hotel 97', 'Historic Hotel 2', 'Rooftop Resort', 'The Cartwright Hotel 1', 'Lasenta Boutique Hotel 1', 'Changed Hotel 119', 'Aira Boutique Hotel & Spa']"
Jolly House Đà Lạt,"['River Town Hotel 1', 'Fusion Suites Beach 1', 'Changed Hotel 172', 'Alisia Beach Hotel', 'Belle Maison Parosand 2', 'Changed Hotel 98', 'Khách sạn Phú Hòa', 'Khách sạn Misa', 'Thanh Binh Riverside', 'Changed Hotel 175']"
Belle Maison Parosand 2,"['Sizzling inn 1', 'Fusion Suites Beach 1', 'Changed Hotel 186', 'Belle Maison Parosand', 'River Town Hotel 1', 'Khách sạn Misa 1', 'Changed Hotel 133', 'Changed Hotel 147', 'White Dove Hotels 1', 'Khách sạn An An 1']"
Khách sạn Misa 2,"['Pavilion Hotel 1', 'Rodeway Inn 1', 'Staybridge Suites', 'Alisia Beach Hotel 2', 'Changed Hotel 147', 'Historic Hotel 2', 'Changed Hotel 127', 'Venture Hotel', 'Changed Hotel 106', 'Sizzling inn 1']"
San Marino Boutique,"['Holiday Inn Express', 'Khách Sạn Raon Apartment & Hotel', 'Sizzling inn', 'Khách sạn Misa 1', 'Changed Hotel 112', 'Super 8', 'Changed Hotel 145', 'Khách sạn Lan Anh', 'Changed Hotel 90', 'Rooftop Resort']"
Khách sạn Lan Anh 1,"['Four Points', 'Changed Hotel 97', 'Khách sạn Đông Dương', 'The Cartwright Hotel', 'Changed Hotel 141', 'Rodeway Inn', 'Khách sạn Essenza Hotel & Spa', 'Changed Hotel 136', 'Rooftop Resort', 'Aira Boutique Hotel & Spa 1']"
Khách sạn Raon Beach,"['Khách sạn Tuấn Vinh', 'Alisia Beach Hotel 2', 'Rodeway Inn 1', 'Changed Hotel 135', 'TTC Ngọc Lan Hotel', 'Venture Hotel', 'Changed Hotel 136', 'Changed Hotel 129', 'Alisia Beach Hotel', 'Serene Danang Hotel 2']"
Paris Deli Beach Hotel,"['Super 8', 'Villa Florence', 'Holiday Inn Express', 'Changed Hotel 99', 'Changed Hotel 148', 'Khách sạn Gia Điệu', 'Aira Boutique Hotel & Spa 1', 'Khách sạn Sekong', 'Serene Danang Hotel 1', 'Changed Hotel 105']"
Khách sạn Tuấn Vinh 1,"['Khách sạn Gia Điệu', 'White Dove Hotels', 'Changed Hotel 116', 'Denali Perch Resort', 'Changed Hotel 111', 'Wonder Resort', 'The New View', 'Duy Cảnh Homestay', 'Changed Hotel 160', 'Fusion Suites Beach 1']"
Villa Florence,"['Satya Hotel 1', 'Changed Hotel 128', 'Soho Boutique Hotel 1', 'Changed Hotel 107', 'Khách sạn Sekong', 'Cabrillo Inn & Suites', 'Richico Apartments And Hotel', 'Paris Deli Beach Hotel', 'Changed Hotel 139', 'Venture Hotel']"
Staybridge Suites 1,"['London House', 'Changed Hotel 118', 'Khách sạn Ngọc Phát', 'Tropical Villa', 'Pavilion Hotel 1', 'Changed Hotel 147', 'Khách sạn Misa', 'Khách Sạn De An', 'Changed Hotel 113', 'The Enchanted Garden 2']"
