User Name,Recommendations
Minh Kỳ,"['DMZ Hostel', 'Vina Hotel Hue', 'Hue Homestay Riverside', 'Casablanca Hotel', 'Binh Duong 2 Hotel 9', 'Lama Homestay 1', 'Bonjour Hostel', 'Changed Hotel SaLa Hotel', 'Changed Hotel Chi Homestay #4', 'Changed Hotel Amy Hostel Hue']"
Huy Khiêm,"['Amy Hostel Hue', 'Khách sạn Huế thơ', 'Leranda Homestay 3', 'DKD TRIO Hotel 6', 'Le Home 5', 'Stop and Go Boutique Homestay Hue', 'Hue Railway Hotel', 'Changed Hotel The Purple Hue Homestay', 'Changed Hotel Phòng đơn - 1 3', 'Changed Hotel Purple Hue Central Hub']"
Triệu Mẫn,"['Sapphire HOTEL HUE', 'Ngọc Bích Home (Sapphire Hotel Hue 2)', 'Lum Dong Tien Hotel', 'The Times Hotel', 'SH Hotel', 'THẢO AN HOTEL Huế', 'Millennium Hue Hotel', 'Changed Hotel Saphia Hotel Huế (sapphire Hotel 2)', 'Changed Hotel Sapphire Hotel Hue', 'Changed Hotel Huế thương Hotel']"
Lan Nhi,"['Noric homestay 2', 'Sapphire Hotel Hue', 'Ngọc Bích Home (Sapphire Hotel Hue 2)', 'Saphia Hotel Huế (sapphire Hotel 2)', 'Vina Spa Hotel', 'SALA HOTEL HUE', 'Vina Hotel Hue', 'Changed Hotel Sapphire HOTEL HUE', 'Changed Hotel Villa Louise Hue Beach Boutique Hotel', 'Changed Hotel The Sunriver Boutique Hotel Hue']"
Thục Uyên,"['Amy Hue Hotel & Apartment', 'Tran Ly Hotel', 'Duy Tan 2 Hotel 1', 'Amona Hotel', 'TRUONG TIEN HOTEL', 'Charming Riverside Hotel', 'DMZ Hostel', 'Changed Hotel Sapphire HOTEL HUE', 'Changed Hotel Kha Hotel', 'Changed Hotel Hue Lotus Homestay']"
Huyền Thoại,"['Hue Nino Hotel', 'Jade Hotel', 'Ken and Pi Hostel', 'Son Bungalow Retreat', 'Leranda Homestay 8', 'Star Binh Duong Hotel', 'Sapphire Hotel Hue', 'Changed Hotel Macramé Résidence', 'Changed Hotel Hue Royal Hotel', 'Changed Hotel Leranda Homestay']"
Trung,"['Sunny B Hotel', 'KING HOMESTAY', 'Timothy Homestay Hue', 'AN HOMESTAY HUE', 'Lantana Huế homestay 2 - phòng đôi view sông Hương trung tâm thành phố #102', 'Sunny A Hotel', 'Ruby Bistro Hotel', 'Changed Hotel Star Binh Duong Hotel', 'Changed Hotel Jade Scene Hotel', 'Changed Hotel Alba Wellness Resort By Fusion']"
Diễm Phúc,"['Sunny A Hotel', 'Dong Loi Hotel', 'Hue Royal Hotel', 'Maison Vu Tri Vien', 'Casablanca Hotel', 'Golden Star Hotel', 'Eldora Hotel', 'Changed Hotel Canary Boutique Hotel', 'Changed Hotel Sunny B Hotel', 'Changed Hotel Than Thien - Friendly Hotel']"
Phước An,"['Melia Vinpearl Hue', 'Sapphire Hotel Hue', 'TRUONG TIEN HOTEL', 'Millennium Hue Hotel', 'Stop and Go Boutique Homestay Hue', 'Cherry Hotel Hue', 'Hue Full House Homestay 2', 'Changed Hotel White Lotus Hue Hotel', 'Changed Hotel Sapphire HOTEL HUE', 'Changed Hotel Vina Spa Hotel']"
Thế Hùng,"['DMZ Hotel', 'DMZ Hostel', 'Bao Minh Hotel', 'Star Binh Duong Hotel', 'Moonlight Hotel Hue', 'Ngoc Binh Hotel', 'Sunny B Hotel', 'Changed Hotel Mondial Hotel', 'Changed Hotel Alba Hotel', 'Changed Hotel ÊMM Hotel Hue']"
Ðình Sang,"['Tò Vò Hostel Huế', 'Chi Homestay #4', 'Bonjour Hostel', 'Amy Hostel Hue', 'SOLEIL HOSTEL', 'Maily Hostel', 'AnAn Homestay Huế', 'Changed Hotel Lullaby homestay', 'Changed Hotel Rubis Hostel', 'Changed Hotel DMZ Hostel']"
Minh Hiền,"['The Sunriver Boutique Hotel Hue', 'Sapphire HOTEL HUE', 'Villa Louise Hue Beach Boutique Hotel', 'Noric homestay 2', 'Jasmine Hotel', 'Life Boutique Hotel', 'Hue Four Seasons Hotel', 'Changed Hotel Star Binh Duong Hotel', 'Changed Hotel Mondial Hotel', 'Changed Hotel Thuy Duong Boutique Hotel Hue']"
Ánh Linh,"['Ken and Pi Hostel', 'Macramé Résidence', 'Son Bungalow Retreat', 'Hue Nino Hotel', 'Rubis Hostel', 'Binh An Hostel', 'Chi Homestay #4', 'Changed Hotel Leranda Homestay', 'Changed Hotel Jade Hotel', 'Changed Hotel Leranda Homestay 8']"
Yến Mai,"['Hue Pink Lotus Hotel', 'Hue Lotus Homestay', 'White Lotus Hue Hotel', 'Sapphire HOTEL HUE', 'STAY HUE HOTEL', 'SEA HOMESTAY', 'Gardenia Hue Hotel', 'Changed Hotel SUN HOTEL', 'Changed Hotel Charming Riverside Hotel', 'Changed Hotel Lum Dong Tien Hotel']"
Tuấn Tú,"['Jade Scene Hotel', 'KING HOMESTAY', 'Timothy Homestay Hue', 'Alba Wellness Resort By Fusion', 'AN HOMESTAY HUE', 'Jade Hotel', 'Sapphire HOTEL HUE', 'Changed Hotel Hue Lotus Homestay', 'Changed Hotel Sunny B Hotel', 'Changed Hotel Lantana Huế homestay 2 - phòng đôi view sông Hương trung tâm thành phố #102']"
Hoàng Linh,"['Amona Hotel', 'Thien Phu Hotel', 'STAY HUE HOTEL', 'Hue Lotus Homestay', 'Sapphire HOTEL HUE', 'Vina Hotel Hue', 'Life Boutique Hotel', 'Changed Hotel THẢO AN HOTEL Huế', 'Changed Hotel Kha Hotel', 'Changed Hotel Millennium Hue Hotel']"
Trung Ðức,"['Gardenia Hue Hotel', ""Spatel d'Annam - Imperial Boutique Spa & Hotel"", 'Sunshine villa thuy bieu', 'Binh Duong 2 Hotel 6', 'Nhu Hien Hotel 1', 'Vina Spa Hotel', 'TRUONG TIEN HOTEL', 'Changed Hotel Hue Golden Inn Hotel', 'Changed Hotel Sapphire HOTEL HUE', 'Changed Hotel Ngọc Bích Home Huế']"
Ngọc Khanh,"['Soleil House', 'New World Hotel', 'Ngọc Bích Home (Sapphire Hotel Hue 2)', 'Bien Khoi Mini Hotel 1', 'SOLEIL HOSTEL', 'Full House Homestay', 'Hue Full House Homestay 2', 'Changed Hotel Chim Go Kien Mini Hotel', 'Changed Hotel DKD TRIO Hotel 4', 'Changed Hotel Pilgrimage Village Boutique Resort & Spa']"
Cường Thịnh,"['Jade Hotel', 'Hue Nino Hotel', 'Ken and Pi Hostel', 'Macramé Résidence', 'Son Bungalow Retreat', 'Charming Riverside Hotel', 'Bien Khoi Mini Hotel', 'Changed Hotel Leranda Homestay', 'Changed Hotel Leranda Homestay 8', 'Changed Hotel Jade Scene Hotel']"
Nhật Hùng,"['Khách sạn Huế thơ', 'Purple Hue Central Hub', 'Le Home 5', 'Leranda Homestay 3', 'DKD TRIO Hotel 6', 'Laurel Huế Hotel (Khách sạn Laurel Huế)', 'Huế thương Hotel', 'Changed Hotel Huế Thơ Homestay', 'Changed Hotel Amy Hostel Hue', 'Changed Hotel Phòng đơn - 1 3']"
Nhật Mai,"['Soleil House 1', 'Duy Tan 2 Hotel 5', 'The Light Homestay 6', 'Phòng đơn - 1 4', ""Kota's House Homestay 7"", 'The Light Homestay 7', ""Kota's House Homestay 6"", 'Changed Hotel Khách sạn Huế thơ', 'Changed Hotel Amy Hostel Hue 1', 'Changed Hotel Leranda Homestay 10']"
Xuân Sơn,"['SOLEIL HOSTEL', 'Chi Homestay #4', 'Amy Hostel Hue', 'Bonjour Hostel', 'Rubis Hostel', 'Maily Hostel', 'Tò Vò Hostel Huế', 'Changed Hotel Soleil House', 'Changed Hotel KING HOMESTAY', 'Changed Hotel DMZ Hostel']"
Kiều Hoa,"['Hong Thien Ruby Hotel', 'Stop and Go Boutique Homestay Hue', 'Happy House Homestay 1', 'Sankofa Village Hill Resort & Spa', 'Ngoc Binh Hotel 1', 'Azerai La Residence, Hue', 'Casablanca Hotel', 'Changed Hotel Hong Thien 1 Hotel', 'Changed Hotel Ruby Bistro Hotel', 'Changed Hotel Alba Hotel']"
Nam Hưng,"['Timothy Homestay Hue', 'AN HOMESTAY HUE', 'Jade Scene Hotel', 'Sunny B Hotel', 'D & A Homestay Hue', 'Hue Eco Homestay', 'The Purple Hue Homestay', 'Changed Hotel Alba Wellness Resort By Fusion', 'Changed Hotel KING HOMESTAY', 'Changed Hotel Lantana Huế homestay 2 - phòng đôi view sông Hương trung tâm thành phố #102']"
Thanh Loan,"['Vina Spa Hotel', 'Vina Hotel Hue', 'Vina Spa Hotel Huế', 'SEA HOMESTAY', 'SALA HOTEL HUE', 'STAY HUE HOTEL', 'Gardenia Hue Hotel', 'Changed Hotel THẢO AN HOTEL Huế', 'Changed Hotel Sapphire HOTEL HUE', 'Changed Hotel SUN HOTEL']"
Như Ngà,"['Vina Hotel Hue', 'SaLa Hotel', 'DMZ Hostel', 'Binh Duong 2 Hotel 9', 'Vina Spa Hotel', 'Vina Spa Hotel Huế', 'Hue Railway Hotel', 'Changed Hotel Casablanca Hotel', 'Changed Hotel Lama Homestay 1', 'Changed Hotel Hue Homestay Riverside']"
Ðắc Trọng,"['New World Hotel', 'Ngọc Bích Home (Sapphire Hotel Hue 2)', 'Chim Go Kien Mini Hotel', 'Soleil House', 'Pilgrimage Village Boutique Resort & Spa', 'Jade Scene Hotel', 'SUN HOTEL', 'Changed Hotel Bien Khoi Mini Hotel 1', 'Changed Hotel Sapphire HOTEL HUE', 'Changed Hotel DKD TRIO Hotel 4']"
Hải Thảo,"['Hotel La Perle', 'Pao Hotel', 'Nana Homestay & Villa 1', 'Duy Tan 2 Hotel 4', 'Hue Royal Hotel', 'Vina Hotel Hue', 'Jade Hotel', 'Changed Hotel Shine Hotel', 'Changed Hotel Hue thuong hotel', 'Changed Hotel Codo Vintage']"
Lệ Hoa,"['The Times Hotel', 'Millennium Hue Hotel', 'Cherry Hotel Hue', 'Lum Dong Tien Hotel', 'Sapphire Hotel Hue', 'Jade Scene Hotel', 'SH Hotel', 'Changed Hotel Thien Phu Hotel', 'Changed Hotel Sapphire HOTEL HUE', 'Changed Hotel Huethuonghotel 1']"
Hoàng Quân,"['Nana Homestay & Villa', 'Nana 2 Homestay', ""Q' Garden Villa Homestay"", 'AN HOMESTAY HUE', 'Full House Homestay', 'The Purple Hue Homestay', ""Q' Villa Garden Homestay"", 'Changed Hotel D & A Homestay Hue', 'Changed Hotel Le House Villa', 'Changed Hotel Lacasa Homestay']"
Hàm Duyên,"['Thien Phu Hotel', 'Hong Thien 1 Hotel', 'Hue Railway Hotel', 'Vina Hotel Hue', 'Huethuonghotel 1', 'Shine Hotel', 'KLy Hotel', 'Changed Hotel Jasmine Mini Hotel', 'Changed Hotel Rang Dong Hue Hotel', 'Changed Hotel Hue Golden Inn Hotel']"
Hạc,"['Canary Boutique Hotel', 'Sunny A Hotel', 'Hue Royal Hotel', 'Casablanca Hotel', 'Than Thien - Friendly Hotel', 'Canary Hotel Hue', 'Thanh Huong Homestay', 'Changed Hotel Dong Loi Hotel', 'Changed Hotel Golden Star Hotel', 'Changed Hotel Hong Thien Ruby Hotel']"
Minh Yến,"['Eva Homestay', 'EVA Hotel', 'The Purple Hue Homestay', 'Hue Eco Homestay', 'Nemo Homestay', 'AnAn Homestay Huế', 'Lullaby homestay', 'Changed Hotel Be Them homestay', 'Changed Hotel The Sun Homestay', 'Changed Hotel D & A Homestay Hue']"
My,"['Guest House Maika', 'Hue Four Seasons Hotel', 'Noric homestay', '3H Hue Oasis Retreat Villa', 'Vedana Lagoon Resort & Spa', ""Kota's House Homestay 1"", 'Anh Ngoc Guesthouse', 'Changed Hotel Ivy house', 'Changed Hotel Happy House Homestay', 'Changed Hotel Dory Homestay']"
Cẩm Yến,"['Na Hostel Hue', 'Amy Hostel Hue', 'DMZ Hostel', 'Binh An Hostel', 'Huethuonghotel 1', 'Maily Hostel', 'Stop and Go Boutique Homestay Hue', 'Changed Hotel Na Homestay', 'Changed Hotel Rang Dong Hue Hotel', 'Changed Hotel Cherry Hotel Hue']"
Yên Nhi,"['The Sun Homestay', 'D & A Homestay Hue', 'Be Them homestay', 'AnAn Homestay Huế', 'SUN HOTEL', 'Bluesea Homestay', 'Hue Homestay Riverside', 'Changed Hotel Nemo Homestay', 'Changed Hotel Anna Homestay Hue', 'Changed Hotel The Purple Hue Homestay']"
Trường Sa,"['EVA Hotel', 'Amy Apartment Hue', 'An Chi Homestay', 'Millennium Hue Hotel', 'Mộc nhiên homestay Căn hộ Nera Garden Huế', 'DMZ Hostel 1', 'Eva Homestay', 'Changed Hotel Be Them homestay', 'Changed Hotel LIMDIM HERE', 'Changed Hotel The Sun Homestay']"
Hùng Sơn,"['Phong Nha Hotel', 'Star Binh Duong Hotel', 'Alba Hotel', 'Ngoc Binh Hotel', 'Mondial Hotel', 'Than Thien - Friendly Hotel', 'The Sunriver Boutique Hotel Hue', 'Changed Hotel ÊMM Hotel Hue', 'Changed Hotel Bao Minh Hotel', 'Changed Hotel Golden Star Hotel']"
Thiên Kim,"['Nana Homestay & Villa 1', 'Duy Tan 2 Hotel 4', 'Shine Hotel', 'Hotel La Perle', 'Codo Vintage', 'DKD TRIO Hotel 9', 'Binh Duong 2 Hotel 7', 'Changed Hotel Pao Hotel', 'Changed Hotel Hue thuong hotel', 'Changed Hotel Duy Tan 2 Hotel 8']"
Danh Thành,"['Noric homestay', 'Guest House Maika', '3H Hue Oasis Retreat Villa', ""Kota's House Homestay 1"", 'Vedana Lagoon Resort & Spa', 'The Purple Hue Homestay', ""Chi's Homestay & Coffee"", 'Changed Hotel The Sun Homestay', 'Changed Hotel Hue Four Seasons Hotel', 'Changed Hotel Dory Homestay']"
Tùng Châu,"['Minh Tú Homestay', 'Hue Railway Hotel', 'Hue Four Seasons Hotel', 'Chi Homestay #4', 'STAY HUE HOTEL', 'Hue Full House Homestay 2', 'Stop and Go Boutique Homestay Hue', 'Changed Hotel KLy Apartment Hotel', 'Changed Hotel Minh Tam Guesthouse', 'Changed Hotel 5H homestay']"
Hưng Ðạo,"['Nemo Homestay', 'D & A Homestay Hue', 'The Sun Homestay', 'The Purple Hue Homestay', 'Lam Garden Boutique Homestay', 'Xuka Homestay', 'Be Them homestay', 'Changed Hotel Hue Homestay Riverside', 'Changed Hotel Bluesea Homestay', ""Changed Hotel Q' Garden Villa Homestay""]"
Anh Khôi,"['SEVEN HOMESTAY(HUE)', 'D & A Homestay Hue', 'The Sun Homestay', 'KING HOMESTAY', 'Hue Eco Homestay', 'Lam Garden Boutique Homestay', 'Nemo Homestay', 'Changed Hotel Hue Homestay Riverside', 'Changed Hotel The Purple Hue Homestay', ""Changed Hotel Q' Garden Villa Homestay""]"
Huyền Diệu,"['Pink Chill House', 'SEA HOMESTAY', 'NANO ECO-HOSTEL', 'Nhật Phương Hotel', 'Leranda Homestay 1', 'Be Them homestay', 'ANH’s HOUSE', 'Changed Hotel Canary Hotel Hue', 'Changed Hotel Hy Vien Boutique and Garden', 'Changed Hotel The Sun Homestay']"
Lý,"['Guest House Maika', '3H Hue Oasis Retreat Villa', 'Dory Homestay', 'Noric homestay', ""Kota's House Homestay 1"", 'SUN HOTEL', 'THẢO AN HOTEL Huế', 'Changed Hotel Hue Four Seasons Hotel', 'Changed Hotel Vedana Lagoon Resort & Spa', 'Changed Hotel STAY HUE HOTEL']"
Ý Lan,"['Maison Vu Tri Vien', 'Hue Lotus Homestay', 'TRUONG TIEN HOTEL', 'Le Robinet Villa - a journey into Hue citadel soul', 'Tom homestay, căn hộ Nera garden Huế', 'Sunny A Hotel', 'Hue Royal Hotel', 'Changed Hotel DKD TRIO Hotel 1', 'Changed Hotel Tùng Homestay 1', 'Changed Hotel Dong Loi Hotel']"
Huy Trân,"['Hue Full House Homestay 2', 'The Purple Hue Homestay', 'HOUSE OF LÝ', 'Full House Homestay', 'ANH’s HOUSE', ""Kota's House Homestay"", 'Happy House Homestay', 'Changed Hotel ChiChi House', 'Changed Hotel Timothy Homestay Hue', 'Changed Hotel Lama Homestay']"
Hải Yến,"['Be Them homestay', 'The Purple Hue Homestay', 'Lam Garden Boutique Homestay', 'Hue Homestay Riverside', 'Anna Homestay Hue', 'Chi Homestay #4', 'Bluesea Homestay', 'Changed Hotel D & A Homestay Hue', 'Changed Hotel The Sun Homestay', 'Changed Hotel Lama Homestay']"
Nhã Trang,"['Lum Dong Tien Hotel', 'Hue 1962 INN', 'Purple Hue - Charming Riverside', 'Duy Tan 2 Hotel 7', 'Nhu Hien Hotel 7', 'Binh Duong 2 Hotel 2', 'Moonlight Hotel Hue', 'Changed Hotel Jasmine Hotel', 'Changed Hotel Mondial Hotel', 'Changed Hotel ÊMM Hotel Hue']"
Quế Anh,"['Quang Homestay', 'Binh An Hostel', 'Hue Harmony Hotel', 'Shark Home 1', 'Noric homestay 5', 'Shine Riverside Homestay', 'Spring Garden Villa', 'Changed Hotel Hue Homestay Riverside', 'Changed Hotel Orchid Riverside Villa', 'Changed Hotel Valentino Homestay']"
Hoa Tranh,"['AnAn Homestay Huế', 'D & A Homestay Hue', 'Vina Spa Hotel Huế', 'Be Them homestay', 'Hue Full House Homestay 2', 'The Purple Hue Homestay', 'Chi Homestay #4', 'Changed Hotel The Sun Homestay', 'Changed Hotel The Light Homestay', 'Changed Hotel Huế Thơ Homestay']"
Cát Tường,"['Shine Hotel', 'D & A Homestay Hue', 'Orchid Riverside Villa', 'The Sun Homestay', 'Millennium Hue Hotel', 'Jasmine Mini Hotel', 'Hue Classic Hotel', 'Changed Hotel Charming Riverside Hotel', 'Changed Hotel Hue Homestay Riverside', 'Changed Hotel Shine Riverside Homestay']"
Nhã Uyên,"['Chi Homestay Nera Garden Huế', 'Đức Lộc Hotel', 'Nana 2 Homestay', 'Đăng Tuấn hotel', 'Noric homestay 9', 'Mộc nhiên homestay Căn hộ Nera Garden Huế', 'Noric homestay', 'Changed Hotel Căn hộ khách sạn Nera garden Huế', 'Changed Hotel Hoa ban Homestay', 'Changed Hotel VIỆT Hostel']"
Tuấn Ngọc,"['KLy Apartment Hotel', 'Thanh Huong Homestay', 'Homestay Mộc Nhi', 'Duy Tan 2 Hotel', 'KLy Hotel', 'Huethuonghotel 1', 'Hue Railway Hotel', 'Changed Hotel ký ức tươi đẹp homestay', 'Changed Hotel Pinehill Tu Hieu Hue Homestay', 'Changed Hotel De Hué']"
Thế Bình,"['Tran Ly Hotel', 'Kha Hotel', 'Amy Hue Hotel & Apartment', 'Star Binh Duong Hotel', 'Hue Royal Hotel', 'Than Thien - Friendly Hotel', 'Hue Four Seasons Hotel', 'Changed Hotel Duy Tan 2 Hotel 1', 'Changed Hotel Sunny A Hotel', 'Changed Hotel Song Huong Hue Hotel']"
Cát Tiên,"['ANH’s HOUSE', 'Hue Full House Homestay 2', 'The Sun Homestay', 'Ivy house', 'D & A Homestay Hue', 'The Light Homestay', 'Lama Homestay', 'Changed Hotel HOUSE OF LÝ', 'Changed Hotel Be Them homestay', 'Changed Hotel Metta Homestay Hue']"
Ngọc Trinh,"['a-mâze house', 'Hue Full House Homestay 2', ""Q' Villa Garden Homestay"", 'Happy House Homestay', 'LaLa Homestay', 'Shark Homestay', 'Hue Lotus Homestay', 'Changed Hotel Chi Homestay #4', 'Changed Hotel Happy House Homestay 1', 'Changed Hotel Full House Homestay']"
Hoàng Long,"['LIMDIM HERE', 'Mộc nhiên homestay Căn hộ Nera Garden Huế', 'EVA Hotel', 'Millennium Hue Hotel', 'DMZ Hostel 1', 'Amy Hue Hotel & Apartment', 'Chi Homestay Nera Garden Huế', 'Changed Hotel Chic Studio Homestay', 'Changed Hotel An Chi Homestay', 'Changed Hotel Amy Apartment Hue']"
Thiên Lan,"['The Purple Hue Homestay', 'Golden Inn Hotel', ""Q' Garden Villa Homestay"", 'Spring Garden Villa', 'MUN HOMeSTAY 2', '3H Hue Oasis Retreat Villa', 'HELLO VILLA & SPA', 'Changed Hotel Be Them homestay', 'Changed Hotel Golden Star Villa Hue', 'Changed Hotel Hue Golden Inn Hotel']"
Vinh Diệu,"['Thien Phu Hotel', 'Huethuonghotel 1', 'KLy Hotel', 'STAY HUE HOTEL', 'Hue thuong hotel', 'Hue Railway Hotel', 'Vina Hotel Hue', 'Changed Hotel Hue Harmony Hotel', 'Changed Hotel Rang Dong Hue Hotel', 'Changed Hotel Cherry Hotel Hue']"
Kiết,"['DMZ Hostel 1', 'EVA Hotel', 'LIMDIM HERE', 'Amy Apartment Hue', 'Mộc nhiên homestay Căn hộ Nera Garden Huế', 'Shark Home 2', 'Duy Tan 2 Hotel 2', 'Changed Hotel Millennium Hue Hotel', 'Changed Hotel Leranda Homestay 9', 'Changed Hotel An Chi Homestay']"
Thiệu Bảo,"['SEA HOMESTAY', 'Nhật Phương Hotel', 'Pink Chill House', 'Canary Hotel Hue', 'Leranda Homestay 1', 'Amy Hostel Hue', 'Chi Homestay #4', 'Changed Hotel NANO ECO-HOSTEL', 'Changed Hotel Hue Eco Homestay', 'Changed Hotel Hy Vien Boutique and Garden']"
An Di,"['Thanh An 3 Guesthouse', 'Anh Ngoc Guesthouse', 'Thanh An 2 Guesthouse', 'Hue Full House Homestay 2', 'Gia Anh Guesthouse', 'Cat An Guesthouse', 'The Light Homestay', 'Changed Hotel KLy Apartment Hotel', 'Changed Hotel Minh Tam Guesthouse', 'Changed Hotel Minh Tú Homestay']"
Kim Thư,"['Happy House Homestay 1', 'Hong Thien Ruby Hotel', 'Alba Hotel', 'Ngoc Binh Hotel 1', 'Azerai La Residence, Hue', 'D & A Homestay Hue', 'The Purple Hue Homestay', 'Changed Hotel Stop and Go Boutique Homestay Hue', 'Changed Hotel Hue Full House Homestay 2', 'Changed Hotel Sankofa Village Hill Resort & Spa']"
Mỹ Loan,"['La Y Riverview', 'Hue Four Seasons Hotel', 'La Vela Hue Hotel', 'Shine Riverside Homestay', 'La Paix Hue', 'KLy Hotel', 'Chi Homestay #4', 'Changed Hotel SaLa Hotel', 'Changed Hotel Vina Hotel Hue', 'Changed Hotel TRUONG TIEN HOTEL']"
Phúc Cường,"['Valentino Homestay', 'Quang Homestay', 'Orchid Riverside Villa', 'Noric homestay 5', 'Hue Full House Homestay 2', 'KLy Hotel', 'Rang Dong Hue Hotel', 'Changed Hotel Shark Home 1', 'Changed Hotel Hue Harmony Hotel', 'Changed Hotel Binh An Hostel']"
Thủy,"['Huethuonghotel', 'Huethuonghotel 2', 'Hue thuong hotel', 'KLy Hotel', 'Hue Full House Homestay 2', 'KLy Apartment Hotel', 'Rang Dong Hue Hotel', 'Changed Hotel Hue Golden Inn Hotel', 'Changed Hotel Huethuonghotel 1', 'Changed Hotel Thien Phu Hotel']"
Quang Nhật,"['Huế thương Hotel', 'THẢO AN HOTEL Huế', 'Huethuonghotel 1', 'Rang Dong Hue Hotel', 'Saphia Hotel Huế (sapphire Hotel 2)', 'Thien Phu Hotel', 'Hue Railway Hotel', 'Changed Hotel Cherry Hotel Hue', 'Changed Hotel Millennium Hue Hotel', 'Changed Hotel Hue thuong hotel']"
Trúc Quỳnh,"['Hue Four Seasons Hotel', 'Mondial Hotel', 'Midtown Hotel Hue', 'STAY HUE HOTEL', 'Than Thien - Friendly Hotel', 'Alba Hotel', 'Song Huong Hue Hotel', 'Changed Hotel Huong Giang Hotel Resort & Spa', 'Changed Hotel Saigon Morin Hotel', 'Changed Hotel ÊMM Hotel Hue']"
Hoàng Dũng,"['Villa Hue Hotel', 'Dong Loi Hotel', 'Hue Royal Hotel', 'Midtown Hotel Hue', 'Casablanca Hotel', 'Jasmine Hotel', 'Song Huong Hue Hotel', 'Changed Hotel Huong Giang Hotel Resort & Spa', 'Changed Hotel ÊMM Hotel Hue', 'Changed Hotel Ngoc Binh Hotel']"
Huy Chiểu,"['VIỆT Hostel', 'Hoa ban Homestay', 'Chi Homestay Nera Garden Huế', 'Nana 2 Homestay', 'Noric homestay 9', 'Đức Lộc Hotel', 'Phòng đơn - 1 7', 'Changed Hotel Nhu Hien Hotel 8', 'Changed Hotel Lantana Huế homestay 2 - phòng đôi view sông Hương trung tâm thành phố #102', 'Changed Hotel Đăng Tuấn hotel']"
Miên,"['De Hué', 'Homestay Mộc Nhi', 'Thanh Huong Homestay', 'KLy Apartment Hotel', 'Duy Tan 2 Hotel', 'Thien An Pine Hill Homestay Hue', 'Metta Homestay Hue', 'Changed Hotel Pinehill Tu Hieu Hue Homestay', 'Changed Hotel ký ức tươi đẹp homestay', ""Changed Hotel Q' Garden Villa Homestay""]"
Mai Hương,"['Ivy house', 'Phòng đơn - 1', 'Hue Full House Homestay 2', 'Happy House Homestay 1', 'Guest House Maika', 'HOUSE OF LÝ', 'KenKet house', 'Changed Hotel The Light Homestay', 'Changed Hotel Q Homestay PNL', 'Changed Hotel Anh Ngoc Guesthouse']"
Hồng Anh,"['Thai Binh II Hotel', 'Binh Duong 2 Hotel', 'An Thai Homestay Hue', 'Midtown Hotel Hue', 'Golden Star Hotel', 'Moonlight Hotel Hue', 'Alba Hotel', 'Changed Hotel Star Binh Duong Hotel', 'Changed Hotel Bao Minh Hotel', 'Changed Hotel Ngoc Binh Hotel']"
Ân Lai,"['The Purple Hue Homestay', 'Be Them homestay', 'The Sun Homestay', 'Hue Homestay Riverside', 'Anna Homestay Hue', 'An Thai Homestay Hue', 'Bluesea Homestay', 'Changed Hotel D & A Homestay Hue', 'Changed Hotel Nemo Homestay', ""Changed Hotel Kota's House Homestay""]"
Tố Quyên,"['Happiest Homestay 1 - Manor Crown Hue', 'Chi Homestay Nera Garden Huế', 'Noric homestay', 'Căn hộ khách sạn Nera garden Huế', 'KenKet house 1', 'Nick homestay, căn hộ cao cấp, view nghỉ dưỡng.', 'Tom homestay, căn hộ Nera garden Huế', 'Changed Hotel Mộc nhiên homestay Căn hộ Nera Garden Huế', 'Changed Hotel Trungnamhomestay', 'Changed Hotel Cam on home with swimming pool & gym room']"
Công Lập,"['La Vela Hue Hotel', 'The Light Homestay', 'ANH’s HOUSE', 'KOBI Onsen Resort Hue', 'Millennium Hue Hotel', 'Rang Dong Hue Hotel', 'Sapphire HOTEL HUE', 'Changed Hotel Cherry Hotel Hue', 'Changed Hotel Căn hộ khách sạn Nera garden Huế', 'Changed Hotel Pink Chill House 1']"
Quý Khánh,"['Tom homestay, căn hộ Nera garden Huế', 'Chi Homestay Nera Garden Huế', 'Nick homestay, căn hộ cao cấp, view nghỉ dưỡng.', 'Trungnamhomestay', ""Căn hộ cao cấp 2pn-view đẹp-5'Tràng Tiền, Vincom"", 'Cam on home with swimming pool & gym room', 'Noric homestay', 'Changed Hotel Mộc nhiên homestay Căn hộ Nera Garden Huế', 'Changed Hotel Căn Hộ ROLEX - Nera Garden Huế', 'Changed Hotel Căn hộ khách sạn Nera garden Huế']"
Tuấn Trung,"['Pilgrimage Village Boutique Resort & Spa', 'Ngọc Bích Home (Sapphire Hotel Hue 2)', 'Soleil House', 'Chim Go Kien Mini Hotel', 'DKD TRIO Hotel 4', 'Sankofa Village Hill Resort & Spa', 'Hue Riverside Boutique Resort & Spa', 'Changed Hotel Vedana Lagoon Resort & Spa', 'Changed Hotel New World Hotel', 'Changed Hotel Bien Khoi Mini Hotel 1']"
Phong Ðộ,"['Shark Home', 'Shark Homestay', 'Canary Homestay', 'Lucky Home', 'D & A Homestay Hue', 'Chi Homestay #4', 'Lullaby homestay', 'Changed Hotel Full House Homestay', 'Changed Hotel Le Home', 'Changed Hotel Hue Lotus Homestay']"
Huyền Ngọc,"['Hong Thien 1 Hotel', 'Thanh An 3 Guesthouse', 'Le Home 4', 'Phòng đơn - 1 4', 'Vina Hotel Hue', 'White Lotus Hue Hotel', 'Huethuonghotel 1', 'Changed Hotel Thien Phu Hotel', 'Changed Hotel Rang Dong Hue Hotel', 'Changed Hotel Hong Thien Ruby Hotel']"
Thanh Xuân,"['Shark Home 1', 'Noric homestay 5', 'Valentino Homestay', 'Binh An Hostel', 'a-mâze house 1', 'Nhu Hien Hotel 6', 'Nhu Hien Hotel 5', 'Changed Hotel Hue Harmony Hotel', 'Changed Hotel Orchid Riverside Villa', 'Changed Hotel Quang Homestay']"
Thành Trung,"['ANH’s HOUSE', 'The Light Homestay', 'Căn hộ khách sạn Nera garden Huế', 'KOBI Onsen Resort Hue', 'Pink Chill House 1', 'La Y Riverview', 'TRUONG TIEN HOTEL', 'Changed Hotel Vina Hotel Hue', 'Changed Hotel La Vela Hue Hotel', 'Changed Hotel Cherry Hotel Hue']"
Uyển Nghi,"['Golden Star Hotel', 'Hue Royal Hotel', 'Moonlight Hotel Hue', 'Bao Minh Hotel', 'Midtown Hotel Hue', 'Dong Loi Hotel', 'Star Binh Duong Hotel', 'Changed Hotel Sunny A Hotel', 'Changed Hotel ÊMM Hotel Hue', 'Changed Hotel Ngoc Binh Hotel']"
Tiểu Mi,"['Hue Riverside Boutique Resort & Spa', 'Song Huong Hue Hotel', 'Midtown Hotel Hue', 'Mondial Hotel', 'Than Thien - Friendly Hotel', 'Imperial Hotel Hue', 'Hue Royal Hotel', 'Changed Hotel Huong Giang Hotel Resort & Spa', 'Changed Hotel Saigon Morin Hotel', 'Changed Hotel ÊMM Hotel Hue']"
Ðức Toàn,"['Life Boutique Hotel', 'SUN HOTEL', 'Hong Thien 1 Hotel', 'SaLa Hotel', 'STAY HUE HOTEL', 'Thien Phu Hotel', 'Hue Four Seasons Hotel', 'Changed Hotel Jade Scene Hotel', 'Changed Hotel Hue Classic Hotel', 'Changed Hotel Na Homestay']"
Duy Mạnh,"['Moonlight Hotel Hue', 'Golden Star Hotel', 'ÊMM Hotel Hue', 'Villa Hue Hotel', 'Huong Giang Hotel Resort & Spa', 'Jasmine Hotel', 'Mondial Hotel', 'Changed Hotel Midtown Hotel Hue', 'Changed Hotel Hue Royal Hotel', 'Changed Hotel Dong Loi Hotel']"
Thuận Anh,"['Happy House Homestay', 'The Purple Hue Homestay', 'Full House Homestay', 'D & A Homestay Hue', 'Anna Homestay Hue', 'Hue Full House Homestay 2', 'Nana 2 Homestay', 'Changed Hotel Lam Garden Boutique Homestay', 'Changed Hotel Leranda Homestay', 'Changed Hotel An Thai Homestay Hue']"
Kiên Giang,"['The Sun Homestay', 'KING HOMESTAY', 'Lama Homestay', 'Pinehill Tu Hieu Hue Homestay', 'Hue Full House Homestay 2', 'HOUSE OF LÝ', 'Hue Eco Homestay', 'Changed Hotel D & A Homestay Hue', 'Changed Hotel AN HOMESTAY HUE', 'Changed Hotel Metta Homestay Hue']"
Kim Ðan,"['SUN HOTEL', 'KenKet house', 'Le Home 1', 'Le Home 8', 'Duy Tan 2 Hotel 2', 'The Sun Homestay', 'Hue Classic Hotel', 'Changed Hotel THẢO AN HOTEL Huế', 'Changed Hotel Hue Lotus Homestay', 'Changed Hotel Le Home 6']"
Bạch Quỳnh,"['STAY HUE HOTEL', 'THẢO AN HOTEL Huế', 'Hue Four Seasons Hotel', 'Na Homestay', 'Hue Railway Hotel', 'Rang Dong Hue Hotel', 'Spring Garden Villa', 'Changed Hotel Hue Classic Hotel', 'Changed Hotel SUN HOTEL', 'Changed Hotel Vina Hotel Hue']"
Quảng Thông,"['Tùng Homestay', 'Be Them homestay', ""Q' Garden Villa Homestay"", 'Anna Homestay Hue', ""Chi's Homestay & Coffee"", 'Hue Homestay Riverside', 'AnAn Homestay Huế', 'Changed Hotel D & A Homestay Hue', 'Changed Hotel The Sun Homestay', 'Changed Hotel The Purple Hue Homestay']"
Thái Tân,"['Mandarin Homestay Hue', 'Huế Thơ Homestay', 'Charming Riverside Hotel', 'SH Hotel', 'Laurel Huế Hotel (Khách sạn Laurel Huế)', ""Q' Villa Garden Homestay"", 'D & A Homestay Hue', 'Changed Hotel The Light Homestay 7', 'Changed Hotel Cam on home with swimming pool & gym room', 'Changed Hotel The Sun Homestay']"
Nhân Sâm,"['Bao Minh Hotel', 'Star Binh Duong Hotel', 'Dong Loi Hotel', 'Ngoc Tung Mini Hotel', 'Sunny A Hotel', 'Villa Hue Hotel', 'ÊMM Hotel Hue', 'Changed Hotel Ngoc Binh Hotel', 'Changed Hotel Hue Royal Hotel', 'Changed Hotel Golden Star Hotel']"
Diệu Hằng,"['Hue Homestay Riverside', 'Vina Hotel Hue', 'DMZ Hostel', 'Casablanca Hotel', 'Lama Homestay 1', 'Binh Duong 2 Hotel 9', 'The Purple Hue Homestay', 'Changed Hotel SaLa Hotel', 'Changed Hotel Shine Riverside Homestay', 'Changed Hotel The Sun Homestay']"
Mỹ Hường,"['La Paix Hue', 'D & A Homestay Hue', 'Sapphire Hotel Hue', 'Hue Classic Hotel', 'Hue Lotus Homestay', 'Sapphire HOTEL HUE', 'Vina Spa Hotel', 'Changed Hotel Vina Hotel Hue', 'Changed Hotel SUN HOTEL', 'Changed Hotel Spring Garden Villa']"
Kim Thịnh,"['Hue Lovely Homestay', 'D & A Homestay Hue', 'The Sun Homestay', 'An Thai Homestay Hue', 'The Purple Hue Homestay', 'Hue Full House Homestay 2', 'Metta Homestay Hue', 'Changed Hotel Thanh Huong Homestay', 'Changed Hotel Anna Homestay Hue', 'Changed Hotel Valentino Homestay']"
Trường Vinh,"[""Chi's Homestay & Coffee"", 'The Sun Homestay', 'Dory Homestay', 'Stop and Go Boutique Homestay Hue', 'Full House Homestay', 'The Purple Hue Homestay', 'Nemo Homestay', ""Changed Hotel Kota's House Homestay"", 'Changed Hotel D & A Homestay Hue', 'Changed Hotel An Chi Homestay']"
Trúc Đào,"['Lucky Home', 'Super OYO 882 Lucky Hotel', 'Ngọc Bích Home (Sapphire Hotel Hue 2)', 'Shark Home', 'SaLa Hotel', 'KLy Apartment Hotel', 'Ngọc Bích Home Huế', 'Changed Hotel Le Home', 'Changed Hotel Hue Railway Hotel', 'Changed Hotel Huethuonghotel 1']"
Trúc Lan,"[""Spatel d'Annam - Imperial Boutique Spa & Hotel"", 'Gardenia Hue Hotel', 'Sunshine villa thuy bieu', 'Ngọc Bích Home Huế', 'Vina Spa Hotel', 'Life Boutique Hotel', 'Jade Scene Hotel', 'Changed Hotel Binh Duong 2 Hotel 6', 'Changed Hotel Nhu Hien Hotel 1', 'Changed Hotel Hue Golden Inn Hotel']"
Phương Thủy,"['Jasmine Mini Hotel', 'Binh Duong 2 Hotel 8', ""Kota's House Homestay 3"", 'Thien Phu Hotel', 'Binh An Hostel', 'KLy Hotel', 'Shine Hotel', 'Changed Hotel Phong Nha Hotel 1', 'Changed Hotel SEA HOMESTAY', 'Changed Hotel Lum Dong Tien Hotel']"
Hương Xuân,"['Spring Garden Villa', 'STAY HUE HOTEL', ""Q' Garden Villa Homestay"", 'SUN HOTEL', 'SEA HOMESTAY', 'Hue Classic Hotel', 'THẢO AN HOTEL Huế', 'Changed Hotel Hue Lotus Homestay', 'Changed Hotel Lum Dong Tien Hotel', 'Changed Hotel Rang Dong Hue Hotel']"
Quang Tuấn,"['Alba Spa Hotel', 'Vina Spa Hotel', 'Alba Hotel', 'Eldora Hotel', 'Vina Spa Hotel Huế', 'Vina Hotel Hue', 'THẢO AN HOTEL Huế', 'Changed Hotel Alba Wellness Resort By Fusion', 'Changed Hotel Sunny A Hotel', 'Changed Hotel Sapphire HOTEL HUE']"
Danh Văn,"['Le Robinet Villa - a journey into Hue citadel soul', 'Hue Lotus Homestay', 'TRUONG TIEN HOTEL', 'Maison Vu Tri Vien', 'Tùng Homestay 1', 'DKD TRIO Hotel 1', ""Q' Garden Villa Homestay"", 'Changed Hotel Le House Villa', 'Changed Hotel Tom homestay, căn hộ Nera garden Huế', 'Changed Hotel 3H Hue Oasis Retreat Villa']"
Hải Duyên,"['ký ức tươi đẹp homestay', 'Pinehill Tu Hieu Hue Homestay', 'De Hué', 'KLy Apartment Hotel', ""Q' Garden Villa Homestay"", 'D & A Homestay Hue', 'Be Them homestay', 'Changed Hotel Duy Tan 2 Hotel', 'Changed Hotel Homestay Mộc Nhi', 'Changed Hotel Thanh Huong Homestay']"
Kiều Diễm,"['Tùng Homestay 1', 'Tom homestay, căn hộ Nera garden Huế', 'TRUONG TIEN HOTEL', 'DKD TRIO Hotel 1', 'Maison Vu Tri Vien', 'Phòng đơn - 1 9', 'Duy Tan 2 Hotel 8', 'Changed Hotel Noric homestay 5', 'Changed Hotel Le Robinet Villa - a journey into Hue citadel soul', 'Changed Hotel Hue Lotus Homestay']"
Phong,"['Pink Chill House 1', 'Cherry Hotel Hue', 'The Light Homestay', 'La Vela Hue Hotel', 'KOBI Onsen Resort Hue', 'Binh Duong 2 Hotel 6', 'Nhu Hien Hotel 3', 'Changed Hotel Căn hộ khách sạn Nera garden Huế', 'Changed Hotel ANH’s HOUSE', 'Changed Hotel Duy Tan 2 Hotel 2']"
Phương Quyên,"['Azerai La Residence, Hue', 'Stop and Go Boutique Homestay Hue', 'Happy House Homestay 1', 'Sankofa Village Hill Resort & Spa', 'Ngoc Binh Hotel 1', 'Mondial Hotel', 'Huong Giang Hotel Resort & Spa', 'Changed Hotel Saigon Morin Hotel', 'Changed Hotel Hong Thien Ruby Hotel', 'Changed Hotel Alba Hotel']"
Song,"['The Sunriver Boutique Hotel Hue', 'Noric homestay 2', 'Charming Riverside Hotel', 'Sankofa Village Hill Resort & Spa', 'Alba Wellness Resort By Fusion', 'Hue Ecolodge', 'Hiên Cát homestay', 'Changed Hotel SH Hotel', 'Changed Hotel Sapphire HOTEL HUE', 'Changed Hotel Villa Louise Hue Beach Boutique Hotel']"
Ðình Ðôn,"['Phong Nha Hotel 1', ""Kota's House Homestay 3"", 'DKD TRIO Hotel 1', 'Phòng đơn - 1 3', 'Duy Tan 2 Hotel 4', 'Leranda Homestay 5', 'Huethuonghotel 3', 'Changed Hotel Binh Duong 2 Hotel 8', 'Changed Hotel Jasmine Mini Hotel', 'Changed Hotel Leranda Homestay 7']"
Vân Hà,"['DKD TRIO Hotel 4', 'Binh Duong 2 Hotel 4', 'Le Home 6', 'DKD TRIO Hotel 7', ""Kota's House Homestay 6"", ""Kota's House Homestay 7"", 'Duy Tan 2 Hotel 5', 'Changed Hotel Noric homestay 2', 'Changed Hotel HOUSE OF LÝ 1', 'Changed Hotel Binh Duong 2 Hotel 3']"
Khải Tâm,"['Charming Riverside Hotel', 'Laurel Huế Hotel (Khách sạn Laurel Huế)', 'Mandarin Homestay Hue', 'Cam on home with swimming pool & gym room', 'The Light Homestay 7', 'Purple Hue - Charming Riverside', 'Shine Riverside Homestay', 'Changed Hotel Huế Thơ Homestay', 'Changed Hotel SH Hotel', 'Changed Hotel Jade Hotel']"
Thủy Minh,"['Imperial Hotel Hue', 'Saigon Morin Hotel', 'Midtown Hotel Hue', 'Huong Giang Hotel Resort & Spa', ""Spatel d'Annam - Imperial Boutique Spa & Hotel"", 'Hue Riverside Boutique Resort & Spa', 'SALA HOTEL HUE', 'Changed Hotel Mondial Hotel', 'Changed Hotel TRUONG TIEN HOTEL', 'Changed Hotel ÊMM Hotel Hue']"
Thư Lâm,"['D & A Homestay Hue', 'Be Them homestay', 'Nemo Homestay', 'Stop and Go Boutique Homestay Hue', 'SEVEN HOMESTAY(HUE)', ""Q' Garden Villa Homestay"", 'An Thai Homestay Hue', 'Changed Hotel Xuka Homestay', 'Changed Hotel Lam Garden Boutique Homestay', 'Changed Hotel The Sun Homestay']"
Chí Giang,"['Full House Homestay', 'Phòng đơn - 1', 'Vietnam Backpacker Hostels - Hue', ""Căn hộ cao cấp 2pn-view đẹp-5'Tràng Tiền, Vincom"", 'DKD TRIO Hotel 9', 'AN HOMESTAY HUE', 'D & A Homestay Hue', 'Changed Hotel Hue Full House Homestay 2', 'Changed Hotel MUN HOMeSTAY 2', 'Changed Hotel Shark Homestay']"
Nguyệt Minh,"['LaLa Homestay', 'D & A Homestay Hue', 'The Purple Hue Homestay', 'Full House Homestay', 'Hue Eco Homestay', 'Xuka Homestay', 'Nemo Homestay', 'Changed Hotel Chi Homestay #4', 'Changed Hotel KING HOMESTAY', 'Changed Hotel Lullaby homestay']"
Vân Ngọc,"['Jasmine Hotel', 'Mondial Hotel', 'Hue Four Seasons Hotel', 'The Sunriver Boutique Hotel Hue', 'Villa Hue Hotel', 'Alba Hotel', 'TRUONG TIEN HOTEL', 'Changed Hotel ÊMM Hotel Hue', 'Changed Hotel Midtown Hotel Hue', 'Changed Hotel Jasmine Mini Hotel']"
Thùy Vân,"['Eldora Hotel', 'Cat An Guesthouse', 'Super OYO 882 Lucky Hotel', 'KenKet house 1', 'Le Home 7', 'Leranda Homestay 6', 'Midtown Hotel Hue', 'Changed Hotel Sunny A Hotel', 'Changed Hotel Moonlight Hotel Hue', 'Changed Hotel Duy Tan Hotel']"
Xuân Nương,"['Pao Hotel', 'Hue thuong hotel', 'Codo Vintage', 'Hotel La Perle', 'Nana Homestay & Villa 1', 'Hue Railway Hotel', 'KLy Hotel', 'Changed Hotel Hue Harmony Hotel', 'Changed Hotel Duy Tan 2 Hotel 4', 'Changed Hotel Shine Hotel']"
Khắc Triệu,"['Be Them homestay 1', 'Nhu Hien Hotel 3', 'Binh Duong 2 Hotel 9', 'Duy Tan 2 Hotel 5', ""Kota's House Homestay 4"", 'The Light Homestay 7', 'Leranda Homestay 10', 'Changed Hotel Pink Chill House 1', 'Changed Hotel Leranda Homestay 5', 'Changed Hotel Noric homestay 7']"
Thục,"['Hue Four Seasons Hotel', 'Shine Hotel', 'Alba Hotel', 'Hue Railway Hotel', 'Jasmine Hotel', 'Ruby Bistro Hotel', 'Star Binh Duong Hotel', 'Changed Hotel Hue Royal Hotel', 'Changed Hotel Victory Hotel', 'Changed Hotel Sapphire HOTEL HUE']"
Tùng Quang,"['Hue Royal Hotel', 'Sunny A Hotel', 'Ngoc Binh Hotel', 'Villa Hue Hotel', 'Song Huong Hue Hotel', 'Canary Boutique Hotel', 'Hue Riverside Boutique Resort & Spa', 'Changed Hotel Golden Star Hotel', 'Changed Hotel Dong Loi Hotel', 'Changed Hotel Midtown Hotel Hue']"
Phương Tâm,"['Hue Ecolodge', 'Vina Spa Hotel', 'Sunny A Hotel', 'Hue Four Seasons Hotel', 'Sapphire HOTEL HUE', 'Hue Lotus Homestay', 'Hong Thien 1 Hotel', 'Changed Hotel Pao Hotel', 'Changed Hotel Vina Hotel Hue', 'Changed Hotel Hue Full House Homestay 2']"
Tuyết Loan,"['Romance Hotel', 'Mondial Hotel', 'Midtown Hotel Hue', 'The Sunriver Boutique Hotel Hue', 'Huong Giang Hotel Resort & Spa', 'Sapphire HOTEL HUE', 'STAY HUE HOTEL', 'Changed Hotel Imperial Hotel Hue', 'Changed Hotel Jasmine Hotel', 'Changed Hotel TRUONG TIEN HOTEL']"
Trúc Linh,"['Golden Inn Hotel', 'Hue 1962 INN', 'STAY HUE HOTEL', 'Golden Star Villa Hue', 'Sapphire HOTEL HUE', 'Hue Railway Hotel', 'Na Homestay', 'Changed Hotel Hue Golden Inn Hotel', 'Changed Hotel SUN HOTEL', 'Changed Hotel Thien Phu Hotel']"
Thịnh Cường,"['HELLO VILLA & SPA', ""Q' Villa Garden Homestay"", 'Le Robinet Villa - a journey into Hue citadel soul', 'Spring Garden Villa', 'Orchid Riverside Villa', 'Nana Homestay & Villa', 'Vina Spa Hotel', 'Changed Hotel Golden Star Villa Hue', 'Changed Hotel 3H Hue Oasis Retreat Villa', ""Changed Hotel Q' Garden Villa Homestay""]"
Anh Thái,"['Hướng Dương hotel', 'Hue Full House Homestay 2', 'Thien Phu Hotel', 'Hue Railway Hotel', 'Hue Harmony Hotel', 'Hue Golden Inn Hotel', 'KLy Apartment Hotel', 'Changed Hotel Vina Hotel Hue', 'Changed Hotel Pao Hotel', 'Changed Hotel KLy Hotel']"
Nguyên Khôi,"['a-mâze house 1', 'Shark Home 1', 'Nhu Hien Hotel 6', 'Nhu Hien Hotel 5', 'Leranda Homestay 3', 'Phòng đơn - 1 9', 'Amy Hostel Hue 1', 'Changed Hotel Shark Home 2', 'Changed Hotel DKD TRIO Hotel 2', 'Changed Hotel Vietnam Backpacker Hostels - Hue 1']"
Tâm Hằng,"['Nhật Phương Hotel', 'NANO ECO-HOSTEL', 'Pink Chill House', 'Hy Vien Boutique and Garden', 'Canary Hotel Hue', 'Leranda Homestay 1', 'Lum Dong Tien Hotel', 'Changed Hotel SEA HOMESTAY', 'Changed Hotel SH Hotel', 'Changed Hotel Hue Lotus Homestay']"
Ðức Quang,"['Bonjour Hostel', 'Amy Hostel Hue', 'Maily Hostel', 'Rubis Hostel', 'DMZ Hostel', 'SOLEIL HOSTEL', 'Ken and Pi Hostel', 'Changed Hotel Hue nice dorm', 'Changed Hotel Binh An Hostel', 'Changed Hotel Chi Homestay #4']"
Ðình Trung,"[""Kota's House Homestay 9"", 'Hue Riverside Boutique Resort & Spa 1', 'VIỆT Hostel', ""Kota's House Homestay 4"", 'Bien Khoi Mini Hotel 1', ""Kota's House Homestay 3"", ""Kota's House Homestay 7"", 'Changed Hotel SEA HOMESTAY 1', ""Changed Hotel Kota's House Homestay 2"", 'Changed Hotel SEA HOMESTAY']"
Quang Khải,"['Hy Vien Boutique and Garden', 'NANO ECO-HOSTEL', 'Nhật Phương Hotel', 'Leranda Homestay 1', 'Canary Hotel Hue', 'Lam Garden Boutique Homestay', 'Life Boutique Hotel', 'Changed Hotel Pink Chill House', 'Changed Hotel SEA HOMESTAY', 'Changed Hotel Bluesea Homestay']"
Huyền Nhi,"['Leranda Homestay 10', 'Huethuonghotel 3', 'Phòng đơn - 1 4', 'Phòng đơn - 1 6', 'The Light Homestay 3', 'Le Home 8', 'Phòng đơn - 1 5', 'Changed Hotel Guest House Maika 1', ""Changed Hotel Kota's House Homestay 7"", ""Changed Hotel Kota's House Homestay 6""]"
Quang Dương,"['White Lotus Hue Hotel', 'Hue Lotus Homestay', 'Sapphire HOTEL HUE', 'Sapphire Hotel Hue', 'Hue Pink Lotus Hotel', 'Jade Scene Hotel', 'Millennium Hue Hotel', 'Changed Hotel Hong Thien 1 Hotel', 'Changed Hotel Vina Spa Hotel', 'Changed Hotel Vina Hotel Hue']"
Chấn Phong,"['ÊMM Hotel Hue', 'Huong Giang Hotel Resort & Spa', 'Moonlight Hotel Hue', 'Than Thien - Friendly Hotel', 'Imperial Hotel Hue', 'Mondial Hotel', 'TRUONG TIEN HOTEL', 'Changed Hotel Saigon Morin Hotel', 'Changed Hotel Sapphire Hotel Hue', 'Changed Hotel Ngoc Tung Mini Hotel']"
Trường Giang,"['Ivy house 1', 'Leranda Homestay 8', 'Duy Tan 2 Hotel 6', 'Nhu Hien Hotel 8', 'Leranda Homestay 5', 'Binh Duong 2 Hotel 8', 'Noric homestay 8', 'Changed Hotel The Light Homestay 8', 'Changed Hotel Leranda Homestay 6', ""Changed Hotel Kota's House Homestay 5""]"
An Hằng,"['Lum Dong Tien Hotel', 'Hue 1962 INN', 'Mondial Hotel', 'Purple Hue - Charming Riverside', 'Duy Tan 2 Hotel 7', 'SEA HOMESTAY', 'Jasmine Mini Hotel', 'Changed Hotel Nhu Hien Hotel 7', 'Changed Hotel Binh Duong 2 Hotel 2', 'Changed Hotel SH Hotel']"
Bảo Bảo,"['Jasmine Mini Hotel 1', 'Binh Duong 2 Hotel 1', 'Lam Garden Boutique Homestay 1', ""Kota's House Homestay 9"", ""Kota's House Homestay 4"", 'Noric homestay 5', 'The Light Homestay 2', 'Changed Hotel The Light Homestay 7', 'Changed Hotel Binh Duong 2 Hotel 8', 'Changed Hotel Hue Riverside Boutique Resort & Spa 1']"
Mỹ Nhân,"['DKD TRIO Hotel 5', 'DMZ Hostel 1', 'Vietnam Backpacker Hostels - Hue 1', ""Kota's House Homestay 3"", 'Nana Homestay & Villa 1', 'Shark Home 1', 'Nhu Hien Hotel 4', 'Changed Hotel Binh Duong 2 Hotel 7', 'Changed Hotel The Light Homestay 6', 'Changed Hotel Shark Home 2']"
Anh Dũng,"['Ngoc Binh Hotel 1', 'Stop and Go Boutique Homestay Hue', 'Happy House Homestay 1', 'Sankofa Village Hill Resort & Spa', 'DKD TRIO Hotel 3', 'The Light Homestay 7', 'Lama Homestay 1', 'Changed Hotel Hong Thien Ruby Hotel', 'Changed Hotel Alba Hotel', 'Changed Hotel Azerai La Residence, Hue']"
Ái Linh,"['Millennium Hue Hotel', 'An Chi Homestay', 'LIMDIM HERE', 'Mộc nhiên homestay Căn hộ Nera Garden Huế', 'DMZ Hostel 1', 'Sapphire HOTEL HUE', 'Sapphire Hotel Hue', 'Changed Hotel Cherry Hotel Hue', 'Changed Hotel EVA Hotel', 'Changed Hotel Amy Apartment Hue']"
Mai,"['Hoa ban Homestay', 'Nana 2 Homestay', 'Đăng Tuấn hotel', 'VIỆT Hostel', 'Noric homestay 9', 'D & A Homestay Hue', 'ChocoHouse', 'Changed Hotel Đức Lộc Hotel', 'Changed Hotel Chi Homestay Nera Garden Huế', 'Changed Hotel AN HOMESTAY HUE']"
Dạ Thảo,"['KLy Apartment Hotel', 'Homestay Mộc Nhi', 'De Hué', 'ký ức tươi đẹp homestay', 'Duy Tan 2 Hotel', 'Chi Homestay #4', 'Be Them homestay', 'Changed Hotel Thanh Huong Homestay', 'Changed Hotel Pinehill Tu Hieu Hue Homestay', 'Changed Hotel Rubis Hostel']"
Hữu Từ,"['Kenpi Garden Homestay - NGUYÊN CĂN, đậu nhiều ô tô', 'Noric homestay', 'Tom homestay, căn hộ Nera garden Huế', 'Căn Hộ ROLEX - Nera Garden Huế', 'Mộc nhiên homestay Căn hộ Nera Garden Huế', 'KenKet house 1', 'Happiest Homestay 1 - Manor Crown Hue', 'Changed Hotel Chi Homestay Nera Garden Huế', 'Changed Hotel KenpiC Homestay - NGUYÊN CĂN, đậu nhiều ô tô', 'Changed Hotel Căn hộ khách sạn Nera garden Huế']"
Đơn,"['Hue Eco Homestay', 'The Purple Hue Homestay', 'KING HOMESTAY', 'Bluesea Homestay', 'NANO ECO-HOSTEL', 'Lama Homestay', 'SEVEN HOMESTAY(HUE)', 'Changed Hotel The Sun Homestay', 'Changed Hotel D & A Homestay Hue', 'Changed Hotel Timothy Homestay Hue']"
Thu Nga,"['Ngọc Bích Home Huế', 'Gardenia Hue Hotel', 'Sunshine villa thuy bieu', 'Hue Golden Inn Hotel', 'Binh Duong 2 Hotel 6', 'Ngọc Bích Home (Sapphire Hotel Hue 2)', 'Lucky Home', 'Changed Hotel Le Home', 'Changed Hotel Nhu Hien Hotel 1', ""Changed Hotel Spatel d'Annam - Imperial Boutique Spa & Hotel""]"
Công Án,"['KenKet house', 'SUN HOTEL', 'Duy Tan 2 Hotel 2', 'Le Home 1', 'Le Home 8', 'Le Home 6', 'KenKet house 1', 'Changed Hotel MUN HOMeSTAY 2', 'Changed Hotel THẢO AN HOTEL Huế', 'Changed Hotel Hue Full House Homestay 2']"
Xuân,"['The HillSide Homestay Hue', 'Pinehill Tu Hieu Hue Homestay', 'D & A Homestay Hue', 'An Chi Homestay', 'Hue Eco Homestay', 'Hue Full House Homestay 2', 'Gia Anh Guesthouse', 'Changed Hotel Bluesea Homestay', 'Changed Hotel Thien Phu Hotel', 'Changed Hotel Le Home']"
Như Loan,"['Hue 1962 INN', 'Purple Hue - Charming Riverside', 'Mondial Hotel', 'Duy Tan 2 Hotel 7', 'Nhu Hien Hotel 7', 'Binh Duong 2 Hotel 2', 'Hue Railway Hotel', 'Changed Hotel Golden Inn Hotel', 'Changed Hotel Lum Dong Tien Hotel', 'Changed Hotel Hue Golden Inn Hotel']"
Thiên Ân,"['Binh An Hostel', 'Quang Homestay', 'Orchid Riverside Villa', 'Shark Home 1', 'Noric homestay 5', 'D & A Homestay Hue', 'Pao Hotel', 'Changed Hotel Valentino Homestay', 'Changed Hotel Happy House Homestay 1', 'Changed Hotel Hue Harmony Hotel']"
Gia Hùng,"['Life Boutique Hotel', 'Pao Hotel', 'Hue Lotus Homestay', 'Stop and Go Boutique Homestay Hue', 'Vina Hotel Hue', 'Sapphire HOTEL HUE', 'Hue Full House Homestay 2', 'Changed Hotel Hue Classic Hotel', 'Changed Hotel Hue Crown Boutique best hotel', 'Changed Hotel Spring Garden Villa']"
Lệ Quân,"['Shine Hotel', 'Hue thuong hotel', 'Pao Hotel', 'Codo Vintage', 'Duy Tan 2 Hotel 4', 'Hue Railway Hotel', 'Thien Phu Hotel', 'Changed Hotel Nana Homestay & Villa 1', 'Changed Hotel Hotel La Perle', 'Changed Hotel Shine Riverside Homestay']"
Quỳnh Ngân,"['Lacasa Homestay', 'AN HOMESTAY HUE', 'The Purple Hue Homestay', 'Nana Homestay & Villa', 'An Thai Homestay Hue', 'Nana 2 Homestay', 'KING HOMESTAY', 'Changed Hotel Leranda Homestay', 'Changed Hotel Hoa ban Homestay', 'Changed Hotel Full House Homestay']"
Đăng Quang,"['Hue Full House Homestay 2', 'Hue Harmony Hotel', 'Rang Dong Hue Hotel', 'Hue Railway Hotel', 'Hue thuong hotel', 'AN HOMESTAY HUE', 'Huethuonghotel', 'Changed Hotel KLy Hotel', 'Changed Hotel KLy Apartment Hotel', 'Changed Hotel Huethuonghotel 1']"
Trung Việt,"['Hue Lotus Homestay', 'Tom homestay, căn hộ Nera garden Huế', 'Maison Vu Tri Vien', 'DKD TRIO Hotel 1', 'Tùng Homestay 1', 'SEA HOMESTAY', 'Chi Homestay #4', 'Changed Hotel TRUONG TIEN HOTEL', 'Changed Hotel Hue Pink Lotus Hotel', 'Changed Hotel Le Robinet Villa - a journey into Hue citadel soul']"
Diệu Thiện,"['Leranda Homestay', 'Macramé Résidence', 'Son Bungalow Retreat', 'Jade Hotel', 'Leranda Homestay 8', 'Hue Nino Hotel', 'AN HOMESTAY HUE', 'Changed Hotel D & A Homestay Hue', 'Changed Hotel Full House Homestay', 'Changed Hotel Ken and Pi Hostel']"
Mỹ Duyên,"['Amy Hostel Hue', 'Purple Hue Central Hub', 'DKD TRIO Hotel 6', 'Le Home 5', 'Phòng đơn - 1 3', 'DMZ Hostel', 'Bonjour Hostel', 'Changed Hotel Leranda Homestay 3', 'Changed Hotel Khách sạn Huế thơ', 'Changed Hotel Chi Homestay #4']"
Xuân Phượng,"['Hue Golden Inn Hotel', 'Sunshine villa thuy bieu', ""Spatel d'Annam - Imperial Boutique Spa & Hotel"", 'Ngọc Bích Home Huế', 'Binh Duong 2 Hotel 6', 'Hue 1962 INN', 'Hue Railway Hotel', 'Changed Hotel Gardenia Hue Hotel', 'Changed Hotel Golden Inn Hotel', 'Changed Hotel Nhu Hien Hotel 1']"
Anh Chi,"['SUN HOTEL', 'Le Home 1', 'KenKet house', 'Duy Tan 2 Hotel 2', 'Le Home 6', 'Vina Spa Hotel', 'Sapphire HOTEL HUE', 'Changed Hotel STAY HUE HOTEL', 'Changed Hotel Le Home 8', 'Changed Hotel THẢO AN HOTEL Huế']"
Phượng Lệ,"['Amy Hostel Hue 1', 'Le Home 5', 'Binh Duong 2 Hotel 2', 'Shark Home 1', 'a-mâze house 1', 'Leranda Homestay 10', 'Shark Home 2', 'Changed Hotel DKD TRIO Hotel 6', 'Changed Hotel Noric homestay 9', 'Changed Hotel Nhu Hien Hotel 4']"
Thùy Nhi,"['Bao Minh Hotel', 'Ngoc Binh Hotel', 'Moonlight Hotel Hue', 'Star Binh Duong Hotel', 'Midtown Hotel Hue', 'Hue Royal Hotel', 'ÊMM Hotel Hue', 'Changed Hotel Alba Hotel', 'Changed Hotel Golden Star Hotel', 'Changed Hotel Nhu Hien Hotel']"
Ái Thi,"['Hue 1962 INN', 'Lum Dong Tien Hotel', 'Mondial Hotel', 'Duy Tan 2 Hotel 7', 'Hue Homestay Riverside', 'The Sun Homestay', 'Charming Riverside Hotel', 'Changed Hotel Purple Hue - Charming Riverside', 'Changed Hotel Nhu Hien Hotel 7', 'Changed Hotel Binh Duong 2 Hotel 2']"
Mai Hà,"['Lama Homestay', 'The Sun Homestay', 'Metta Homestay Hue', 'Hue Eco Homestay', 'KING HOMESTAY', 'An Chi Homestay', 'HOUSE OF LÝ', 'Changed Hotel Be Them homestay', 'Changed Hotel D & A Homestay Hue', 'Changed Hotel Full House Homestay']"
Phương Yến,"['Lama Homestay 1', 'Casablanca Hotel', 'SaLa Hotel', 'Hue Homestay Riverside', 'Vina Hotel Hue', 'DMZ Hostel', 'Ngoc Binh Hotel 1', 'Changed Hotel Binh Duong 2 Hotel 9', 'Changed Hotel The Light Homestay 7', 'Changed Hotel Nhu Hien Hotel 7']"
xanh,"['Huethuonghotel 3', 'The Light Homestay 1', ""Kota's House Homestay 6"", 'Leranda Homestay 2', 'Nhu Hien Hotel 2', 'Phòng đơn - 1 3', 'Leranda Homestay 5', 'Changed Hotel Duy Tan 2 Hotel 4', 'Changed Hotel Leranda Homestay 11', 'Changed Hotel Guest House Maika 1']"
Khánh Giang,"['Flora Hotel Hue', 'Maily Hostel', 'The Light Homestay 2', 'Hue Classic Hotel', 'SALA HOTEL HUE', 'STAY HUE HOTEL', 'Hue Railway Hotel', 'Changed Hotel SUN HOTEL', 'Changed Hotel Leranda Homestay 7', 'Changed Hotel Sapphire HOTEL HUE']"
Yến Anh,"['Thanh An 2 Guesthouse', 'Thanh An 3 Guesthouse', 'Minh Tam Guesthouse', 'Cat An Guesthouse', 'Pao Hotel', 'SEA HOMESTAY', 'Hue Railway Hotel', 'Changed Hotel Thanh Huong Homestay', 'Changed Hotel Hue Harmony Hotel', 'Changed Hotel Anh Ngoc Guesthouse']"
Bình Yên,"['Bien Khoi Mini Hotel', 'Jade Hotel', 'The Light Homestay', 'Ivy house', 'Anh Ngoc Guesthouse', 'Phòng đơn - 1', 'Valentino Homestay', 'Changed Hotel Thanh An 3 Guesthouse', 'Changed Hotel Charming Riverside Hotel', 'Changed Hotel Hue Full House Homestay 2']"
Minh Khai,"['Bluesea Homestay', 'D & A Homestay Hue', 'The Sun Homestay', 'The Purple Hue Homestay', 'Hue Eco Homestay', 'Anna Homestay Hue', 'Full House Homestay', 'Changed Hotel Be Them homestay', ""Changed Hotel Q' Garden Villa Homestay"", 'Changed Hotel Nemo Homestay']"
Trọng Hà,"['Hồng Phát Hostel', 'DMZ Hostel', 'Maily Hostel', 'Binh An Hostel', 'Na Hostel Hue', 'KLy Apartment Hotel', 'Rubis Hostel', 'Changed Hotel Chi Homestay #4', 'Changed Hotel Bonjour Hostel', 'Changed Hotel Amy Hostel Hue']"
Gia Bình,"['Chi Homestay #4', 'Amy Hostel Hue', 'Binh An Hostel', 'Bonjour Hostel', 'MUN HOMeSTAY 2', 'Maily Hostel', 'Hue Full House Homestay 2', 'Changed Hotel Rubis Hostel', 'Changed Hotel Thanh Huong Homestay', 'Changed Hotel Ken and Pi Hostel']"
Phú Bình,"['Anh Tuan Hotel', 'SEA HOMESTAY', 'Vina Spa Hotel', 'Lum Dong Tien Hotel', 'Sapphire Hotel Hue', 'Jasmine Mini Hotel', 'Millennium Hue Hotel', 'Changed Hotel Sapphire HOTEL HUE', 'Changed Hotel SH Hotel', 'Changed Hotel Vina Hotel Hue']"
Chí Nam,"['Super OYO 882 Lucky Hotel', 'Cat An Guesthouse', 'Eldora Hotel', 'Le Home 7', 'Lucky Home', 'Hue Railway Hotel', 'Hue thuong hotel', 'Changed Hotel Leranda Homestay 6', 'Changed Hotel Duy Tan Hotel', 'Changed Hotel KenKet house 1']"
Lệ Nhi,"['Thanh An 3 Guesthouse', 'Phòng đơn - 1 4', 'Thanh An 2 Guesthouse', 'Minh Tam Guesthouse', 'Anh Ngoc Guesthouse', 'Ivy house', 'Gia Anh Guesthouse', 'Changed Hotel The Light Homestay', 'Changed Hotel Hong Thien 1 Hotel', 'Changed Hotel Le Home 4']"
Công Luận,"['Minh Tam Guesthouse', 'Ivy house', 'Thanh An 3 Guesthouse', 'Gia Anh Guesthouse', 'Thanh An 2 Guesthouse', 'The Light Homestay', 'Phòng đơn - 1', 'Changed Hotel ANH’s HOUSE', 'Changed Hotel Anh Ngoc Guesthouse', 'Changed Hotel Guest House Maika']"
Xuân Thái,"['AN HOMESTAY HUE', 'KING HOMESTAY', 'Jade Scene Hotel', 'Sunny B Hotel', 'Alba Wellness Resort By Fusion', 'Hue Full House Homestay 2', 'D & A Homestay Hue', 'Changed Hotel Full House Homestay', 'Changed Hotel Timothy Homestay Hue', 'Changed Hotel Lantana Huế homestay 2 - phòng đôi view sông Hương trung tâm thành phố #102']"
Phi Long,"['Hue Railway Hotel', 'Vina Hotel Hue', 'KLy Apartment Hotel', 'Hue Golden Inn Hotel', 'KLy Hotel', 'STAY HUE HOTEL', 'Hue 1962 INN', 'Changed Hotel Thien Phu Hotel', 'Changed Hotel Shine Hotel', 'Changed Hotel Pao Hotel']"
Bích Chiêu,"['Chic Studio Homestay', 'Happy House Homestay', 'AN HOMESTAY HUE', 'Full House Homestay', 'The Purple Hue Homestay', 'KING HOMESTAY', 'LIMDIM HERE', 'Changed Hotel Amy Apartment Hue', 'Changed Hotel Leranda Homestay', 'Changed Hotel An Thai Homestay Hue']"
Thu Oanh,"['ChocoHouse', 'D & A Homestay Hue', 'Hoa ban Homestay', 'Hue Full House Homestay 2', 'Full House Homestay', 'The Sun Homestay', 'An Chi Homestay', 'Changed Hotel KLy Apartment Hotel', 'Changed Hotel AN HOMESTAY HUE', ""Changed Hotel Chi's Homestay & Coffee""]"
Nam Nhật,"[""Căn hộ cao cấp 2pn-view đẹp-5'Tràng Tiền, Vincom"", 'MUN HOMeSTAY 2', 'Phòng đơn - 1', 'Shark Homestay', 'Vietnam Backpacker Hostels - Hue', 'Tom homestay, căn hộ Nera garden Huế', 'Căn hộ khách sạn Nera garden Huế', 'Changed Hotel Full House Homestay', 'Changed Hotel DKD TRIO Hotel 9', 'Changed Hotel Nick homestay, căn hộ cao cấp, view nghỉ dưỡng.']"
Tiến Ðức,"['Căn hộ khách sạn Nera garden Huế', 'ANH’s HOUSE', 'The Light Homestay', 'La Vela Hue Hotel', 'KOBI Onsen Resort Hue', 'Mộc nhiên homestay Căn hộ Nera Garden Huế', 'Căn Hộ ROLEX - Nera Garden Huế', 'Changed Hotel Tom homestay, căn hộ Nera garden Huế', 'Changed Hotel Pink Chill House 1', 'Changed Hotel Cherry Hotel Hue']"
Mỹ Trâm,"['Hiên Cát homestay', 'Canary Homestay', 'KenKet house 1', 'D & A Homestay Hue', 'Cam on home with swimming pool & gym room', 'MUN HOMeSTAY 2', 'Chi Homestay Nera Garden Huế', 'Changed Hotel Homestay Mộc Nhi', 'Changed Hotel Quang Homestay', 'Changed Hotel KenKet house']"
Bảo Tín,"['KenKet house 1', 'Cat An Guesthouse', 'Eldora Hotel', 'Le Home 7', 'Duy Tan Hotel', 'Trungnamhomestay', 'Noric homestay', 'Changed Hotel Leranda Homestay 6', 'Changed Hotel KenKet house', 'Changed Hotel Super OYO 882 Lucky Hotel']"
Triều Thành,"['Cam on home with swimming pool & gym room', 'Huế Thơ Homestay', 'Charming Riverside Hotel', 'Laurel Huế Hotel (Khách sạn Laurel Huế)', 'The Light Homestay 7', 'Trungnamhomestay', 'Chi Homestay Nera Garden Huế', 'Changed Hotel Noric homestay', 'Changed Hotel Mandarin Homestay Hue', 'Changed Hotel SH Hotel']"
Hồng Thảo,"['Dong Loi Hotel', 'Hue Royal Hotel', 'Villa Hue Hotel', 'Canary Boutique Hotel', 'Golden Star Hotel', 'Ngoc Binh Hotel', 'Than Thien - Friendly Hotel', 'Changed Hotel Casablanca Hotel', 'Changed Hotel Midtown Hotel Hue', 'Changed Hotel Sunny A Hotel']"
Sông,"['Đăng Tuấn hotel', 'Đức Lộc Hotel', 'Nana 2 Homestay', 'Hoa ban Homestay', 'VIỆT Hostel', 'Noric homestay 9', 'SUN HOTEL', 'Changed Hotel Hue thuong hotel', 'Changed Hotel Chi Homestay Nera Garden Huế', 'Changed Hotel Vina Hotel Hue']"
Bình,"['Homestay Mộc Nhi', 'KLy Apartment Hotel', 'Pinehill Tu Hieu Hue Homestay', 'ký ức tươi đẹp homestay', 'De Hué', 'Duy Tan 2 Hotel', 'Mộc nhiên homestay Căn hộ Nera Garden Huế', 'Changed Hotel Chi Homestay Nera Garden Huế', 'Changed Hotel Thanh Huong Homestay', 'Changed Hotel KenKet house 1']"
Hoàng Cúc,"['Thien An Pine Hill Homestay Hue', 'Hill Bungalow', ""Q' Garden Villa Homestay"", 'Macramé Résidence', 'Metta Homestay Hue', 'Hue Eco Homestay', 'The Purple Hue Homestay', 'Changed Hotel Pinehill Tu Hieu Hue Homestay', 'Changed Hotel D & A Homestay Hue', 'Changed Hotel The Sun Homestay']"
Thái Tổ,"['The Light Homestay 1', 'Leranda Homestay 11', 'Huethuonghotel 3', 'DKD TRIO Hotel 9', 'Le Home 6', 'The Light Homestay 4', ""Kota's House Homestay 3"", 'Changed Hotel Duy Tan 2 Hotel 4', 'Changed Hotel Shark Home 2', 'Changed Hotel Nana Homestay & Villa 1']"
Bình Minh,"['Phòng đơn - 1 1', 'Vietnam Backpacker Hostels - Hue 1', 'Binh Duong 2 Hotel 7', ""Kota's House Homestay 2"", 'Shark Home 2', 'Phòng đơn - 1 3', 'Leranda Homestay 9', 'Changed Hotel The Light Homestay 9', 'Changed Hotel Noric homestay 4', 'Changed Hotel The Light Homestay 6']"
Ban Mai,"['Nhu Hien Hotel 1', 'Gardenia Hue Hotel', ""Spatel d'Annam - Imperial Boutique Spa & Hotel"", 'Hue Golden Inn Hotel', 'Ngọc Bích Home Huế', 'Duy Tan 2 Hotel 2', 'DKD TRIO Hotel 8', 'Changed Hotel Binh Duong 2 Hotel 6', 'Changed Hotel Leranda Homestay 9', 'Changed Hotel Sunshine villa thuy bieu']"
Mộng Long,"['Leranda Homestay 4', 'Le Home 1', 'Lama Homestay 1', 'Noric homestay 1', 'Leranda Homestay 5', 'Noric homestay 6', 'Leranda Homestay 10', 'Changed Hotel Nhu Hien Hotel 7', 'Changed Hotel Leranda Homestay 2', ""Changed Hotel Kota's House Homestay 3""]"
Khắc Công,"['DKD TRIO Hotel 2', 'Phòng đơn - 1 9', 'Nhu Hien Hotel 6', 'Bien Khoi Mini Hotel 1', 'Shark Home 1', 'Le Home 5', 'Hue Riverside Boutique Resort & Spa 1', 'Changed Hotel DKD TRIO Hotel 3', 'Changed Hotel a-mâze house 1', 'Changed Hotel Phòng đơn - 1 4']"
Lâm Tuyền,"[""Kota's House Homestay 2"", 'The Light Homestay 2', ""Kota's House Homestay 4"", 'Hue Riverside Boutique Resort & Spa 1', 'Binh Duong 2 Hotel 1', 'Jasmine Mini Hotel 1', ""Kota's House Homestay 5"", ""Changed Hotel Kota's House Homestay 3"", ""Changed Hotel Kota's House Homestay 9"", ""Changed Hotel Kota's House Homestay 6""]"
Vinh Quốc,"['Binh Duong 2 Hotel 2', 'Lum Dong Tien Hotel', 'Duy Tan 2 Hotel 7', 'Nhu Hien Hotel 7', 'Hue 1962 INN', 'Amy Hostel Hue 1', 'Le Home 5', 'Changed Hotel Mondial Hotel', 'Changed Hotel Binh Duong 2 Hotel 9', 'Changed Hotel Purple Hue - Charming Riverside']"
Thanh Bình,"['Le Home 2', 'Le Home 3', 'Leranda Homestay 3', 'Nhu Hien Hotel 6', 'Le Home 8', 'Duy Tan 2 Hotel 4', 'Leranda Homestay 5', 'Changed Hotel Le Home 1', 'Changed Hotel Nhu Hien Hotel 9', 'Changed Hotel Duy Tan 2 Hotel 9']"
Trúc Vy,"['Duy Tan 2 Hotel 2', 'Le Home 6', 'Le Home 1', 'Le Home 8', 'KenKet house', 'The Light Homestay 9', 'Binh Duong 2 Hotel 7', 'Changed Hotel THẢO AN HOTEL Huế', 'Changed Hotel SUN HOTEL', 'Changed Hotel Leranda Homestay 9']"
Xuân Thảo,"['The Sunriver Boutique Hotel Hue', 'Villa Louise Hue Beach Boutique Hotel', 'Binh Duong 2 Hotel 3', 'Noric homestay 7', 'Noric homestay 1', 'Noric homestay 5', 'Noric homestay 6', 'Changed Hotel Sapphire HOTEL HUE', 'Changed Hotel Căn hộ khách sạn Nera garden Huế', 'Changed Hotel Noric homestay 2']"
Anh Ðức,"['The Light Homestay 2', 'Leranda Homestay 7', ""Kota's House Homestay 2"", 'DKD TRIO Hotel 8', 'The Light Homestay 4', 'Phòng đơn - 1 9', ""Kota's House Homestay 4"", 'Changed Hotel Maily Hostel', 'Changed Hotel Flora Hotel Hue', 'Changed Hotel The Light Homestay 7']"
Lan Vy,"['Phòng đơn - 1 2', 'Duy Tan 2 Hotel 8', 'Nhu Hien Hotel 9', 'Le Home', 'The Light Homestay 5', 'Leranda Homestay 1', 'Nhu Hien Hotel 4', 'Changed Hotel Noric homestay 7', 'Changed Hotel Le Home 4', 'Changed Hotel Leranda Homestay 6']"
Nhật Hòa,"['Nhu Hien Hotel 2', 'Leranda Homestay 2', 'Leranda Homestay 11', 'Le Home 9', 'The Light Homestay 4', 'Huethuonghotel 3', 'The Light Homestay 1', 'Changed Hotel Noric homestay 6', 'Changed Hotel Le Home 6', 'Changed Hotel Binh Duong 2 Hotel 4']"
Khắc Ninh,"['Noric homestay 7', 'Phòng đơn - 1 3', 'Leranda Homestay 8', 'Duy Tan 2 Hotel 4', 'Leranda Homestay 1', 'Duy Tan 2 Hotel 7', 'Nhu Hien Hotel 8', 'Changed Hotel The Light Homestay 8', 'Changed Hotel Leranda Homestay 5', 'Changed Hotel Leranda Homestay 6']"
Kim Thủy,"['Ngoc Binh Hotel 1', 'The Light Homestay 7', 'Lama Homestay 1', 'DKD TRIO Hotel 6', 'Nhu Hien Hotel 6', 'Noric homestay 4', 'Bien Khoi Mini Hotel 1', 'Changed Hotel DKD TRIO Hotel 3', 'Changed Hotel Phòng đơn - 1 9', 'Changed Hotel Leranda Homestay 3']"
Phú Ân,"[""Kota's House Homestay 3"", 'Jasmine Mini Hotel', ""Kota's House Homestay 9"", ""Kota's House Homestay 5"", ""Kota's House Homestay 6"", ""Kota's House Homestay 7"", 'Nana Homestay & Villa 1', 'Changed Hotel Binh Duong 2 Hotel 8', 'Changed Hotel Le Home 1', 'Changed Hotel Phong Nha Hotel 1']"
Tuyết Hương,"['Binh Duong 2 Hotel 3', 'Noric homestay 2', 'Binh Duong 2 Hotel 4', 'The Light Homestay 5', 'Le Home 2', 'DKD TRIO Hotel 5', 'Binh Duong 2 Hotel 2', 'Changed Hotel Amy Hostel Hue 1', 'Changed Hotel Leranda Homestay 5', 'Changed Hotel Leranda Homestay 8']"
Duy Hiếu,"['Le Home 8', 'Leranda Homestay 3', 'Le Home 7', ""Kota's House Homestay 7"", 'Duy Tan 2 Hotel 1', 'Le Home 9', ""Kota's House Homestay 4"", 'Changed Hotel Le Home 2', 'Changed Hotel Le Home 1', 'Changed Hotel Le Home 3']"
Ðại Dương,"['Duy Tan 2 Hotel 3', 'Duy Tan 2 Hotel 1', 'Noric homestay 9', 'DKD TRIO Hotel 6', 'Duy Tan 2 Hotel 8', 'Le Home 2', 'Duy Tan 2 Hotel 2', 'Changed Hotel Nhu Hien Hotel 9', 'Changed Hotel Amy Hostel Hue 1', 'Changed Hotel Le Home 5']"
Phú Hải,"['Noric homestay 3', 'Binh Duong 2 Hotel 5', 'Noric homestay 5', 'Noric homestay 7', 'Noric homestay 8', 'Noric homestay 9', 'Trungnamhomestay', 'Changed Hotel Noric homestay', ""Changed Hotel Kota's House Homestay 1"", 'Changed Hotel Noric homestay 4']"
Khánh Ðan,"['Noric homestay 8', ""Kota's House Homestay 7"", 'Na Homestay', 'Noric homestay 4', 'The Light Homestay 7', 'Phòng đơn - 1 6', 'DKD TRIO Hotel 2', 'Changed Hotel Nhu Hien Hotel 8', 'Changed Hotel The Light Homestay 8', 'Changed Hotel The Light Homestay 3']"
Hiệp Hiền,"['Phòng đơn - 1 3', 'Le Home 5', 'Khách sạn Huế thơ', 'Purple Hue Central Hub', 'Amy Hostel Hue', 'Noric homestay 7', 'Duy Tan 2 Hotel 4', 'Changed Hotel Leranda Homestay 3', 'Changed Hotel DKD TRIO Hotel 6', 'Changed Hotel Leranda Homestay 5']"
Hồng Xuân,"['Nhu Hien Hotel 3', 'Binh Duong 2 Hotel 9', 'Be Them homestay 1', 'Pink Chill House 1', 'Leranda Homestay 10', 'Nhu Hien Hotel 4', ""Kota's House Homestay 3"", 'Changed Hotel DKD TRIO Hotel 8', 'Changed Hotel Duy Tan 2 Hotel 5', 'Changed Hotel Nhu Hien Hotel 1']"
Xuân Ngọc,"['Leranda Homestay 3', 'Le Home 5', 'Purple Hue Central Hub', 'Amy Hostel Hue', 'Noric homestay 9', 'Nhu Hien Hotel 9', 'DKD TRIO Hotel 3', 'Changed Hotel Phòng đơn - 1 3', 'Changed Hotel Khách sạn Huế thơ', 'Changed Hotel DKD TRIO Hotel 6']"
Hiểu Lam,"[""Kota's House Homestay 6"", ""Kota's House Homestay 7"", ""Kota's House Homestay 3"", ""Kota's House Homestay 9"", 'Guest House Maika 1', 'Bien Khoi Mini Hotel 1', 'Huethuonghotel 3', ""Changed Hotel Kota's House Homestay 2"", ""Changed Hotel Kota's House Homestay 4"", ""Changed Hotel Kota's House Homestay 5""]"
Tuấn Thành,"['Nhu Hien Hotel 1', 'Hue Golden Inn Hotel', ""Spatel d'Annam - Imperial Boutique Spa & Hotel"", 'Sunshine villa thuy bieu', 'Ngọc Bích Home Huế', 'Binh Duong 2 Hotel 7', 'Duy Tan 2 Hotel 2', 'Changed Hotel Gardenia Hue Hotel', 'Changed Hotel Leranda Homestay 9', 'Changed Hotel Binh Duong 2 Hotel 6']"
Liên Trân,"['Le Home 1', 'Le Home 8', 'Duy Tan 2 Hotel 2', 'THẢO AN HOTEL Huế', 'Leranda Homestay 11', 'DKD TRIO Hotel 9', 'Nhu Hien Hotel 2', 'Changed Hotel SUN HOTEL', 'Changed Hotel KenKet house', 'Changed Hotel Le Home 6']"
Đinh,"['Duy Tan 2 Hotel 6', 'Duy Tan 2 Hotel 7', 'Leranda Homestay 8', 'Duy Tan 2 Hotel 1', 'Ivy house 1', ""Kota's House Homestay 6"", 'Duy Tan 2 Hotel 8', 'Changed Hotel Nhu Hien Hotel 8', 'Changed Hotel The Light Homestay 8', 'Changed Hotel Leranda Homestay 5']"
Giáng Uyên,"['Noric homestay 6', 'Lama Homestay 1', 'Noric homestay 7', 'Phòng đơn - 1 7', 'Phòng đơn - 1 5', 'Nhu Hien Hotel 2', 'Le Home 1', 'Changed Hotel Trungnamhomestay', 'Changed Hotel Noric homestay 1', 'Changed Hotel Noric homestay 5']"
Thảo Tiên,"['The Light Homestay 6', 'DKD TRIO Hotel 5', 'Duy Tan 2 Hotel 8', 'The Light Homestay 9', 'DMZ Hostel 1', 'Leranda Homestay 2', 'The Light Homestay 7', 'Changed Hotel The Light Homestay 4', 'Changed Hotel Shark Home 2', 'Changed Hotel Binh Duong 2 Hotel 7']"
Bích Thảo,"['Phòng đơn - 1 6', 'Phòng đơn - 1 5', 'Binh Duong 2 Hotel 8', 'Binh Duong 2 Hotel 1', 'The Light Homestay 3', 'Le Home 3', 'Nhu Hien Hotel 8', 'Changed Hotel Hue Riverside Boutique Resort & Spa 1', 'Changed Hotel Binh Duong 2 Hotel 5', ""Changed Hotel Kota's House Homestay 7""]"
Kiều Nương,"['Nhu Hien Hotel 6', 'Leranda Homestay 3', 'Nhu Hien Hotel 5', 'Phòng đơn - 1 9', 'Ngoc Binh Hotel 1', 'Shark Home 1', 'DKD TRIO Hotel 3', 'Changed Hotel Le Home 2', 'Changed Hotel a-mâze house 1', 'Changed Hotel Nhu Hien Hotel 9']"
Hoàng Yến,"['Leranda Homestay 9', 'Duy Tan 2 Hotel 2', 'The Light Homestay 9', 'Binh Duong 2 Hotel 7', 'DMZ Hostel 1', 'Binh Duong 2 Hotel 6', 'Leranda Homestay 6', 'Changed Hotel Duy Tan 2 Hotel 8', 'Changed Hotel Pink Chill House 1', 'Changed Hotel Leranda Homestay 5']"
Ðình Hảo,"['DKD TRIO Hotel 7', 'DKD TRIO Hotel 4', 'DKD TRIO Hotel 5', 'Leranda Homestay 2', 'The Light Homestay 6', 'The Light Homestay 9', 'Binh Duong 2 Hotel 9', 'Changed Hotel DKD TRIO Hotel 9', 'Changed Hotel DMZ Hostel 1', 'Changed Hotel HOUSE OF LÝ 1']"
Hoàng Mai,"[""Kota's House Homestay 7"", 'The Light Homestay 3', 'Noric homestay 8', 'Phòng đơn - 1 6', ""Kota's House Homestay 6"", ""Kota's House Homestay 3"", 'Binh Duong 2 Hotel 5', 'Changed Hotel Na Homestay', ""Changed Hotel Kota's House Homestay 9"", 'Changed Hotel Le Home 3']"
Khánh Thủy,"['Leranda Homestay 2', 'Nhu Hien Hotel 2', 'The Light Homestay 4', 'Le Home 6', 'Le Home 2', 'Le Home 3', 'Le Home 8', 'Changed Hotel Le Home 1', 'Changed Hotel Binh Duong 2 Hotel 8', 'Changed Hotel Le Home 9']"
Xuân Nghi,"['Duy Tan 2 Hotel 9', 'Le Home 2', 'Leranda Homestay 3', 'DKD TRIO Hotel 6', 'Nhu Hien Hotel 9', 'Ngoc Binh Hotel 1', 'Noric homestay 9', 'Changed Hotel Duy Tan 2 Hotel 1', 'Changed Hotel Nhu Hien Hotel 6', 'Changed Hotel Le Home 3']"
Dạ,"['Noric homestay 9', 'Chi Homestay Nera Garden Huế', 'Hoa ban Homestay', 'Đăng Tuấn hotel', 'Đức Lộc Hotel', 'DKD TRIO Hotel 6', 'Duy Tan 2 Hotel 3', 'Changed Hotel Nana 2 Homestay', 'Changed Hotel VIỆT Hostel', 'Changed Hotel Amy Hostel Hue 1']"
Hữu Phước,"['The Light Homestay 9', 'Leranda Homestay 9', 'Duy Tan 2 Hotel 2', 'DMZ Hostel 1', 'Binh Duong 2 Hotel 6', 'Pink Chill House 1', 'Noric homestay 8', 'Changed Hotel The Light Homestay 6', 'Changed Hotel Duy Tan 2 Hotel 8', 'Changed Hotel Binh Duong 2 Hotel 7']"
Thiều Ly,"['Phòng đơn - 1 9', 'Nhu Hien Hotel 6', 'Leranda Homestay 3', 'The Light Homestay 7', 'Tùng Homestay 1', 'The Light Homestay 2', ""Kota's House Homestay 4"", 'Changed Hotel Noric homestay 5', 'Changed Hotel DKD TRIO Hotel 3', 'Changed Hotel DKD TRIO Hotel 2']"
Việt Nhân,"['Nhu Hien Hotel 9', 'Le Home', 'Phòng đơn - 1 2', 'Le Home 2', 'Nhu Hien Hotel 6', 'DKD TRIO Hotel 6', 'Ngoc Binh Hotel 1', 'Changed Hotel Duy Tan 2 Hotel 9', 'Changed Hotel Leranda Homestay 3', 'Changed Hotel Duy Tan 2 Hotel 8']"
