Hotel Name,Recommendations
Khách sạn Thái Bình,"['Aira Boutique Hotel & Spa 1', 'Alisia Beach Hotel 1', 'Alisia Beach Hotel 2', 'An Phat Hotel', 'Ancient House Resort & Spa', 'Ba Đoàn 2 Hotel', 'Belle Maison Parosand', 'Changed Hotel Alisia Beach Hotel', 'Changed Hotel Aira Boutique Hotel & Spa', 'Changed Hotel Aloft Chicago']"
Hotel De Condor,"['Aira Boutique Hotel & Spa', 'Alisia Beach Hotel', 'Alisia Beach Hotel 1', 'Aloft Chicago', 'Ancient House Resort & Spa', 'Ba Đoàn 2 Hotel', 'Belle Maison Parosand', 'Changed Hotel Alisia Beach Hotel 2', 'Changed Hotel An Phat Hotel', 'Changed Hotel Aira Boutique Hotel & Spa 1']"
The Mystery Con Dao,"['Aira Boutique Hotel & Spa 1', 'Alisia Beach Hotel', 'Alisia Beach Hotel 1', 'Aloft Chicago', 'An Phat Hotel', 'Ba Đoàn 2 Hotel', 'Belle Maison Parosand', 'Changed Hotel Alisia Beach Hotel 2', 'Changed Hotel Aira Boutique Hotel & Spa', 'Changed Hotel Ancient House Resort & Spa']"
Uyen's House,"['Aira Boutique Hotel & Spa 1', 'Alisia Beach Hotel', 'Alisia Beach Hotel 1', 'Aloft Chicago', 'Ancient House Resort & Spa', 'Ba Đoàn 2 Hotel', 'Belle Maison Parosand', 'Changed Hotel Aira Boutique Hotel & Spa', 'Changed Hotel Alisia Beach Hotel 2', 'Changed Hotel An Phat Hotel']"
Kim Ngân II hotel,"['Aira Boutique Hotel & Spa', 'Aira Boutique Hotel & Spa 1', 'Alisia Beach Hotel', 'Alisia Beach Hotel 1', 'Alisia Beach Hotel 2', 'Aloft Chicago', 'An Phat Hotel', 'Changed Hotel Ancient House Resort & Spa', 'Changed Hotel Belle Maison Parosand', 'Changed Hotel Ba Đoàn 2 Hotel']"
KHÁCH SẠN HOÀNG SƠN,"['Aira Boutique Hotel & Spa', 'Aira Boutique Hotel & Spa 1', 'Alisia Beach Hotel', 'Alisia Beach Hotel 1', 'An Phat Hotel', 'Ba Đoàn 2 Hotel', 'Belle Maison Parosand', 'Changed Hotel Ancient House Resort & Spa', 'Changed Hotel Alisia Beach Hotel 2', 'Changed Hotel Aloft Chicago']"
ConDao BackPacker - LoCo Camping,"['Aira Boutique Hotel & Spa', 'Aira Boutique Hotel & Spa 1', 'Alisia Beach Hotel', 'Alisia Beach Hotel 1', 'Alisia Beach Hotel 2', 'Ba Đoàn 2 Hotel', 'Belle Maison Parosand', 'Changed Hotel Aloft Chicago', 'Changed Hotel Ancient House Resort & Spa', 'Changed Hotel An Phat Hotel']"
Duy Cảnh Homestay,"['Aira Boutique Hotel & Spa 1', 'Alisia Beach Hotel', 'Aloft Chicago', 'An Phat Hotel', 'Ancient House Resort & Spa', 'Ba Đoàn 2 Hotel', 'Belle Maison Parosand', 'Changed Hotel Aira Boutique Hotel & Spa', 'Changed Hotel Alisia Beach Hotel 1', 'Changed Hotel Alisia Beach Hotel 2']"
Tuấn Ninh Hotel I,"['Aira Boutique Hotel & Spa 1', 'Alisia Beach Hotel', 'Alisia Beach Hotel 1', 'Alisia Beach Hotel 2', 'Aloft Chicago', 'An Phat Hotel', 'Belle Maison Parosand', 'Changed Hotel Aira Boutique Hotel & Spa', 'Changed Hotel Ba Đoàn 2 Hotel', 'Changed Hotel Ancient House Resort & Spa']"
Thiên Tân Hotel,"['Aira Boutique Hotel & Spa', 'Aira Boutique Hotel & Spa 1', 'Alisia Beach Hotel 1', 'Alisia Beach Hotel 2', 'Aloft Chicago', 'Ba Đoàn 2 Hotel', 'Belle Maison Parosand', 'Changed Hotel Alisia Beach Hotel', 'Changed Hotel An Phat Hotel', 'Changed Hotel Ancient House Resort & Spa']"
An Phat Hotel,"['Aira Boutique Hotel & Spa 1', 'Alisia Beach Hotel', 'Alisia Beach Hotel 1', 'Alisia Beach Hotel 2', 'Ba Đoàn 2 Hotel', 'Belle Maison Parosand', 'Belle Maison Parosand 1', 'Changed Hotel Ancient House Resort & Spa', 'Changed Hotel Aloft Chicago', 'Changed Hotel Aira Boutique Hotel & Spa']"
Red Hotel Côn Đảo,"['Aira Boutique Hotel & Spa', 'Alisia Beach Hotel', 'Alisia Beach Hotel 1', 'Aloft Chicago', 'Ancient House Resort & Spa', 'Ba Đoàn 2 Hotel', 'Belle Maison Parosand', 'Changed Hotel Aira Boutique Hotel & Spa 1', 'Changed Hotel An Phat Hotel', 'Changed Hotel Alisia Beach Hotel 2']"
Lighthouse Boutique Hotel Côn Đảo,"['Aira Boutique Hotel & Spa 1', 'Alisia Beach Hotel', 'Alisia Beach Hotel 2', 'Aloft Chicago', 'An Phat Hotel', 'Ba Đoàn 2 Hotel', 'Belle Maison Parosand', 'Changed Hotel Ancient House Resort & Spa', 'Changed Hotel Alisia Beach Hotel 1', 'Changed Hotel Aira Boutique Hotel & Spa']"
Khách sạn Trọng Tín,"['Aira Boutique Hotel & Spa', 'Aira Boutique Hotel & Spa 1', 'Alisia Beach Hotel 1', 'Alisia Beach Hotel 2', 'An Phat Hotel', 'Ancient House Resort & Spa', 'Ba Đoàn 2 Hotel', 'Changed Hotel Alisia Beach Hotel', 'Changed Hotel Aloft Chicago', 'Changed Hotel Belle Maison Parosand']"
The Secret Con Dao,"['Aira Boutique Hotel & Spa', 'Aira Boutique Hotel & Spa 1', 'Alisia Beach Hotel', 'Alisia Beach Hotel 1', 'Alisia Beach Hotel 2', 'Aloft Chicago', 'Ba Đoàn 2 Hotel', 'Changed Hotel An Phat Hotel', 'Changed Hotel Belle Maison Parosand', 'Changed Hotel Ancient House Resort & Spa']"
THAO LIEN HOTEL,"['Aira Boutique Hotel & Spa', 'Alisia Beach Hotel', 'Aloft Chicago', 'An Phat Hotel', 'Ancient House Resort & Spa', 'Ba Đoàn 2 Hotel', 'Belle Maison Parosand', 'Changed Hotel Alisia Beach Hotel 2', 'Changed Hotel Aira Boutique Hotel & Spa 1', 'Changed Hotel Alisia Beach Hotel 1']"
SixPearl Hotel,"['Aira Boutique Hotel & Spa', 'Aira Boutique Hotel & Spa 1', 'Alisia Beach Hotel', 'Alisia Beach Hotel 1', 'Alisia Beach Hotel 2', 'Aloft Chicago', 'Ancient House Resort & Spa', 'Changed Hotel An Phat Hotel', 'Changed Hotel Ba Đoàn 2 Hotel', 'Changed Hotel Belle Maison Parosand']"
Hoa Anh Đào Motel,"['Aira Boutique Hotel & Spa', 'Aira Boutique Hotel & Spa 1', 'Alisia Beach Hotel', 'Alisia Beach Hotel 2', 'Aloft Chicago', 'Ancient House Resort & Spa', 'Ba Đoàn 2 Hotel', 'Changed Hotel Satya Hotel 1', 'Changed Hotel An Phat Hotel', 'Changed Hotel Alisia Beach Hotel 1']"
Côn Sơn Victory Hotel,"['Alisia Beach Hotel 1', 'Alisia Beach Hotel 2', 'Aloft Chicago', 'An Phat Hotel', 'Ancient House Resort & Spa', 'Ba Đoàn 2 Hotel', 'Belle Maison Parosand', 'Changed Hotel Aira Boutique Hotel & Spa 1', 'Changed Hotel Alisia Beach Hotel', 'Changed Hotel Aira Boutique Hotel & Spa']"
Golf Star Hotel,"['Aira Boutique Hotel & Spa', 'Aira Boutique Hotel & Spa 1', 'Alisia Beach Hotel 1', 'Alisia Beach Hotel 2', 'Aloft Chicago', 'An Phat Hotel', 'Belle Maison Parosand', 'Changed Hotel Alisia Beach Hotel', 'Changed Hotel Ancient House Resort & Spa', 'Changed Hotel Ba Đoàn 2 Hotel']"
Lan Anh's Home,"['Aira Boutique Hotel & Spa 1', 'Alisia Beach Hotel', 'Alisia Beach Hotel 1', 'Alisia Beach Hotel 2', 'Aloft Chicago', 'Ancient House Resort & Spa', 'Ba Đoàn 2 Hotel', 'Changed Hotel Aira Boutique Hotel & Spa', 'Changed Hotel Belle Maison Parosand', 'Changed Hotel An Phat Hotel']"
Tuấn Ninh Hotel II,"['Aira Boutique Hotel & Spa', 'Aira Boutique Hotel & Spa 1', 'Alisia Beach Hotel', 'Aloft Chicago', 'An Phat Hotel', 'Ancient House Resort & Spa', 'Ba Đoàn 2 Hotel', 'Changed Hotel Alisia Beach Hotel 2', 'Changed Hotel Alisia Beach Hotel 1', 'Changed Hotel Belle Maison Parosand']"
Ba Đoàn 2 Hotel,"['Aira Boutique Hotel & Spa 1', 'Alisia Beach Hotel', 'Alisia Beach Hotel 1', 'Aloft Chicago', 'An Phat Hotel', 'Ancient House Resort & Spa', 'Belle Maison Parosand', 'Changed Hotel Aira Boutique Hotel & Spa', 'Changed Hotel Belle Maison Parosand 1', 'Changed Hotel Alisia Beach Hotel 2']"
Thăng Long 68,"['Aira Boutique Hotel & Spa', 'Alisia Beach Hotel', 'Alisia Beach Hotel 1', 'Alisia Beach Hotel 2', 'Aloft Chicago', 'An Phat Hotel', 'Belle Maison Parosand', 'Changed Hotel Ancient House Resort & Spa', 'Changed Hotel Aira Boutique Hotel & Spa 1', 'Changed Hotel Ba Đoàn 2 Hotel']"
Hoàng Anh Côn Đảo Hotel,"['Aira Boutique Hotel & Spa', 'Aira Boutique Hotel & Spa 1', 'Alisia Beach Hotel', 'Alisia Beach Hotel 2', 'An Phat Hotel', 'Ancient House Resort & Spa', 'Ba Đoàn 2 Hotel', 'Changed Hotel Alisia Beach Hotel 1', 'Changed Hotel Aloft Chicago', 'Changed Hotel Belle Maison Parosand']"
The Enchanted Garden,"['Aira Boutique Hotel & Spa', 'Aira Boutique Hotel & Spa 1', 'Alisia Beach Hotel', 'An Phat Hotel', 'Ancient House Resort & Spa', 'Ba Đoàn 2 Hotel', 'Belle Maison Parosand', 'Changed Hotel Aloft Chicago', 'Changed Hotel Alisia Beach Hotel 1', 'Changed Hotel Alisia Beach Hotel 2']"
Homestay De la Rosa - Côn Đảo,"['Aira Boutique Hotel & Spa 1', 'Alisia Beach Hotel', 'Alisia Beach Hotel 1', 'Alisia Beach Hotel 2', 'Ancient House Resort & Spa', 'Ba Đoàn 2 Hotel', 'Belle Maison Parosand', 'Changed Hotel An Phat Hotel', 'Changed Hotel Aloft Chicago', 'Changed Hotel Aira Boutique Hotel & Spa']"
Con Son Island Hotel,"['Aira Boutique Hotel & Spa', 'Alisia Beach Hotel', 'Alisia Beach Hotel 1', 'Aloft Chicago', 'An Phat Hotel', 'Ba Đoàn 2 Hotel', 'Belle Maison Parosand', 'Changed Hotel Ancient House Resort & Spa', 'Changed Hotel Alisia Beach Hotel 2', 'Changed Hotel Aira Boutique Hotel & Spa 1']"
Thăng Long Hotel,"['Aira Boutique Hotel & Spa', 'Aira Boutique Hotel & Spa 1', 'Alisia Beach Hotel 2', 'Aloft Chicago', 'An Phat Hotel', 'Ancient House Resort & Spa', 'Ba Đoàn 2 Hotel', 'Changed Hotel Belle Maison Parosand', 'Changed Hotel Alisia Beach Hotel', 'Changed Hotel Alisia Beach Hotel 1']"
Homstay Thanh Sơn,"['Khách sạn Ngọc Phát', 'Aira Boutique Hotel & Spa 1', 'Alisia Beach Hotel 1', 'Aloft Chicago', 'An Phat Hotel', 'Ancient House Resort & Spa', 'Ba Đoàn 2 Hotel', 'Changed Hotel Alisia Beach Hotel 2', 'Changed Hotel Alisia Beach Hotel', 'Changed Hotel Aira Boutique Hotel & Spa']"
Nhà Của Gió Homestay,"['Aira Boutique Hotel & Spa', 'Aira Boutique Hotel & Spa 1', 'Alisia Beach Hotel', 'Alisia Beach Hotel 1', 'Alisia Beach Hotel 2', 'Ancient House Resort & Spa', 'Ba Đoàn 2 Hotel', 'Changed Hotel An Phat Hotel', 'Changed Hotel Thanh Binh Riverside', 'Changed Hotel Aloft Chicago']"
Ngọc Anh Hotel,"['Four Seasons Hotel Gresham Palace 1', 'Alisia Beach Hotel', 'Alisia Beach Hotel 1', 'Alisia Beach Hotel 2', 'Aloft Chicago', 'An Phat Hotel', 'Ancient House Resort & Spa', 'Changed Hotel Aira Boutique Hotel & Spa', 'Changed Hotel Aira Boutique Hotel & Spa 1', 'Changed Hotel Ba Đoàn 2 Hotel']"
Bảo Hoàng HomeStay,"['Aira Boutique Hotel & Spa', 'Alisia Beach Hotel 1', 'Alisia Beach Hotel 2', 'Aloft Chicago', 'An Phat Hotel', 'Ba Đoàn 2 Hotel', 'Belle Maison Parosand', 'Changed Hotel Aira Boutique Hotel & Spa 1', 'Changed Hotel Alisia Beach Hotel', 'Changed Hotel Ancient House Resort & Spa']"
SUNRISE HOTEL,"['Aira Boutique Hotel & Spa', 'Aira Boutique Hotel & Spa 1', 'Alisia Beach Hotel 1', 'Alisia Beach Hotel 2', 'Aloft Chicago', 'An Phat Hotel', 'Ba Đoàn 2 Hotel', 'Changed Hotel Ancient House Resort & Spa', 'Changed Hotel Belle Maison Parosand', 'Changed Hotel Alisia Beach Hotel']"
KHANG HOTEL CON DAO,"['Aira Boutique Hotel & Spa', 'Aira Boutique Hotel & Spa 1', 'Alisia Beach Hotel', 'Alisia Beach Hotel 2', 'Aloft Chicago', 'Ancient House Resort & Spa', 'Belle Maison Parosand', 'Changed Hotel Ba Đoàn 2 Hotel', 'Changed Hotel An Phat Hotel', 'Changed Hotel Alisia Beach Hotel 1']"
Phuc Con Son Hotel,"['Aira Boutique Hotel & Spa', 'Aira Boutique Hotel & Spa 1', 'Alisia Beach Hotel', 'Alisia Beach Hotel 1', 'Alisia Beach Hotel 2', 'An Phat Hotel', 'Belle Maison Parosand', 'Changed Hotel Ancient House Resort & Spa', 'Changed Hotel Aloft Chicago', 'Changed Hotel Ba Đoàn 2 Hotel']"
Thanh Binh Hotel Con Dao,"['Aira Boutique Hotel & Spa', 'Aira Boutique Hotel & Spa 1', 'Alisia Beach Hotel', 'Alisia Beach Hotel 1', 'Alisia Beach Hotel 2', 'Aloft Chicago', 'Ancient House Resort & Spa', 'Changed Hotel Ba Đoàn 2 Hotel', 'Changed Hotel Belle Maison Parosand', 'Changed Hotel An Phat Hotel']"
Hotel Đức Thành,"['Aira Boutique Hotel & Spa', 'Aira Boutique Hotel & Spa 1', 'Alisia Beach Hotel 2', 'Aloft Chicago', 'An Phat Hotel', 'Ancient House Resort & Spa', 'Belle Maison Parosand', 'Changed Hotel Alisia Beach Hotel', 'Changed Hotel Ba Đoàn 2 Hotel', 'Changed Hotel Alisia Beach Hotel 1']"
Q Songchi Hotel,"['Aira Boutique Hotel & Spa', 'Aira Boutique Hotel & Spa 1', 'Alisia Beach Hotel', 'Alisia Beach Hotel 2', 'An Phat Hotel', 'Ancient House Resort & Spa', 'Ba Đoàn 2 Hotel', 'Changed Hotel Alisia Beach Hotel 1', 'Changed Hotel Aloft Chicago', 'Changed Hotel Belle Maison Parosand']"
Con Dao Guesthouse,"['Alisia Beach Hotel', 'Alisia Beach Hotel 1', 'Aloft Chicago', 'An Phat Hotel', 'Ancient House Resort & Spa', 'Ba Đoàn 2 Hotel', 'Belle Maison Parosand', 'Changed Hotel Aira Boutique Hotel & Spa 1', 'Changed Hotel Aira Boutique Hotel & Spa', 'Changed Hotel Alisia Beach Hotel 2']"
Poulo Condor Boutique Resort & Spa,"['Aira Boutique Hotel & Spa 1', 'Alisia Beach Hotel', 'Alisia Beach Hotel 1', 'Alisia Beach Hotel 2', 'An Phat Hotel', 'Ancient House Resort & Spa', 'Ba Đoàn 2 Hotel', 'Changed Hotel Belle Maison Parosand', 'Changed Hotel Aira Boutique Hotel & Spa', 'Changed Hotel Aloft Chicago']"
Six Senses Con Dao - Turtle Island Paradise,"['Aira Boutique Hotel & Spa 1', 'Alisia Beach Hotel', 'Alisia Beach Hotel 2', 'Aloft Chicago', 'Ancient House Resort & Spa', 'Ba Đoàn 2 Hotel', 'Belle Maison Parosand', 'Changed Hotel An Phat Hotel', 'Changed Hotel Alisia Beach Hotel 1', 'Changed Hotel Aira Boutique Hotel & Spa']"
Hotel Hải Trường,"['Aira Boutique Hotel & Spa', 'Aira Boutique Hotel & Spa 1', 'Alisia Beach Hotel 1', 'Alisia Beach Hotel 2', 'An Phat Hotel', 'Ancient House Resort & Spa', 'Ba Đoàn 2 Hotel', 'Changed Hotel Belle Maison Parosand', 'Changed Hotel Alisia Beach Hotel', 'Changed Hotel Aloft Chicago']"
HOTEL ĐỨC THÀNH 2,"['Aira Boutique Hotel & Spa', 'Alisia Beach Hotel', 'Alisia Beach Hotel 1', 'Alisia Beach Hotel 2', 'Ancient House Resort & Spa', 'Ba Đoàn 2 Hotel', 'Belle Maison Parosand', 'Changed Hotel An Phat Hotel', 'Changed Hotel Aloft Chicago', 'Changed Hotel Aira Boutique Hotel & Spa 1']"
Hoàng Gia Hotel Côn Đảo,"['Aira Boutique Hotel & Spa', 'Aira Boutique Hotel & Spa 1', 'Alisia Beach Hotel', 'Aloft Chicago', 'An Phat Hotel', 'Ancient House Resort & Spa', 'Ba Đoàn 2 Hotel', 'Changed Hotel Alisia Beach Hotel 1', 'Changed Hotel Alisia Beach Hotel 2', 'Changed Hotel Belle Maison Parosand']"
Nhà nghỉ Hạnh Minh,"['Aira Boutique Hotel & Spa', 'Alisia Beach Hotel', 'Alisia Beach Hotel 1', 'Alisia Beach Hotel 2', 'Aloft Chicago', 'An Phat Hotel', 'Ancient House Resort & Spa', 'Changed Hotel Aira Boutique Hotel & Spa 1', 'Changed Hotel Ba Đoàn 2 Hotel', 'Changed Hotel Belle Maison Parosand']"
Hotel Minh Thắng 2,"['Staybridge Suites', 'Alisia Beach Hotel', 'Alisia Beach Hotel 2', 'Aloft Chicago', 'An Phat Hotel', 'Ancient House Resort & Spa', 'Ba Đoàn 2 Hotel', 'Changed Hotel Aira Boutique Hotel & Spa 1', 'Changed Hotel Aira Boutique Hotel & Spa', 'Changed Hotel Alisia Beach Hotel 1']"
Little Home Homestay,"['Lasenta Boutique Hotel', 'Aira Boutique Hotel & Spa', 'Alisia Beach Hotel', 'Alisia Beach Hotel 1', 'Alisia Beach Hotel 2', 'Aloft Chicago', 'Ba Đoàn 2 Hotel', 'Changed Hotel Aira Boutique Hotel & Spa 1', 'Changed Hotel An Phat Hotel', 'Changed Hotel Ancient House Resort & Spa']"
Sao Mai hotel,"['TTC Ngọc Lan Hotel', 'Aira Boutique Hotel & Spa', 'Alisia Beach Hotel', 'Alisia Beach Hotel 1', 'Aloft Chicago', 'An Phat Hotel', 'Ancient House Resort & Spa', 'Changed Hotel Aira Boutique Hotel & Spa 1', 'Changed Hotel Alisia Beach Hotel 2', 'Changed Hotel Ba Đoàn 2 Hotel']"
Pun corner homestay,"['Aira Boutique Hotel & Spa', 'Alisia Beach Hotel', 'Alisia Beach Hotel 1', 'Alisia Beach Hotel 2', 'Aloft Chicago', 'An Phat Hotel', 'Ba Đoàn 2 Hotel', 'Changed Hotel Aira Boutique Hotel & Spa 1', 'Changed Hotel Belle Maison Parosand', 'Changed Hotel Ancient House Resort & Spa']"
Oxford Suites,"['Aira Boutique Hotel & Spa 1', 'Alisia Beach Hotel', 'Alisia Beach Hotel 1', 'Alisia Beach Hotel 2', 'Aloft Chicago', 'Ancient House Resort & Spa', 'Ba Đoàn 2 Hotel', 'Changed Hotel Belle Maison Parosand', 'Changed Hotel Aira Boutique Hotel & Spa', 'Changed Hotel An Phat Hotel']"
Orson Hotel & Resort Con Dao,"['Aira Boutique Hotel & Spa', 'Alisia Beach Hotel 1', 'Alisia Beach Hotel 2', 'Aloft Chicago', 'Ancient House Resort & Spa', 'Ba Đoàn 2 Hotel', 'Belle Maison Parosand', 'Changed Hotel Alisia Beach Hotel', 'Changed Hotel Aira Boutique Hotel & Spa 1', 'Changed Hotel An Phat Hotel']"
Le Condor 's House & Coffee,"['Aira Boutique Hotel & Spa', 'Alisia Beach Hotel', 'Alisia Beach Hotel 1', 'Alisia Beach Hotel 2', 'An Phat Hotel', 'Ancient House Resort & Spa', 'Belle Maison Parosand', 'Changed Hotel Aira Boutique Hotel & Spa 1', 'Changed Hotel Ba Đoàn 2 Hotel', 'Changed Hotel Aloft Chicago']"
Garden House Côn Đảo,"['Aira Boutique Hotel & Spa', 'Aira Boutique Hotel & Spa 1', 'Alisia Beach Hotel 1', 'Aloft Chicago', 'An Phat Hotel', 'Ba Đoàn 2 Hotel', 'Belle Maison Parosand', 'Changed Hotel Alisia Beach Hotel 2', 'Changed Hotel Alisia Beach Hotel', 'Changed Hotel Ancient House Resort & Spa']"
Quang Hưng Hotel,"['Aira Boutique Hotel & Spa 1', 'Alisia Beach Hotel 1', 'Alisia Beach Hotel 2', 'Aloft Chicago', 'An Phat Hotel', 'Ancient House Resort & Spa', 'Ba Đoàn 2 Hotel', 'Changed Hotel Alisia Beach Hotel', 'Changed Hotel Belle Maison Parosand', 'Changed Hotel Aira Boutique Hotel & Spa']"
Dương Thanh Bình,"['Aira Boutique Hotel & Spa 1', 'Alisia Beach Hotel 1', 'Alisia Beach Hotel 2', 'Aloft Chicago', 'An Phat Hotel', 'Ancient House Resort & Spa', 'Belle Maison Parosand', 'Changed Hotel Aira Boutique Hotel & Spa', 'Changed Hotel Ba Đoàn 2 Hotel', 'Changed Hotel Alisia Beach Hotel']"
Hotel Hương Đào,"['Aira Boutique Hotel & Spa', 'Alisia Beach Hotel 1', 'Aloft Chicago', 'An Phat Hotel', 'Ancient House Resort & Spa', 'Ba Đoàn 2 Hotel', 'Belle Maison Parosand', 'Changed Hotel Alisia Beach Hotel 2', 'Changed Hotel Aira Boutique Hotel & Spa 1', 'Changed Hotel Alisia Beach Hotel']"
Havana Con Dao Hotel,"['Aira Boutique Hotel & Spa', 'Alisia Beach Hotel 1', 'Alisia Beach Hotel 2', 'Aloft Chicago', 'Ancient House Resort & Spa', 'Ba Đoàn 2 Hotel', 'Belle Maison Parosand', 'Changed Hotel Alisia Beach Hotel', 'Changed Hotel An Phat Hotel', 'Changed Hotel Aira Boutique Hotel & Spa 1']"
Khách Sạn Minh Thắng,"['Aira Boutique Hotel & Spa', 'Aira Boutique Hotel & Spa 1', 'Alisia Beach Hotel', 'Alisia Beach Hotel 1', 'An Phat Hotel', 'Ancient House Resort & Spa', 'Ba Đoàn 2 Hotel', 'Changed Hotel Aloft Chicago', 'Changed Hotel Belle Maison Parosand', 'Changed Hotel Alisia Beach Hotel 2']"
Kim Ngân Hotel,"['Aira Boutique Hotel & Spa 1', 'Alisia Beach Hotel', 'Alisia Beach Hotel 1', 'Aloft Chicago', 'Ancient House Resort & Spa', 'Ba Đoàn 2 Hotel', 'Belle Maison Parosand', 'Changed Hotel An Phat Hotel', 'Changed Hotel Alisia Beach Hotel 2', 'Changed Hotel Aira Boutique Hotel & Spa']"
SaoConDor Hotel,"['Historic Hotel', 'Aira Boutique Hotel & Spa', 'Aira Boutique Hotel & Spa 1', 'Alisia Beach Hotel', 'Alisia Beach Hotel 1', 'Alisia Beach Hotel 2', 'Aloft Chicago', 'Changed Hotel An Phat Hotel', 'Changed Hotel Ancient House Resort & Spa', 'Changed Hotel Ba Đoàn 2 Hotel']"
Maya Hotel 3,"['Aira Boutique Hotel & Spa', 'Aira Boutique Hotel & Spa 1', 'Alisia Beach Hotel 1', 'Alisia Beach Hotel 2', 'An Phat Hotel', 'Ancient House Resort & Spa', 'Ba Đoàn 2 Hotel', 'Changed Hotel Aloft Chicago', 'Changed Hotel Alisia Beach Hotel', 'Changed Hotel Belle Maison Parosand']"
KIM NGÂN HOME,"['Aira Boutique Hotel & Spa', 'Aira Boutique Hotel & Spa 1', 'Alisia Beach Hotel', 'Alisia Beach Hotel 1', 'Alisia Beach Hotel 2', 'Aloft Chicago', 'Ba Đoàn 2 Hotel', 'Changed Hotel An Phat Hotel', 'Changed Hotel Ancient House Resort & Spa', 'Changed Hotel Belle Maison Parosand']"
Trung Hậu Hotel Côn Đảo,"['Aira Boutique Hotel & Spa', 'Aira Boutique Hotel & Spa 1', 'Alisia Beach Hotel 1', 'Alisia Beach Hotel 2', 'Aloft Chicago', 'Ancient House Resort & Spa', 'Ba Đoàn 2 Hotel', 'Changed Hotel Alisia Beach Hotel', 'Changed Hotel An Phat Hotel', 'Changed Hotel Belle Maison Parosand']"
Dương Thanh Bình 2,"['Aira Boutique Hotel & Spa 1', 'Alisia Beach Hotel', 'Alisia Beach Hotel 1', 'Alisia Beach Hotel 2', 'Aloft Chicago', 'Ancient House Resort & Spa', 'Ba Đoàn 2 Hotel', 'Changed Hotel Belle Maison Parosand', 'Changed Hotel An Phat Hotel', 'Changed Hotel Aira Boutique Hotel & Spa']"
Con Son Green Island,"['Aira Boutique Hotel & Spa 1', 'Aira Boutique Hotel & Spa', 'Alisia Beach Hotel 1', 'Aloft Chicago', 'An Phat Hotel', 'Ancient House Resort & Spa', 'Belle Maison Parosand', 'Changed Hotel Alisia Beach Hotel 2', 'Changed Hotel Alisia Beach Hotel', 'Changed Hotel Ba Đoàn 2 Hotel']"
Con Son Blue Sea Hotel,"['Aira Boutique Hotel & Spa', 'Aira Boutique Hotel & Spa 1', 'Alisia Beach Hotel 1', 'Alisia Beach Hotel 2', 'Aloft Chicago', 'An Phat Hotel', 'Ancient House Resort & Spa', 'Changed Hotel Ba Đoàn 2 Hotel', 'Changed Hotel Alisia Beach Hotel', 'Changed Hotel Belle Maison Parosand']"
Hacoda Homestay,"['Alisia Beach Hotel', 'Alisia Beach Hotel 1', 'Alisia Beach Hotel 2', 'Aloft Chicago', 'An Phat Hotel', 'Ancient House Resort & Spa', 'Belle Maison Parosand', 'Changed Hotel Ba Đoàn 2 Hotel', 'Changed Hotel Aira Boutique Hotel & Spa 1', 'Changed Hotel Aira Boutique Hotel & Spa']"
MIN House,"['Aira Boutique Hotel & Spa 1', 'Alisia Beach Hotel', 'Alisia Beach Hotel 2', 'Aloft Chicago', 'Ancient House Resort & Spa', 'Ba Đoàn 2 Hotel', 'Belle Maison Parosand', 'Changed Hotel Aira Boutique Hotel & Spa', 'Changed Hotel An Phat Hotel', 'Changed Hotel Alisia Beach Hotel 1']"
MƯỜI HOMESTAY,"['Aira Boutique Hotel & Spa', 'Aira Boutique Hotel & Spa 1', 'Alisia Beach Hotel', 'Alisia Beach Hotel 1', 'An Phat Hotel', 'Ancient House Resort & Spa', 'Belle Maison Parosand', 'Changed Hotel Alisia Beach Hotel 2', 'Changed Hotel Ba Đoàn 2 Hotel', 'Changed Hotel Aloft Chicago']"
Homestay Hoàng Long,"['Aira Boutique Hotel & Spa', 'Aira Boutique Hotel & Spa 1', 'Alisia Beach Hotel 2', 'An Phat Hotel', 'Ancient House Resort & Spa', 'Ba Đoàn 2 Hotel', 'Belle Maison Parosand', 'Changed Hotel Alisia Beach Hotel', 'Changed Hotel Aloft Chicago', 'Changed Hotel Alisia Beach Hotel 1']"
Conson Hotel,"['Richico Apartments And Hotel', 'Aira Boutique Hotel & Spa', 'Alisia Beach Hotel 1', 'Aloft Chicago', 'An Phat Hotel', 'Ancient House Resort & Spa', 'Ba Đoàn 2 Hotel', 'Changed Hotel Aira Boutique Hotel & Spa 1', 'Changed Hotel Alisia Beach Hotel 2', 'Changed Hotel Alisia Beach Hotel']"
Minh Minh Homestay,"['Aira Boutique Hotel & Spa 1', 'Alisia Beach Hotel', 'Alisia Beach Hotel 1', 'Alisia Beach Hotel 2', 'Aloft Chicago', 'An Phat Hotel', 'Ancient House Resort & Spa', 'Changed Hotel Belle Maison Parosand', 'Changed Hotel Ba Đoàn 2 Hotel', 'Changed Hotel Aira Boutique Hotel & Spa']"
Maya Hotel 2,"['Aira Boutique Hotel & Spa', 'Aira Boutique Hotel & Spa 1', 'Alisia Beach Hotel', 'Aloft Chicago', 'An Phat Hotel', 'Ancient House Resort & Spa', 'Ba Đoàn 2 Hotel', 'Changed Hotel Alisia Beach Hotel 1', 'Changed Hotel Alisia Beach Hotel 2', 'Changed Hotel Belle Maison Parosand']"
Con Dao Resort,"['Aira Boutique Hotel & Spa', 'Aira Boutique Hotel & Spa 1', 'Alisia Beach Hotel 2', 'Aloft Chicago', 'An Phat Hotel', 'Ancient House Resort & Spa', 'Belle Maison Parosand', 'Changed Hotel Alisia Beach Hotel 1', 'Changed Hotel Ba Đoàn 2 Hotel', 'Changed Hotel Alisia Beach Hotel']"
Khách sạn Rum Vàng,"['Aira Boutique Hotel & Spa 1', 'Alisia Beach Hotel', 'Aloft Chicago', 'An Phat Hotel', 'Ancient House Resort & Spa', 'Ba Đoàn 2 Hotel', 'Belle Maison Parosand', 'Changed Hotel Alisia Beach Hotel 1', 'Changed Hotel Aira Boutique Hotel & Spa', 'Changed Hotel Alisia Beach Hotel 2']"
HUY HOÀNG HOTEL,"['Aira Boutique Hotel & Spa', 'Alisia Beach Hotel', 'Alisia Beach Hotel 2', 'Aloft Chicago', 'Ancient House Resort & Spa', 'Ba Đoàn 2 Hotel', 'Belle Maison Parosand', 'Changed Hotel An Phat Hotel', 'Changed Hotel Alisia Beach Hotel 1', 'Changed Hotel Aira Boutique Hotel & Spa 1']"
Homestay Qhome,"['Alisia Beach Hotel', 'Alisia Beach Hotel 1', 'Alisia Beach Hotel 2', 'Aloft Chicago', 'An Phat Hotel', 'Ancient House Resort & Spa', 'Ba Đoàn 2 Hotel', 'Changed Hotel Aira Boutique Hotel & Spa 1', 'Changed Hotel Aira Boutique Hotel & Spa', 'Changed Hotel Belle Maison Parosand']"
HOTEL XUÂN ANH CÔN ĐẢO,"['Aira Boutique Hotel & Spa', 'Alisia Beach Hotel', 'Alisia Beach Hotel 1', 'Alisia Beach Hotel 2', 'Aloft Chicago', 'Ancient House Resort & Spa', 'Belle Maison Parosand', 'Changed Hotel An Phat Hotel', 'Changed Hotel Ba Đoàn 2 Hotel', 'Changed Hotel Aira Boutique Hotel & Spa 1']"
Homestay Bình An,"['Aira Boutique Hotel & Spa', 'Aira Boutique Hotel & Spa 1', 'Alisia Beach Hotel', 'Alisia Beach Hotel 1', 'Alisia Beach Hotel 2', 'An Phat Hotel', 'Ba Đoàn 2 Hotel', 'Changed Hotel Ancient House Resort & Spa', 'Changed Hotel Aloft Chicago', 'Changed Hotel Belle Maison Parosand']"
Hưng Khánh Hotel,"['Aira Boutique Hotel & Spa', 'Alisia Beach Hotel', 'Alisia Beach Hotel 1', 'Alisia Beach Hotel 2', 'Aloft Chicago', 'Ancient House Resort & Spa', 'Belle Maison Parosand', 'Changed Hotel Aira Boutique Hotel & Spa 1', 'Changed Hotel Ba Đoàn 2 Hotel', 'Changed Hotel An Phat Hotel']"
Con Dao Tan Son Nhat Hotel,"['Aira Boutique Hotel & Spa', 'Alisia Beach Hotel', 'Alisia Beach Hotel 2', 'An Phat Hotel', 'Ancient House Resort & Spa', 'Ba Đoàn 2 Hotel', 'Belle Maison Parosand', 'Changed Hotel Aloft Chicago', 'Changed Hotel Alisia Beach Hotel 1', 'Changed Hotel Aira Boutique Hotel & Spa 1']"
Gao Hotel,"['Aira Boutique Hotel & Spa', 'Alisia Beach Hotel', 'Alisia Beach Hotel 1', 'Alisia Beach Hotel 2', 'Ancient House Resort & Spa', 'Ba Đoàn 2 Hotel', 'Belle Maison Parosand', 'Changed Hotel Aloft Chicago', 'Changed Hotel An Phat Hotel', 'Changed Hotel Aira Boutique Hotel & Spa 1']"
SEN HIDDEN CHARM,"['Aira Boutique Hotel & Spa', 'Aira Boutique Hotel & Spa 1', 'Alisia Beach Hotel', 'Alisia Beach Hotel 1', 'Alisia Beach Hotel 2', 'Ba Đoàn 2 Hotel', 'Belle Maison Parosand', 'Changed Hotel Aloft Chicago', 'Changed Hotel Ancient House Resort & Spa', 'Changed Hotel An Phat Hotel']"
Thanh Trang Hotel,"['Aira Boutique Hotel & Spa', 'Aira Boutique Hotel & Spa 1', 'Alisia Beach Hotel 1', 'Alisia Beach Hotel 2', 'Aloft Chicago', 'An Phat Hotel', 'Ancient House Resort & Spa', 'Changed Hotel Alisia Beach Hotel', 'Changed Hotel Ba Đoàn 2 Hotel', 'Changed Hotel Belle Maison Parosand']"
Thuy Thanh Hotel,"['Aira Boutique Hotel & Spa', 'Alisia Beach Hotel', 'Alisia Beach Hotel 1', 'Alisia Beach Hotel 2', 'Aloft Chicago', 'Ba Đoàn 2 Hotel', 'Belle Maison Parosand', 'Changed Hotel An Phat Hotel', 'Changed Hotel Aira Boutique Hotel & Spa 1', 'Changed Hotel Ancient House Resort & Spa']"
London House,"['Aira Boutique Hotel & Spa 1', 'Alisia Beach Hotel', 'Alisia Beach Hotel 1', 'An Phat Hotel', 'Ancient House Resort & Spa', 'Ba Đoàn 2 Hotel', 'Belle Maison Parosand', 'Changed Hotel Aloft Chicago', 'Changed Hotel Aira Boutique Hotel & Spa', 'Changed Hotel Alisia Beach Hotel 2']"
Khách sạn Phú Hòa,"['Aira Boutique Hotel & Spa 1', 'Alisia Beach Hotel', 'Alisia Beach Hotel 1', 'Alisia Beach Hotel 2', 'Aloft Chicago', 'Ba Đoàn 2 Hotel', 'Belle Maison Parosand', 'Changed Hotel An Phat Hotel', 'Changed Hotel Ancient House Resort & Spa', 'Changed Hotel Aira Boutique Hotel & Spa']"
Ancient House Resort & Spa,"['Aira Boutique Hotel & Spa 1', 'Alisia Beach Hotel 1', 'Aloft Chicago', 'An Phat Hotel', 'Ba Đoàn 2 Hotel', 'Belle Maison Parosand', 'Belle Maison Parosand 1', 'Changed Hotel Alisia Beach Hotel 2', 'Changed Hotel Alisia Beach Hotel', 'Changed Hotel Aira Boutique Hotel & Spa']"
Holiday Inn Express,"['Aira Boutique Hotel & Spa', 'Aira Boutique Hotel & Spa 1', 'Alisia Beach Hotel', 'Alisia Beach Hotel 1', 'An Phat Hotel', 'Ancient House Resort & Spa', 'Belle Maison Parosand', 'Changed Hotel Alisia Beach Hotel 2', 'Changed Hotel Ba Đoàn 2 Hotel', 'Changed Hotel Aloft Chicago']"
Oxford Suites 1,"['Aira Boutique Hotel & Spa', 'Alisia Beach Hotel', 'Alisia Beach Hotel 1', 'Alisia Beach Hotel 2', 'Aloft Chicago', 'Ancient House Resort & Spa', 'Ba Đoàn 2 Hotel', 'Changed Hotel Belle Maison Parosand', 'Changed Hotel An Phat Hotel', 'Changed Hotel Aira Boutique Hotel & Spa 1']"
Satya Hotel,"['Aira Boutique Hotel & Spa', 'Aira Boutique Hotel & Spa 1', 'Alisia Beach Hotel', 'Alisia Beach Hotel 1', 'Aloft Chicago', 'Ba Đoàn 2 Hotel', 'Belle Maison Parosand', 'Changed Hotel An Phat Hotel', 'Changed Hotel Ancient House Resort & Spa', 'Changed Hotel Alisia Beach Hotel 2']"
Alisia Beach Hotel,"['River Town Hotel', 'Aira Boutique Hotel & Spa', 'Alisia Beach Hotel 1', 'Alisia Beach Hotel 2', 'An Phat Hotel', 'Ancient House Resort & Spa', 'Belle Maison Parosand', 'Changed Hotel Ba Đoàn 2 Hotel', 'Changed Hotel Aloft Chicago', 'Changed Hotel Aira Boutique Hotel & Spa 1']"
Tropical Villa,"['Aira Boutique Hotel & Spa', 'Alisia Beach Hotel 1', 'Aloft Chicago', 'An Phat Hotel', 'Ancient House Resort & Spa', 'Ba Đoàn 2 Hotel', 'Belle Maison Parosand', 'Changed Hotel Alisia Beach Hotel 2', 'Changed Hotel Alisia Beach Hotel', 'Changed Hotel Aira Boutique Hotel & Spa 1']"
The New View,"['Aira Boutique Hotel & Spa 1', 'Alisia Beach Hotel', 'Alisia Beach Hotel 1', 'An Phat Hotel', 'Ancient House Resort & Spa', 'Ba Đoàn 2 Hotel', 'Belle Maison Parosand', 'Changed Hotel Aloft Chicago', 'Changed Hotel Aira Boutique Hotel & Spa', 'Changed Hotel Alisia Beach Hotel 2']"
Venture Hotel,"['Alisia Beach Hotel', 'Alisia Beach Hotel 1', 'Alisia Beach Hotel 2', 'Aloft Chicago', 'An Phat Hotel', 'Ba Đoàn 2 Hotel', 'Belle Maison Parosand', 'Changed Hotel Aira Boutique Hotel & Spa 1', 'Changed Hotel Ancient House Resort & Spa', 'Changed Hotel Aira Boutique Hotel & Spa']"
Alisia Beach Hotel 1,"['Aira Boutique Hotel & Spa', 'Aira Boutique Hotel & Spa 1', 'Alisia Beach Hotel 2', 'Aloft Chicago', 'An Phat Hotel', 'Ancient House Resort & Spa', 'Belle Maison Parosand', 'Changed Hotel Belle Maison Parosand 1', 'Changed Hotel Alisia Beach Hotel', 'Changed Hotel Ba Đoàn 2 Hotel']"
Khách sạn Sekong,"['Alisia Beach Hotel', 'Alisia Beach Hotel 2', 'Aloft Chicago', 'An Phat Hotel', 'Ancient House Resort & Spa', 'Ba Đoàn 2 Hotel', 'Belle Maison Parosand', 'Changed Hotel Aira Boutique Hotel & Spa', 'Changed Hotel Aira Boutique Hotel & Spa 1', 'Changed Hotel Alisia Beach Hotel 1']"
Four Seasons Hotel Gresham Palace,"['Aira Boutique Hotel & Spa 1', 'Alisia Beach Hotel 1', 'Alisia Beach Hotel 2', 'Aloft Chicago', 'An Phat Hotel', 'Ancient House Resort & Spa', 'Ba Đoàn 2 Hotel', 'Changed Hotel Alisia Beach Hotel', 'Changed Hotel Aira Boutique Hotel & Spa', 'Changed Hotel Belle Maison Parosand']"
Denali Perch Resort,"['Aira Boutique Hotel & Spa 1', 'Alisia Beach Hotel 1', 'Aloft Chicago', 'An Phat Hotel', 'Ancient House Resort & Spa', 'Ba Đoàn 2 Hotel', 'Belle Maison Parosand', 'Changed Hotel Alisia Beach Hotel', 'Changed Hotel Aira Boutique Hotel & Spa', 'Changed Hotel Alisia Beach Hotel 2']"
Khách sạn Sekong 1,"['Aira Boutique Hotel & Spa', 'Aira Boutique Hotel & Spa 1', 'Alisia Beach Hotel', 'Alisia Beach Hotel 1', 'Alisia Beach Hotel 2', 'An Phat Hotel', 'Ba Đoàn 2 Hotel', 'Changed Hotel Ancient House Resort & Spa', 'Changed Hotel Aloft Chicago', 'Changed Hotel Belle Maison Parosand']"
Sizzling inn,"['Aira Boutique Hotel & Spa', 'Alisia Beach Hotel', 'Alisia Beach Hotel 2', 'Aloft Chicago', 'An Phat Hotel', 'Ancient House Resort & Spa', 'Belle Maison Parosand', 'Changed Hotel Alisia Beach Hotel 1', 'Changed Hotel Aira Boutique Hotel & Spa 1', 'Changed Hotel Ba Đoàn 2 Hotel']"
Belle Maison Parosand,"['Aira Boutique Hotel & Spa', 'Alisia Beach Hotel 1', 'Alisia Beach Hotel 2', 'Aloft Chicago', 'An Phat Hotel', 'Ancient House Resort & Spa', 'Ba Đoàn 2 Hotel', 'Changed Hotel Belle Maison Parosand 1', 'Changed Hotel Alisia Beach Hotel', 'Changed Hotel Aira Boutique Hotel & Spa 1']"
Hotel Lemonade,"['Aira Boutique Hotel & Spa', 'Aira Boutique Hotel & Spa 1', 'Alisia Beach Hotel', 'Alisia Beach Hotel 1', 'Aloft Chicago', 'An Phat Hotel', 'Ba Đoàn 2 Hotel', 'Changed Hotel Alisia Beach Hotel 2', 'Changed Hotel Ancient House Resort & Spa', 'Changed Hotel Belle Maison Parosand']"
Khách sạn Essenza Hotel & Spa,"['Aira Boutique Hotel & Spa', 'Alisia Beach Hotel 2', 'Aloft Chicago', 'An Phat Hotel', 'Ancient House Resort & Spa', 'Ba Đoàn 2 Hotel', 'Belle Maison Parosand', 'Changed Hotel Alisia Beach Hotel 1', 'Changed Hotel Aira Boutique Hotel & Spa 1', 'Changed Hotel Alisia Beach Hotel']"
River Town Hotel,"['Aira Boutique Hotel & Spa', 'Aira Boutique Hotel & Spa 1', 'Alisia Beach Hotel 1', 'Alisia Beach Hotel 2', 'Aloft Chicago', 'An Phat Hotel', 'Belle Maison Parosand', 'Changed Hotel Alisia Beach Hotel', 'Changed Hotel Ancient House Resort & Spa', 'Changed Hotel Ba Đoàn 2 Hotel']"
Satya Hotel 1,"['Hoa Anh Đào Motel', 'Aira Boutique Hotel & Spa 1', 'Alisia Beach Hotel', 'Alisia Beach Hotel 1', 'Alisia Beach Hotel 2', 'An Phat Hotel', 'Ancient House Resort & Spa', 'Changed Hotel Aloft Chicago', 'Changed Hotel Aira Boutique Hotel & Spa', 'Changed Hotel Ba Đoàn 2 Hotel']"
Aira Boutique Hotel & Spa,"['Aira Boutique Hotel & Spa 1', 'Alisia Beach Hotel', 'Alisia Beach Hotel 1', 'Alisia Beach Hotel 2', 'Aloft Chicago', 'An Phat Hotel', 'Ancient House Resort & Spa', 'Changed Hotel Hoàng Anh Côn Đảo Hotel', 'Changed Hotel Ba Đoàn 2 Hotel', 'Changed Hotel Belle Maison Parosand']"
Khách sạn Ngọc Phát,"['Homstay Thanh Sơn', 'Aira Boutique Hotel & Spa', 'Aira Boutique Hotel & Spa 1', 'Alisia Beach Hotel 1', 'Aloft Chicago', 'An Phat Hotel', 'Ba Đoàn 2 Hotel', 'Changed Hotel Alisia Beach Hotel 2', 'Changed Hotel Ancient House Resort & Spa', 'Changed Hotel Alisia Beach Hotel']"
Thanh Binh Riverside,"['Nhà Của Gió Homestay', 'Aira Boutique Hotel & Spa', 'Alisia Beach Hotel', 'Alisia Beach Hotel 1', 'An Phat Hotel', 'Ancient House Resort & Spa', 'Ba Đoàn 2 Hotel', 'Changed Hotel Alisia Beach Hotel 2', 'Changed Hotel Aloft Chicago', 'Changed Hotel Aira Boutique Hotel & Spa 1']"
Four Seasons Hotel Gresham Palace 1,"['Ngọc Anh Hotel', 'Aira Boutique Hotel & Spa', 'Aira Boutique Hotel & Spa 1', 'Alisia Beach Hotel 1', 'Alisia Beach Hotel 2', 'Aloft Chicago', 'An Phat Hotel', 'Changed Hotel Alisia Beach Hotel', 'Changed Hotel Ba Đoàn 2 Hotel', 'Changed Hotel Ancient House Resort & Spa']"
Staybridge Suites,"['Hotel Minh Thắng 2', 'Aira Boutique Hotel & Spa', 'Alisia Beach Hotel', 'Alisia Beach Hotel 2', 'Aloft Chicago', 'Ancient House Resort & Spa', 'Ba Đoàn 2 Hotel', 'Changed Hotel An Phat Hotel', 'Changed Hotel Alisia Beach Hotel 1', 'Changed Hotel Aira Boutique Hotel & Spa 1']"
Lasenta Boutique Hotel,"['Little Home Homestay', 'Aira Boutique Hotel & Spa', 'Aira Boutique Hotel & Spa 1', 'Alisia Beach Hotel', 'Alisia Beach Hotel 2', 'An Phat Hotel', 'Ancient House Resort & Spa', 'Changed Hotel Aloft Chicago', 'Changed Hotel Alisia Beach Hotel 1', 'Changed Hotel Ba Đoàn 2 Hotel']"
TTC Ngọc Lan Hotel,"['Sao Mai hotel', 'Aira Boutique Hotel & Spa', 'Alisia Beach Hotel', 'Alisia Beach Hotel 2', 'An Phat Hotel', 'Ancient House Resort & Spa', 'Ba Đoàn 2 Hotel', 'Changed Hotel Alisia Beach Hotel 1', 'Changed Hotel Aira Boutique Hotel & Spa 1', 'Changed Hotel Aloft Chicago']"
Historic Hotel,"['Aira Boutique Hotel & Spa', 'Alisia Beach Hotel', 'Alisia Beach Hotel 1', 'Alisia Beach Hotel 2', 'Aloft Chicago', 'An Phat Hotel', 'Ba Đoàn 2 Hotel', 'Changed Hotel Ancient House Resort & Spa', 'Changed Hotel Aira Boutique Hotel & Spa 1', 'Changed Hotel SaoConDor Hotel']"
Aira Boutique Hotel & Spa 1,"['Con Son Green Island', 'Alisia Beach Hotel 1', 'Alisia Beach Hotel 2', 'Aloft Chicago', 'An Phat Hotel', 'Ancient House Resort & Spa', 'Belle Maison Parosand', 'Changed Hotel Ba Đoàn 2 Hotel', 'Changed Hotel Alisia Beach Hotel', 'Changed Hotel Aira Boutique Hotel & Spa']"
Richico Apartments And Hotel,"['Conson Hotel', 'Aira Boutique Hotel & Spa', 'Alisia Beach Hotel 1', 'Aloft Chicago', 'An Phat Hotel', 'Ancient House Resort & Spa', 'Ba Đoàn 2 Hotel', 'Changed Hotel Alisia Beach Hotel 2', 'Changed Hotel Alisia Beach Hotel', 'Changed Hotel Aira Boutique Hotel & Spa 1']"
River Suites,"['Aira Boutique Hotel & Spa', 'Aira Boutique Hotel & Spa 1', 'Alisia Beach Hotel', 'Alisia Beach Hotel 1', 'Aloft Chicago', 'An Phat Hotel', 'Ancient House Resort & Spa', 'Changed Hotel Alisia Beach Hotel 2', 'Changed Hotel Ba Đoàn 2 Hotel', 'Changed Hotel Belle Maison Parosand']"
Pavilion Hotel,"['Aira Boutique Hotel & Spa', 'Aira Boutique Hotel & Spa 1', 'Alisia Beach Hotel', 'Alisia Beach Hotel 1', 'Aloft Chicago', 'Ba Đoàn 2 Hotel', 'Belle Maison Parosand', 'Changed Hotel Alisia Beach Hotel 2', 'Changed Hotel Ancient House Resort & Spa', 'Changed Hotel An Phat Hotel']"
The Enchanted Garden 1,"['Aira Boutique Hotel & Spa 1', 'Alisia Beach Hotel 1', 'Alisia Beach Hotel 2', 'Aloft Chicago', 'An Phat Hotel', 'Ba Đoàn 2 Hotel', 'Belle Maison Parosand', 'Changed Hotel Alisia Beach Hotel', 'Changed Hotel Aira Boutique Hotel & Spa', 'Changed Hotel Ancient House Resort & Spa']"
Khách sạn Pansy,"['Aira Boutique Hotel & Spa 1', 'Alisia Beach Hotel', 'Alisia Beach Hotel 1', 'Aloft Chicago', 'An Phat Hotel', 'Ancient House Resort & Spa', 'Belle Maison Parosand', 'Changed Hotel Ba Đoàn 2 Hotel', 'Changed Hotel Alisia Beach Hotel 2', 'Changed Hotel Aira Boutique Hotel & Spa']"
Khách sạn River Prince,"['Aira Boutique Hotel & Spa 1', 'Alisia Beach Hotel', 'Alisia Beach Hotel 1', 'Alisia Beach Hotel 2', 'Ancient House Resort & Spa', 'Ba Đoàn 2 Hotel', 'Belle Maison Parosand', 'Changed Hotel Aloft Chicago', 'Changed Hotel An Phat Hotel', 'Changed Hotel Aira Boutique Hotel & Spa']"
Gemma Hotel & Apartment,"['Aira Boutique Hotel & Spa', 'Aira Boutique Hotel & Spa 1', 'Alisia Beach Hotel 1', 'Alisia Beach Hotel 2', 'Ancient House Resort & Spa', 'Ba Đoàn 2 Hotel', 'Belle Maison Parosand', 'Changed Hotel Alisia Beach Hotel', 'Changed Hotel An Phat Hotel', 'Changed Hotel Aloft Chicago']"
Khách sạn Hồng Tâm,"['Alisia Beach Hotel', 'Alisia Beach Hotel 1', 'Alisia Beach Hotel 2', 'Aloft Chicago', 'Ancient House Resort & Spa', 'Ba Đoàn 2 Hotel', 'Belle Maison Parosand', 'Changed Hotel Aira Boutique Hotel & Spa', 'Changed Hotel An Phat Hotel', 'Changed Hotel Aira Boutique Hotel & Spa 1']"
Serene Danang Hotel,"['Aira Boutique Hotel & Spa', 'Aira Boutique Hotel & Spa 1', 'Alisia Beach Hotel', 'Alisia Beach Hotel 1', 'Alisia Beach Hotel 2', 'An Phat Hotel', 'Ba Đoàn 2 Hotel', 'Changed Hotel Aloft Chicago', 'Changed Hotel Belle Maison Parosand', 'Changed Hotel Ancient House Resort & Spa']"
Cabrillo Inn & Suites,"['Aira Boutique Hotel & Spa 1', 'Alisia Beach Hotel', 'Alisia Beach Hotel 1', 'Alisia Beach Hotel 2', 'Aloft Chicago', 'Ancient House Resort & Spa', 'Belle Maison Parosand', 'Changed Hotel An Phat Hotel', 'Changed Hotel Aira Boutique Hotel & Spa', 'Changed Hotel Ba Đoàn 2 Hotel']"
Khách sạn Gia Điệu,"['Aira Boutique Hotel & Spa 1', 'Alisia Beach Hotel', 'Alisia Beach Hotel 2', 'Aloft Chicago', 'An Phat Hotel', 'Ba Đoàn 2 Hotel', 'Belle Maison Parosand', 'Changed Hotel Ancient House Resort & Spa', 'Changed Hotel Aira Boutique Hotel & Spa', 'Changed Hotel Alisia Beach Hotel 1']"
White Dove Hotels,"['Aira Boutique Hotel & Spa', 'Aira Boutique Hotel & Spa 1', 'Alisia Beach Hotel 1', 'Alisia Beach Hotel 2', 'An Phat Hotel', 'Ancient House Resort & Spa', 'Ba Đoàn 2 Hotel', 'Changed Hotel Belle Maison Parosand', 'Changed Hotel Aloft Chicago', 'Changed Hotel Alisia Beach Hotel']"
Super 8,"['Aira Boutique Hotel & Spa 1', 'Alisia Beach Hotel', 'Alisia Beach Hotel 1', 'An Phat Hotel', 'Ancient House Resort & Spa', 'Ba Đoàn 2 Hotel', 'Belle Maison Parosand', 'Changed Hotel Aloft Chicago', 'Changed Hotel Alisia Beach Hotel 2', 'Changed Hotel Aira Boutique Hotel & Spa']"
The Maxwell,"['Alisia Beach Hotel 1', 'Alisia Beach Hotel 2', 'Aloft Chicago', 'An Phat Hotel', 'Ancient House Resort & Spa', 'Ba Đoàn 2 Hotel', 'Belle Maison Parosand', 'Changed Hotel Alisia Beach Hotel', 'Changed Hotel Aira Boutique Hotel & Spa', 'Changed Hotel Aira Boutique Hotel & Spa 1']"
Rooftop Resort,"['Aira Boutique Hotel & Spa', 'Aira Boutique Hotel & Spa 1', 'Alisia Beach Hotel', 'Alisia Beach Hotel 1', 'Alisia Beach Hotel 2', 'Aloft Chicago', 'Ancient House Resort & Spa', 'Changed Hotel Belle Maison Parosand', 'Changed Hotel An Phat Hotel', 'Changed Hotel Ba Đoàn 2 Hotel']"
Khách sạn Misa,"['Aira Boutique Hotel & Spa 1', 'Alisia Beach Hotel', 'Alisia Beach Hotel 1', 'Alisia Beach Hotel 2', 'An Phat Hotel', 'Ancient House Resort & Spa', 'Ba Đoàn 2 Hotel', 'Changed Hotel Aloft Chicago', 'Changed Hotel Belle Maison Parosand', 'Changed Hotel Aira Boutique Hotel & Spa']"
Risemount Resort,"['Aira Boutique Hotel & Spa', 'Aira Boutique Hotel & Spa 1', 'Alisia Beach Hotel', 'Alisia Beach Hotel 1', 'Aloft Chicago', 'Ba Đoàn 2 Hotel', 'Belle Maison Parosand', 'Changed Hotel Ancient House Resort & Spa', 'Changed Hotel Alisia Beach Hotel 2', 'Changed Hotel An Phat Hotel']"
Pavilion Hotel 1,"['Aira Boutique Hotel & Spa 1', 'Alisia Beach Hotel', 'Alisia Beach Hotel 1', 'Aloft Chicago', 'An Phat Hotel', 'Ancient House Resort & Spa', 'Belle Maison Parosand', 'Changed Hotel Aira Boutique Hotel & Spa', 'Changed Hotel Ba Đoàn 2 Hotel', 'Changed Hotel Alisia Beach Hotel 2']"
Khách sạn Lan Anh,"['Aira Boutique Hotel & Spa', 'Alisia Beach Hotel', 'Alisia Beach Hotel 2', 'Aloft Chicago', 'An Phat Hotel', 'Ancient House Resort & Spa', 'Ba Đoàn 2 Hotel', 'Changed Hotel Aira Boutique Hotel & Spa 1', 'Changed Hotel Alisia Beach Hotel 1', 'Changed Hotel Belle Maison Parosand']"
Khách Sạn De An,"['Aira Boutique Hotel & Spa', 'Aira Boutique Hotel & Spa 1', 'Alisia Beach Hotel', 'Aloft Chicago', 'Ancient House Resort & Spa', 'Ba Đoàn 2 Hotel', 'Belle Maison Parosand', 'Changed Hotel An Phat Hotel', 'Changed Hotel Alisia Beach Hotel 1', 'Changed Hotel Alisia Beach Hotel 2']"
Khách sạn Ngọc Mai Phú,"['Aira Boutique Hotel & Spa', 'Alisia Beach Hotel', 'Alisia Beach Hotel 1', 'Aloft Chicago', 'An Phat Hotel', 'Ancient House Resort & Spa', 'Belle Maison Parosand', 'Changed Hotel Aira Boutique Hotel & Spa 1', 'Changed Hotel Alisia Beach Hotel 2', 'Changed Hotel Ba Đoàn 2 Hotel']"
Waypoint,"['Aira Boutique Hotel & Spa', 'Alisia Beach Hotel', 'Alisia Beach Hotel 2', 'Aloft Chicago', 'An Phat Hotel', 'Ba Đoàn 2 Hotel', 'Belle Maison Parosand', 'Changed Hotel Alisia Beach Hotel 1', 'Changed Hotel Aira Boutique Hotel & Spa 1', 'Changed Hotel Ancient House Resort & Spa']"
Khách Sạn Raon Apartment & Hotel,"['Aira Boutique Hotel & Spa', 'Aira Boutique Hotel & Spa 1', 'Alisia Beach Hotel', 'Alisia Beach Hotel 1', 'Aloft Chicago', 'Ba Đoàn 2 Hotel', 'Belle Maison Parosand', 'Changed Hotel Ancient House Resort & Spa', 'Changed Hotel An Phat Hotel', 'Changed Hotel Alisia Beach Hotel 2']"
TTC Ngọc Lan Hotel 1,"['Aira Boutique Hotel & Spa', 'Aira Boutique Hotel & Spa 1', 'Alisia Beach Hotel', 'Alisia Beach Hotel 1', 'An Phat Hotel', 'Ancient House Resort & Spa', 'Belle Maison Parosand', 'Changed Hotel Aloft Chicago', 'Changed Hotel Ba Đoàn 2 Hotel', 'Changed Hotel Alisia Beach Hotel 2']"
Grand Gold,"['Aira Boutique Hotel & Spa', 'Aira Boutique Hotel & Spa 1', 'Alisia Beach Hotel', 'Alisia Beach Hotel 2', 'Aloft Chicago', 'An Phat Hotel', 'Ba Đoàn 2 Hotel', 'Changed Hotel Alisia Beach Hotel 1', 'Changed Hotel Belle Maison Parosand', 'Changed Hotel Ancient House Resort & Spa']"
Lasenta Boutique Hotel 1,"['Aira Boutique Hotel & Spa', 'Aira Boutique Hotel & Spa 1', 'Alisia Beach Hotel 1', 'An Phat Hotel', 'Ancient House Resort & Spa', 'Ba Đoàn 2 Hotel', 'Belle Maison Parosand', 'Changed Hotel Aloft Chicago', 'Changed Hotel Alisia Beach Hotel 2', 'Changed Hotel Alisia Beach Hotel']"
Khách sạn Phú Hòa 1,"['Alisia Beach Hotel', 'Alisia Beach Hotel 1', 'Alisia Beach Hotel 2', 'Aloft Chicago', 'Ancient House Resort & Spa', 'Ba Đoàn 2 Hotel', 'Belle Maison Parosand', 'Changed Hotel An Phat Hotel', 'Changed Hotel Aira Boutique Hotel & Spa 1', 'Changed Hotel Aira Boutique Hotel & Spa']"
Khách sạn Gia Điệu 1,"['Aira Boutique Hotel & Spa', 'Aira Boutique Hotel & Spa 1', 'Alisia Beach Hotel 2', 'Aloft Chicago', 'An Phat Hotel', 'Ba Đoàn 2 Hotel', 'Belle Maison Parosand', 'Changed Hotel Alisia Beach Hotel 1', 'Changed Hotel Ancient House Resort & Spa', 'Changed Hotel Alisia Beach Hotel']"
Alisia Beach Hotel 2,"['Aira Boutique Hotel & Spa', 'Alisia Beach Hotel', 'Alisia Beach Hotel 1', 'Aloft Chicago', 'An Phat Hotel', 'Ba Đoàn 2 Hotel', 'Belle Maison Parosand', 'Changed Hotel Ancient House Resort & Spa', 'Changed Hotel Aira Boutique Hotel & Spa 1', 'Changed Hotel Belle Maison Parosand 1']"
Aloft Chicago,"['Alisia Beach Hotel', 'Alisia Beach Hotel 1', 'Alisia Beach Hotel 2', 'An Phat Hotel', 'Ba Đoàn 2 Hotel', 'Belle Maison Parosand', 'Belle Maison Parosand 1', 'Changed Hotel Aira Boutique Hotel & Spa 1', 'Changed Hotel Aira Boutique Hotel & Spa', 'Changed Hotel Ancient House Resort & Spa']"
Embassy Suites,"['Aira Boutique Hotel & Spa 1', 'Alisia Beach Hotel 1', 'Aloft Chicago', 'An Phat Hotel', 'Ancient House Resort & Spa', 'Ba Đoàn 2 Hotel', 'Belle Maison Parosand', 'Changed Hotel Alisia Beach Hotel 2', 'Changed Hotel Alisia Beach Hotel', 'Changed Hotel Aira Boutique Hotel & Spa']"
Soho Boutique Hotel,"['Aira Boutique Hotel & Spa', 'Aira Boutique Hotel & Spa 1', 'Alisia Beach Hotel', 'Alisia Beach Hotel 2', 'Aloft Chicago', 'An Phat Hotel', 'Ba Đoàn 2 Hotel', 'Changed Hotel Belle Maison Parosand', 'Changed Hotel Ancient House Resort & Spa', 'Changed Hotel Alisia Beach Hotel 1']"
Thanh Binh Riverside 1,"['Aira Boutique Hotel & Spa', 'Alisia Beach Hotel', 'Alisia Beach Hotel 1', 'Alisia Beach Hotel 2', 'An Phat Hotel', 'Ancient House Resort & Spa', 'Ba Đoàn 2 Hotel', 'Changed Hotel Belle Maison Parosand', 'Changed Hotel Aira Boutique Hotel & Spa 1', 'Changed Hotel Aloft Chicago']"
Belle Maison Parosand 1,"['Aira Boutique Hotel & Spa', 'Aira Boutique Hotel & Spa 1', 'Alisia Beach Hotel', 'Alisia Beach Hotel 1', 'Aloft Chicago', 'Ba Đoàn 2 Hotel', 'Belle Maison Parosand', 'Changed Hotel Ancient House Resort & Spa', 'Changed Hotel Alisia Beach Hotel 2', 'Changed Hotel An Phat Hotel']"
Historic Hotel 1,"['Alisia Beach Hotel', 'Alisia Beach Hotel 1', 'Alisia Beach Hotel 2', 'Aloft Chicago', 'An Phat Hotel', 'Ancient House Resort & Spa', 'Ba Đoàn 2 Hotel', 'Changed Hotel Aira Boutique Hotel & Spa', 'Changed Hotel Belle Maison Parosand', 'Changed Hotel Aira Boutique Hotel & Spa 1']"
Candlewood Hotel,"['Aira Boutique Hotel & Spa', 'Aira Boutique Hotel & Spa 1', 'Alisia Beach Hotel 1', 'Aloft Chicago', 'Ancient House Resort & Spa', 'Ba Đoàn 2 Hotel', 'Belle Maison Parosand', 'Changed Hotel An Phat Hotel', 'Changed Hotel Alisia Beach Hotel', 'Changed Hotel Alisia Beach Hotel 2']"
Khách sạn Hải Uyên,"['Aira Boutique Hotel & Spa', 'Aira Boutique Hotel & Spa 1', 'Alisia Beach Hotel 1', 'Alisia Beach Hotel 2', 'An Phat Hotel', 'Ba Đoàn 2 Hotel', 'Belle Maison Parosand', 'Changed Hotel Alisia Beach Hotel', 'Changed Hotel Aloft Chicago', 'Changed Hotel Ancient House Resort & Spa']"
Khách sạn Tuấn Vinh,"['Aira Boutique Hotel & Spa', 'Aira Boutique Hotel & Spa 1', 'Alisia Beach Hotel', 'An Phat Hotel', 'Ancient House Resort & Spa', 'Ba Đoàn 2 Hotel', 'Belle Maison Parosand', 'Changed Hotel Aloft Chicago', 'Changed Hotel Alisia Beach Hotel 1', 'Changed Hotel Alisia Beach Hotel 2']"
The James New York,"['Aira Boutique Hotel & Spa', 'Aira Boutique Hotel & Spa 1', 'Alisia Beach Hotel', 'Alisia Beach Hotel 1', 'Alisia Beach Hotel 2', 'An Phat Hotel', 'Ancient House Resort & Spa', 'Changed Hotel Belle Maison Parosand', 'Changed Hotel Aloft Chicago', 'Changed Hotel Ba Đoàn 2 Hotel']"
Khách sạn An An,"['Alisia Beach Hotel', 'Alisia Beach Hotel 2', 'Aloft Chicago', 'An Phat Hotel', 'Ancient House Resort & Spa', 'Ba Đoàn 2 Hotel', 'Belle Maison Parosand', 'Changed Hotel Alisia Beach Hotel 1', 'Changed Hotel Aira Boutique Hotel & Spa 1', 'Changed Hotel Aira Boutique Hotel & Spa']"
Fusion Suites Beach,"['Aira Boutique Hotel & Spa', 'Aira Boutique Hotel & Spa 1', 'Alisia Beach Hotel', 'Alisia Beach Hotel 1', 'Alisia Beach Hotel 2', 'Aloft Chicago', 'Ba Đoàn 2 Hotel', 'Changed Hotel An Phat Hotel', 'Changed Hotel Ancient House Resort & Spa', 'Changed Hotel Belle Maison Parosand']"
Khách sạn Đông Dương,"['Aira Boutique Hotel & Spa 1', 'Alisia Beach Hotel', 'Alisia Beach Hotel 1', 'Alisia Beach Hotel 2', 'Aloft Chicago', 'Ancient House Resort & Spa', 'Belle Maison Parosand', 'Changed Hotel An Phat Hotel', 'Changed Hotel Aira Boutique Hotel & Spa', 'Changed Hotel Ba Đoàn 2 Hotel']"
Chic Land,"['Aira Boutique Hotel & Spa', 'Alisia Beach Hotel 1', 'Alisia Beach Hotel 2', 'Aloft Chicago', 'An Phat Hotel', 'Ancient House Resort & Spa', 'Belle Maison Parosand', 'Changed Hotel Ba Đoàn 2 Hotel', 'Changed Hotel Alisia Beach Hotel', 'Changed Hotel Aira Boutique Hotel & Spa 1']"
Serene Danang Hotel 1,"['Aira Boutique Hotel & Spa', 'Alisia Beach Hotel', 'Alisia Beach Hotel 2', 'Aloft Chicago', 'Ancient House Resort & Spa', 'Ba Đoàn 2 Hotel', 'Belle Maison Parosand', 'Changed Hotel Aira Boutique Hotel & Spa 1', 'Changed Hotel Alisia Beach Hotel 1', 'Changed Hotel An Phat Hotel']"
River Town Hotel 1,"['Aira Boutique Hotel & Spa', 'Aira Boutique Hotel & Spa 1', 'Alisia Beach Hotel 1', 'Alisia Beach Hotel 2', 'Aloft Chicago', 'An Phat Hotel', 'Ancient House Resort & Spa', 'Changed Hotel Belle Maison Parosand', 'Changed Hotel Alisia Beach Hotel', 'Changed Hotel Ba Đoàn 2 Hotel']"
Serene Danang Hotel 2,"['Aira Boutique Hotel & Spa 1', 'Alisia Beach Hotel 1', 'Alisia Beach Hotel 2', 'Aloft Chicago', 'An Phat Hotel', 'Ancient House Resort & Spa', 'Belle Maison Parosand', 'Changed Hotel Alisia Beach Hotel', 'Changed Hotel Aira Boutique Hotel & Spa', 'Changed Hotel Ba Đoàn 2 Hotel']"
Royal Place,"['Aira Boutique Hotel & Spa', 'Aira Boutique Hotel & Spa 1', 'Alisia Beach Hotel', 'Alisia Beach Hotel 1', 'Alisia Beach Hotel 2', 'An Phat Hotel', 'Belle Maison Parosand', 'Changed Hotel Aloft Chicago', 'Changed Hotel Ancient House Resort & Spa', 'Changed Hotel Ba Đoàn 2 Hotel']"
Historic Hotel 2,"['Alisia Beach Hotel', 'Alisia Beach Hotel 1', 'Alisia Beach Hotel 2', 'Aloft Chicago', 'An Phat Hotel', 'Ancient House Resort & Spa', 'Ba Đoàn 2 Hotel', 'Changed Hotel Belle Maison Parosand', 'Changed Hotel Aira Boutique Hotel & Spa 1', 'Changed Hotel Aira Boutique Hotel & Spa']"
The Cartwright Hotel,"['Aira Boutique Hotel & Spa 1', 'Alisia Beach Hotel', 'Alisia Beach Hotel 1', 'Alisia Beach Hotel 2', 'An Phat Hotel', 'Ancient House Resort & Spa', 'Ba Đoàn 2 Hotel', 'Changed Hotel Aloft Chicago', 'Changed Hotel Belle Maison Parosand', 'Changed Hotel Aira Boutique Hotel & Spa']"
Khách sạn My Ty,"['Aira Boutique Hotel & Spa', 'Aira Boutique Hotel & Spa 1', 'Alisia Beach Hotel', 'Alisia Beach Hotel 1', 'Alisia Beach Hotel 2', 'Aloft Chicago', 'Ba Đoàn 2 Hotel', 'Changed Hotel Ancient House Resort & Spa', 'Changed Hotel Belle Maison Parosand', 'Changed Hotel An Phat Hotel']"
YN’S HOME – Homestay,"['Aira Boutique Hotel & Spa', 'Aira Boutique Hotel & Spa 1', 'Alisia Beach Hotel', 'Aloft Chicago', 'An Phat Hotel', 'Ba Đoàn 2 Hotel', 'Belle Maison Parosand', 'Changed Hotel Ancient House Resort & Spa', 'Changed Hotel Alisia Beach Hotel 2', 'Changed Hotel Alisia Beach Hotel 1']"
White Dove Hotels 1,"['Aira Boutique Hotel & Spa', 'Aira Boutique Hotel & Spa 1', 'Alisia Beach Hotel 2', 'Aloft Chicago', 'An Phat Hotel', 'Ancient House Resort & Spa', 'Belle Maison Parosand', 'Changed Hotel Alisia Beach Hotel', 'Changed Hotel Alisia Beach Hotel 1', 'Changed Hotel Ba Đoàn 2 Hotel']"
Four Points,"['Aira Boutique Hotel & Spa', 'Aira Boutique Hotel & Spa 1', 'Alisia Beach Hotel', 'Alisia Beach Hotel 2', 'An Phat Hotel', 'Ba Đoàn 2 Hotel', 'Belle Maison Parosand', 'Changed Hotel Alisia Beach Hotel 1', 'Changed Hotel Aloft Chicago', 'Changed Hotel Ancient House Resort & Spa']"
Khách sạn River Prince 1,"['Alisia Beach Hotel', 'Alisia Beach Hotel 1', 'Aloft Chicago', 'An Phat Hotel', 'Ancient House Resort & Spa', 'Ba Đoàn 2 Hotel', 'Belle Maison Parosand', 'Changed Hotel Aira Boutique Hotel & Spa 1', 'Changed Hotel Aira Boutique Hotel & Spa', 'Changed Hotel Alisia Beach Hotel 2']"
Khách sạn An An 1,"['Aira Boutique Hotel & Spa', 'Alisia Beach Hotel 1', 'Aloft Chicago', 'An Phat Hotel', 'Ancient House Resort & Spa', 'Ba Đoàn 2 Hotel', 'Belle Maison Parosand', 'Changed Hotel Alisia Beach Hotel', 'Changed Hotel Aira Boutique Hotel & Spa 1', 'Changed Hotel Alisia Beach Hotel 2']"
Wonder Resort,"['Aira Boutique Hotel & Spa', 'Aira Boutique Hotel & Spa 1', 'Alisia Beach Hotel', 'An Phat Hotel', 'Ancient House Resort & Spa', 'Ba Đoàn 2 Hotel', 'Belle Maison Parosand', 'Changed Hotel Alisia Beach Hotel 1', 'Changed Hotel Aloft Chicago', 'Changed Hotel Alisia Beach Hotel 2']"
Sizzling inn 1,"['Aira Boutique Hotel & Spa', 'Aira Boutique Hotel & Spa 1', 'Alisia Beach Hotel 2', 'An Phat Hotel', 'Ancient House Resort & Spa', 'Ba Đoàn 2 Hotel', 'Belle Maison Parosand', 'Changed Hotel Aloft Chicago', 'Changed Hotel Alisia Beach Hotel', 'Changed Hotel Alisia Beach Hotel 1']"
Khách sạn Gia Điệu 2,"['Aira Boutique Hotel & Spa', 'Aira Boutique Hotel & Spa 1', 'Alisia Beach Hotel 1', 'Alisia Beach Hotel 2', 'An Phat Hotel', 'Ba Đoàn 2 Hotel', 'Belle Maison Parosand', 'Changed Hotel Alisia Beach Hotel', 'Changed Hotel Aloft Chicago', 'Changed Hotel Ancient House Resort & Spa']"
The Cartwright Hotel 1,"['Aira Boutique Hotel & Spa', 'Aira Boutique Hotel & Spa 1', 'Alisia Beach Hotel', 'An Phat Hotel', 'Ancient House Resort & Spa', 'Ba Đoàn 2 Hotel', 'Belle Maison Parosand', 'Changed Hotel Aloft Chicago', 'Changed Hotel Alisia Beach Hotel 1', 'Changed Hotel Alisia Beach Hotel 2']"
Hampton Inn & Suites,"['Aira Boutique Hotel & Spa', 'Aira Boutique Hotel & Spa 1', 'Alisia Beach Hotel', 'Alisia Beach Hotel 1', 'Aloft Chicago', 'Ba Đoàn 2 Hotel', 'Belle Maison Parosand', 'Changed Hotel Ancient House Resort & Spa', 'Changed Hotel An Phat Hotel', 'Changed Hotel Alisia Beach Hotel 2']"
Khách sạn Ngọc Mai Phú 1,"['Aira Boutique Hotel & Spa 1', 'Alisia Beach Hotel', 'Alisia Beach Hotel 1', 'Alisia Beach Hotel 2', 'Aloft Chicago', 'Ba Đoàn 2 Hotel', 'Belle Maison Parosand', 'Changed Hotel Aira Boutique Hotel & Spa', 'Changed Hotel An Phat Hotel', 'Changed Hotel Ancient House Resort & Spa']"
Rodeway Inn,"['Aira Boutique Hotel & Spa 1', 'Alisia Beach Hotel', 'Alisia Beach Hotel 1', 'Alisia Beach Hotel 2', 'An Phat Hotel', 'Ancient House Resort & Spa', 'Ba Đoàn 2 Hotel', 'Changed Hotel Aira Boutique Hotel & Spa', 'Changed Hotel Aloft Chicago', 'Changed Hotel Belle Maison Parosand']"
Khách sạn Misa 1,"['Aira Boutique Hotel & Spa', 'Aira Boutique Hotel & Spa 1', 'Alisia Beach Hotel', 'Alisia Beach Hotel 1', 'Alisia Beach Hotel 2', 'An Phat Hotel', 'Ancient House Resort & Spa', 'Changed Hotel Belle Maison Parosand', 'Changed Hotel Aloft Chicago', 'Changed Hotel Ba Đoàn 2 Hotel']"
The Enchanted Garden 2,"['Aira Boutique Hotel & Spa 1', 'Alisia Beach Hotel', 'Alisia Beach Hotel 2', 'Aloft Chicago', 'An Phat Hotel', 'Ba Đoàn 2 Hotel', 'Belle Maison Parosand', 'Changed Hotel Aira Boutique Hotel & Spa', 'Changed Hotel Alisia Beach Hotel 1', 'Changed Hotel Ancient House Resort & Spa']"
Rodeway Inn 1,"['Aira Boutique Hotel & Spa', 'Aira Boutique Hotel & Spa 1', 'Alisia Beach Hotel 2', 'Aloft Chicago', 'Ancient House Resort & Spa', 'Ba Đoàn 2 Hotel', 'Belle Maison Parosand', 'Changed Hotel An Phat Hotel', 'Changed Hotel Alisia Beach Hotel 1', 'Changed Hotel Alisia Beach Hotel']"
Khách sạn Essenza Hotel & Spa 1,"['Aira Boutique Hotel & Spa', 'Aira Boutique Hotel & Spa 1', 'Alisia Beach Hotel', 'Alisia Beach Hotel 2', 'Aloft Chicago', 'An Phat Hotel', 'Ancient House Resort & Spa', 'Changed Hotel Alisia Beach Hotel 1', 'Changed Hotel Ba Đoàn 2 Hotel', 'Changed Hotel Belle Maison Parosand']"
Fusion Suites Beach 1,"['Aira Boutique Hotel & Spa 1', 'Alisia Beach Hotel', 'Alisia Beach Hotel 1', 'Aloft Chicago', 'An Phat Hotel', 'Ba Đoàn 2 Hotel', 'Belle Maison Parosand', 'Changed Hotel Ancient House Resort & Spa', 'Changed Hotel Aira Boutique Hotel & Spa', 'Changed Hotel Alisia Beach Hotel 2']"
Soho Boutique Hotel 1,"['Aira Boutique Hotel & Spa', 'Alisia Beach Hotel', 'Alisia Beach Hotel 1', 'Alisia Beach Hotel 2', 'Aloft Chicago', 'An Phat Hotel', 'Ancient House Resort & Spa', 'Changed Hotel Aira Boutique Hotel & Spa 1', 'Changed Hotel Belle Maison Parosand', 'Changed Hotel Ba Đoàn 2 Hotel']"
Richico Apartments And Hotel 1,"['Aira Boutique Hotel & Spa', 'Alisia Beach Hotel', 'Alisia Beach Hotel 1', 'Alisia Beach Hotel 2', 'Aloft Chicago', 'Ancient House Resort & Spa', 'Belle Maison Parosand', 'Changed Hotel Aira Boutique Hotel & Spa 1', 'Changed Hotel An Phat Hotel', 'Changed Hotel Ba Đoàn 2 Hotel']"
Khách sạn Ngọc Mai Phú 2,"['Aira Boutique Hotel & Spa', 'Aira Boutique Hotel & Spa 1', 'Alisia Beach Hotel 1', 'Aloft Chicago', 'An Phat Hotel', 'Ancient House Resort & Spa', 'Ba Đoàn 2 Hotel', 'Changed Hotel Alisia Beach Hotel 2', 'Changed Hotel Alisia Beach Hotel', 'Changed Hotel Belle Maison Parosand']"
Jolly House Đà Lạt,"['Aira Boutique Hotel & Spa', 'Aira Boutique Hotel & Spa 1', 'Alisia Beach Hotel', 'Alisia Beach Hotel 1', 'Aloft Chicago', 'An Phat Hotel', 'Ba Đoàn 2 Hotel', 'Changed Hotel Alisia Beach Hotel 2', 'Changed Hotel Belle Maison Parosand', 'Changed Hotel Ancient House Resort & Spa']"
Belle Maison Parosand 2,"['Aira Boutique Hotel & Spa', 'Alisia Beach Hotel 2', 'Aloft Chicago', 'An Phat Hotel', 'Ancient House Resort & Spa', 'Ba Đoàn 2 Hotel', 'Belle Maison Parosand', 'Changed Hotel Aira Boutique Hotel & Spa 1', 'Changed Hotel Alisia Beach Hotel', 'Changed Hotel Alisia Beach Hotel 1']"
Khách sạn Misa 2,"['Aira Boutique Hotel & Spa', 'Aira Boutique Hotel & Spa 1', 'Alisia Beach Hotel', 'Alisia Beach Hotel 2', 'Aloft Chicago', 'An Phat Hotel', 'Ba Đoàn 2 Hotel', 'Changed Hotel Belle Maison Parosand', 'Changed Hotel Alisia Beach Hotel 1', 'Changed Hotel Ancient House Resort & Spa']"
San Marino Boutique,"['Aira Boutique Hotel & Spa', 'Aira Boutique Hotel & Spa 1', 'Alisia Beach Hotel', 'Alisia Beach Hotel 2', 'An Phat Hotel', 'Ba Đoàn 2 Hotel', 'Belle Maison Parosand', 'Changed Hotel Alisia Beach Hotel 1', 'Changed Hotel Ancient House Resort & Spa', 'Changed Hotel Aloft Chicago']"
Khách sạn Lan Anh 1,"['Aira Boutique Hotel & Spa', 'Aira Boutique Hotel & Spa 1', 'Alisia Beach Hotel', 'Alisia Beach Hotel 1', 'Alisia Beach Hotel 2', 'Aloft Chicago', 'Belle Maison Parosand', 'Changed Hotel Ancient House Resort & Spa', 'Changed Hotel Ba Đoàn 2 Hotel', 'Changed Hotel An Phat Hotel']"
Khách sạn Raon Beach,"['Aira Boutique Hotel & Spa', 'Aira Boutique Hotel & Spa 1', 'Alisia Beach Hotel', 'Alisia Beach Hotel 2', 'Aloft Chicago', 'An Phat Hotel', 'Ancient House Resort & Spa', 'Changed Hotel Ba Đoàn 2 Hotel', 'Changed Hotel Alisia Beach Hotel 1', 'Changed Hotel Belle Maison Parosand']"
Paris Deli Beach Hotel,"['Aira Boutique Hotel & Spa', 'Alisia Beach Hotel', 'Alisia Beach Hotel 1', 'Aloft Chicago', 'An Phat Hotel', 'Ancient House Resort & Spa', 'Belle Maison Parosand', 'Changed Hotel Alisia Beach Hotel 2', 'Changed Hotel Aira Boutique Hotel & Spa 1', 'Changed Hotel Ba Đoàn 2 Hotel']"
Khách sạn Tuấn Vinh 1,"['Aira Boutique Hotel & Spa', 'Aira Boutique Hotel & Spa 1', 'Alisia Beach Hotel', 'Alisia Beach Hotel 2', 'Aloft Chicago', 'Ancient House Resort & Spa', 'Belle Maison Parosand', 'Changed Hotel Ba Đoàn 2 Hotel', 'Changed Hotel Alisia Beach Hotel 1', 'Changed Hotel An Phat Hotel']"
Villa Florence,"['Aira Boutique Hotel & Spa', 'Aira Boutique Hotel & Spa 1', 'Alisia Beach Hotel', 'Alisia Beach Hotel 1', 'Alisia Beach Hotel 2', 'Aloft Chicago', 'An Phat Hotel', 'Changed Hotel Ancient House Resort & Spa', 'Changed Hotel Belle Maison Parosand', 'Changed Hotel Ba Đoàn 2 Hotel']"
Staybridge Suites 1,"['Aira Boutique Hotel & Spa', 'Aira Boutique Hotel & Spa 1', 'Alisia Beach Hotel', 'Alisia Beach Hotel 1', 'Aloft Chicago', 'Ba Đoàn 2 Hotel', 'Belle Maison Parosand', 'Changed Hotel Alisia Beach Hotel 2', 'Changed Hotel An Phat Hotel', 'Changed Hotel Ancient House Resort & Spa']"
