User Name,Recommendations
Công Hào,"['Chau Ngân An Hotel Dalat', 'Mộc Yên Hotel', 'Phuong Vy Luxury Hotel', 'HouseChill Dalat Hotel', 'Queen T&T Dalat Hotel', ""Q's House Dalat"", 'SODA HOTEL', ""Changed Hotel La Pense'e Hotel - Dalat"", 'Changed Hotel White Horse Dalat Hotel', 'Changed Hotel Be U Hotel']"
Xuân Thu,"['Raon Villa - STAY 24H', 'Be U Hotel', 'An Garden Dalat', ""La Pense'e Hotel - Dalat"", 'DALAMOON HOTEL', 'Arya Dalat Hotel', 'SODA HOTEL', 'Changed Hotel AN Boutique Hotel - STAY 24H', 'Changed Hotel Vuon Xuan Hotel - STAY 24H', 'Changed Hotel Bazan Hotel Dalat - STAY 24H']"
Từ,"['Dalat Wind Hotel', 'Eco Home Da Lat', 'Ngan Pho Studio & Hotel', 'The Grace Hotel', 'Arapang Hotel 2', 'HouseChill Dalat Hotel', '688 Hotel Đà Lạt', 'Changed Hotel Be U Hotel', 'Changed Hotel Q-Center Dalat', ""Changed Hotel La Pense'e Hotel - Dalat""]"
Lập Thành,"['HouseChill Dalat Hotel', ""La Pense'e Hotel - Dalat"", 'Queen T&T Dalat Hotel', 'G House Da Lat', 'Brick House Dalat Hotel', 'Arapang Hotel 2', 'Duy Vinh Hotel Dalat', ""Changed Hotel Lien's Hotel Đà Lạt"", 'Changed Hotel Q-Center Dalat', 'Changed Hotel White Horse Dalat Hotel']"
Mộng Vy,"['GREENECO DA LAT HOTEL - Khách sạn Green Eco Đà Lạt', 'LE CIMENT - Apartment Hotel', ""La Pense'e Hotel - Dalat"", 'Pontus Hotel', 'Seven A Hotel', 'Greenview Dalat', 'Duy Vinh Hotel Dalat', 'Changed Hotel Be U Hotel', 'Changed Hotel LA VIE EN ROSE 2 Hotel', 'Changed Hotel An Mai Boutique Hotel']"
Thanh Thiên,"['Torino Hotel Dalat', 'Himalaya Phoenix Dalat Hotel', 'River Park Hotel Dalat', 'Interstella Hotel', 'ELC Dalat Hotel', ""La Pense'e Hotel - Dalat"", 'G House Da Lat', 'Changed Hotel HouseChill Dalat Hotel', 'Changed Hotel nhà cô Bông Đà Lạt', 'Changed Hotel Q-Center Dalat']"
Thanh Trang,"['AN Boutique Hotel - STAY 24H', 'Bazan Hotel Dalat - STAY 24H', 'Raon Villa - STAY 24H', 'Dalat Boutique Hotel', 'An Mai Boutique Hotel', 'Be U Hotel', 'Nature Boutique Hotel', 'Changed Hotel Hoàng Gia Boutique Hotel', 'Changed Hotel Le Soleil Boutique Hotel', 'Changed Hotel Vuon Xuan Hotel - STAY 24H']"
Minh Nguyệt,"['Vuon Xuan Hotel - STAY 24H', 'AN Boutique Hotel - STAY 24H', 'Raon Villa - STAY 24H', 'An Garden Dalat', 'Be U Hotel', 'Arapang 3 Hotel', 'M Hotel Đà Lạt', 'Changed Hotel Khanh Uyen 1 Hotel', ""Changed Hotel Q's House Dalat"", 'Changed Hotel Bazan Hotel Dalat - STAY 24H']"
Phi,"['TTR Vincent Hotel', 'TTR Skyview Hotel', 'Be U Hotel', 'Arapang Hotel 2', 'Hạ Na Hotel Đà Lạt', 'Duy Vinh Hotel Dalat', 'Khanh Uyen 1 Hotel', 'Changed Hotel Khanh Uyen 3 Hotel', 'Changed Hotel TTR Moonstone Apart Hotel', ""Changed Hotel Lien's Hotel Đà Lạt""]"
Minh Danh,"['Đà Lạt Thanh Xuân Boutique Hotel', 'Tường Phương Hotel', 'TTR Studio Apart Hotel', 'Moc Thach Blue House DaLat', 'G House Da Lat', 'Europa Hotel', 'Thung Lũng Xanh TQK Hotel 1', 'Changed Hotel Huong Mai Hotel', 'Changed Hotel Dalat Eco Hotel', 'Changed Hotel Daruma Home']"
Hữu Lương,"['Lovely House', 'G House Da Lat', 'Khanh Uyen 3 Hotel', 'Brick House Dalat Hotel', 'Be U Hotel', 'An Garden Dalat', 'Nature Hotel', 'Changed Hotel ELC Dalat Hotel', ""Changed Hotel Q's House Dalat"", 'Changed Hotel Nhím House']"
Ðình Chiểu,"['Thanh Thanh Premier Dalat Hotel', 'HouseChill Dalat Hotel', 'Hotel Du Lys', 'Chau Ngân An Hotel Dalat 1', 'White Horse Dalat Hotel', ""The L'anmien - Villa T89"", 'Roy Dala Hotel', 'Changed Hotel M Hotel Đà Lạt 1', 'Changed Hotel Brick House Dalat Hotel', 'Changed Hotel G House Da Lat']"
Thanh Hà,"['Dalat Serene Villa', 'Jerry House Đà Lạt', 'The White Delux Hotel', 'Mai Hoang Da Lat Hotel', 'Be U Hotel', 'HANZ Chuong Hotel Dalat', 'Arapang Hotel 2', 'Changed Hotel HANZ Bao Hoang Hotel', ""Changed Hotel La Pense'e Hotel - Dalat"", 'Changed Hotel An Garden Dalat']"
Khai Minh,"['Miền Nhiệt Đới 2 Hotel', 'Khanh Uyen 1 Hotel', 'Be U Hotel', 'Thien Ly Hotel', 'An Garden Dalat', ""Lien's Hotel Đà Lạt"", 'Lilly Hotel Dalat', 'Changed Hotel SODA HOTEL', 'Changed Hotel Arapang 3 Hotel', 'Changed Hotel Dalat Boutique Hotel']"
Ngọc Ái,"['Le Marais Hotel Dalat', 'Be U Hotel', 'Le Récit Boutique Hôtel de Dalat', 'Le Soleil Boutique Hotel', ""Lien's Hotel Đà Lạt"", 'Tasme Hotel', 'Queen T&T Dalat Hotel', 'Changed Hotel Brick House Dalat Hotel', 'Changed Hotel Dalat Paradise Hotel', 'Changed Hotel Duy Vinh Hotel Dalat']"
Nam Phương,"['GREENECO DA LAT HOTEL - Khách sạn Green Eco Đà Lạt', 'LA VIE EN ROSE 2 Hotel', 'Khách sạn Hải Hoa Đà Lạt', 'M Hotel Đà Lạt', ""Lien's Hotel Đà Lạt"", 'Eco Home Da Lat', 'Green Meadow Dalat Hotel & Villa', 'Changed Hotel LE CIMENT - Apartment Hotel', 'Changed Hotel DALAT STREAM HOTEL-Khách sạn đẹp Đà Lạt', 'Changed Hotel Khách Sạn Đà Lạt View - Villa Đà Lạt']"
Phương Chi,"['Nature Hotel', 'Nature Boutique Hotel', 'Be U Hotel', ""Lien's Hotel Đà Lạt"", 'ELC Dalat Hotel', 'Lovely House', 'Queen T&T Dalat Hotel', 'Changed Hotel Huong Mai Hotel', 'Changed Hotel Khanh Uyen 3 Hotel', 'Changed Hotel An Garden Dalat']"
Công Ân,"['Da Lat Lemongrass - Đà Lạt Sả', 'Bazan Hotel Dalat - STAY 24H', 'AN Boutique Hotel - STAY 24H', 'Vuon Xuan Hotel - STAY 24H', 'Be U Hotel', ""La Pense'e Hotel - Dalat"", 'Khanh Uyen 1 Hotel', 'Changed Hotel Omirita Resort Dalat', 'Changed Hotel Raon Villa - STAY 24H', ""Changed Hotel Lien's Hotel Đà Lạt""]"
Huy Tường,"['TTR Central Apart Hotel', 'TTR Moonstone Apart Hotel', 'TTR Skyview Hotel', 'Now Home Dalat', ""N'Queen Villa"", 'Ngan Pho Studio & Hotel', 'An Garden Dalat', 'Changed Hotel TTR Vincent Hotel', 'Changed Hotel TTR Studio Apart Hotel', 'Changed Hotel LE CIMENT - Apartment Hotel']"
Tuấn Hùng,"['Dalat Eco Hotel', 'Đà Lạt Thanh Xuân Boutique Hotel', 'Chau Ngân An Hotel Dalat 1', 'La Fleur Premium Central Apartment', 'Sugar Land Villa Hotel', 'Lovely House 1', 'Ánh Phương Hotel Đà Lạt', 'Changed Hotel Nhím House 1', 'Changed Hotel Europa Hotel', 'Changed Hotel Tường Phương Hotel']"
Thủy Trang,"['ELC Dalat Hotel', 'The White Delux Hotel', 'G House Da Lat', ""La Pense'e Hotel - Dalat"", 'An Garden Dalat', 'Hạ Na Hotel Đà Lạt', 'Ánh Phương Hotel Đà Lạt', 'Changed Hotel Arapang Hotel 2', 'Changed Hotel Be U Hotel', 'Changed Hotel M Hotel Đà Lạt']"
Duy Thông,"['Phuong Vy Luxury Hotel', 'Mộc Yên Hotel', 'Phuong Vy Hotel', 'An Garden Dalat', 'Arapang 3 Hotel', 'Be U Hotel', 'La Fleur 2 Luxury Garden Hotel', 'Changed Hotel Thien Ly Hotel', 'Changed Hotel Chau Ngân An Hotel Dalat', 'Changed Hotel Khanh Uyen 1 Hotel']"
Thái Hà,"['Khanh Uyen 3 Hotel', 'An Garden Dalat', 'Royal Palace', 'TTR Vincent Hotel', 'Brick House Dalat Hotel', 'Be U Hotel', 'TTR Moonstone Apart Hotel', 'Changed Hotel Khanh Uyen 1 Hotel', 'Changed Hotel Lasol Boutique Hotel', 'Changed Hotel TTR Skyview Hotel']"
Hoài Hương,"['Sally Villa Homestay', 'Dalat Boutique Hotel', 'Dalat Paradise Hotel', 'Da Lat Lemongrass - Đà Lạt Sả', 'Lavie Villa', 'Ngọc Nguyên Homestay', 'Cuong Thinh Homestay Camping & Coffee', 'Changed Hotel An Garden Dalat', 'Changed Hotel Nấp ở TEEPEE homestay', 'Changed Hotel Duong Xua Villa']"
Xuyến,"['Ngan Pho Studio & Hotel', 'Eco Home Da Lat', 'HANZ Pho Hoa Hotel', ""N'Queen Villa"", 'Ngan Hoa - Mille Fleurs', 'Ngan Hoa - Mille Fleurs 02', 'Khách Sạn Tommy', 'Changed Hotel TTR Studio Apart Hotel', 'Changed Hotel Dalat Wind Hotel', 'Changed Hotel Daruma Home']"
Diễm Thảo,"['Lovely House 1', 'Moc Thach Hostel Dalat 1', 'Dalat Eco Hotel', 'La Fleur Premium Central Apartment', 'Dat Thien An Hotel 1', 'Chau Ngân An Hotel Dalat 1', 'Sugar Land Villa Hotel', 'Changed Hotel Lovely House', 'Changed Hotel Europa Hotel', 'Changed Hotel Đà Lạt Thanh Xuân Boutique Hotel']"
Hòa Thái,"['Himalaya Phoenix Dalat Hotel', 'Be U Hotel', 'Arapang Hotel 2', 'Torino Hotel Dalat', 'Q-Center Dalat', 'Khanh Uyen 1 Hotel', 'Arapang 3 Hotel', 'Changed Hotel An Garden Dalat', ""Changed Hotel Lien's Hotel Đà Lạt"", 'Changed Hotel The White Delux Hotel']"
Lâm Trường,"['Thanh Thanh Hotel', 'Thanh Anh 2 Hotel - Gần Chợ Đêm Đà Lạt', 'Be U Hotel', 'OYO 1195 Vu Thanh Hotel', ""Lien's Hotel Đà Lạt"", 'Khanh Uyen 3 Hotel', 'Arapang Hotel 2', 'Changed Hotel Interstella Hotel', 'Changed Hotel Tasme Hotel', 'Changed Hotel Brick House Dalat Hotel']"
Kiết Hồng,"['Hạ Na Hotel Đà Lạt', 'Ánh Phương Hotel Đà Lạt', ""Lien's Hotel Đà Lạt"", 'Khách sạn Hải Hoa Đà Lạt', 'Jerry House Đà Lạt', 'Dalat Boutique Hotel', 'Duy Vinh Hotel Dalat', 'Changed Hotel M Hotel Đà Lạt', 'Changed Hotel Be U Hotel', 'Changed Hotel 688 Hotel Đà Lạt']"
Thanh Hiếu,"['Himalaya Phoenix Dalat Hotel', 'White Horse Dalat Hotel', 'An Garden Dalat', 'Be U Hotel', 'Arapang Hotel 2', 'Khanh Uyen 3 Hotel', 'M Hotel Đà Lạt', 'Changed Hotel The White Delux Hotel', 'Changed Hotel Dalat Memory Inn', 'Changed Hotel ELC Dalat Hotel']"
Mỹ Hoàn,"['Khanh Uyen 1 Hotel', 'Arapang Hotel 2', 'Be U Hotel', 'Dalat Memory Inn', 'Duy Vinh Hotel Dalat', 'Q-Center Dalat', 'Pontus Hotel', 'Changed Hotel Sweet Lavender Hotel - Near Dalat Night Market', 'Changed Hotel An Garden Dalat', 'Changed Hotel Sugar Land Villa Hotel']"
Thơ Thơ,"['Be U Hotel', 'Dalat Serene Villa', ""Lien's Hotel Đà Lạt"", 'SODA HOTEL', 'An Mai Boutique Hotel', 'M Hotel Đà Lạt', ""La Pense'e Hotel - Dalat"", 'Changed Hotel An Garden Dalat', 'Changed Hotel GREENECO DA LAT HOTEL - Khách sạn Green Eco Đà Lạt', 'Changed Hotel Green Meadow Dalat Hotel & Villa']"
Thế Phương,"['Le Récit Boutique Hôtel de Dalat', 'Royal Dalat Hotel', 'Le Marais Hotel Dalat', 'Le Soleil Boutique Hotel', 'Dalat Boutique Hotel', 'An Mai Boutique Hotel', 'Nature Boutique Hotel', 'Changed Hotel Lavie Villa', 'Changed Hotel Mercure Dalat Resort', 'Changed Hotel Khách sạn Hải Hoa Đà Lạt']"
Phi Hoàng,"['Be U Hotel', ""Lien's Hotel Đà Lạt"", 'Arya Dalat Hotel', 'Arapang Hotel 2', 'M Hotel Đà Lạt', 'Q-Center Dalat', 'Greenview Dalat', 'Changed Hotel Sunset Hill Dalat', 'Changed Hotel An Garden Dalat', 'Changed Hotel Duy Vinh Hotel Dalat']"
Linh Hà,"['Minh Chien Hotel', 'HANZ Chuong Hotel Dalat', 'Tasme Hotel', 'Be U Hotel', 'Interstella Hotel', 'An Garden Dalat', 'Huong Mai Hotel', 'Changed Hotel Thanh Thanh Hotel', 'Changed Hotel Khanh Uyen 3 Hotel', 'Changed Hotel Ngọc Nguyên Homestay']"
Minh Vu,"['Khanh Uyen 3 Hotel', 'An Garden Dalat', 'TTR Skyview Hotel', 'Be U Hotel', ""Lien's Hotel Đà Lạt"", 'G House Da Lat', 'Arapang Hotel 2', 'Changed Hotel Lasol Boutique Hotel', 'Changed Hotel Khanh Uyen 1 Hotel', 'Changed Hotel Royal Palace']"
Cao Nguyên,"['Khanh Uyen 1 Hotel', 'Sugar Land Villa Hotel', 'Be U Hotel', 'Thien Ly Hotel', 'An Garden Dalat', ""Lien's Hotel Đà Lạt"", 'Xuan Cuong Hotel', 'Changed Hotel Arapang 3 Hotel', 'Changed Hotel Sweet Lavender Hotel - Near Dalat Night Market', 'Changed Hotel Khanh Uyen 3 Hotel']"
Thành Thiện,"['Dalat Boutique Hotel', 'Dalat Paradise Hotel', 'Sally Villa Homestay', 'Lasol Boutique Hotel', 'Hoàng Gia Boutique Hotel', 'Nature Boutique Hotel', 'Le Soleil Boutique Hotel', 'Changed Hotel AN Boutique Hotel - STAY 24H', 'Changed Hotel An Mai Boutique Hotel', 'Changed Hotel Hạ Na Hotel Đà Lạt']"
Mạnh Tấn,"[""Lien's Hotel Đà Lạt"", 'Duy Vinh Hotel Dalat', 'Khanh Uyen 3 Hotel', 'M Hotel Đà Lạt', '688 Hotel Đà Lạt', 'Khanh Uyen 1 Hotel', 'Arapang Hotel 2', 'Changed Hotel An Garden Dalat', 'Changed Hotel SODA HOTEL', 'Changed Hotel Be U Hotel']"
Hữu Cảnh,"['Seven A Hotel', 'OYO 1196 Le Vu Hotel', 'Pontus Hotel', 'Savio House', 'Phuong Vy Hotel', 'Duy Vinh Hotel Dalat', 'M Hotel Đà Lạt', 'Changed Hotel Ánh Phương Hotel Đà Lạt', 'Changed Hotel 688 Hotel Đà Lạt', 'Changed Hotel The Grace Hotel']"
Thúy Ngọc,"['Bear Brick Villa', 'The Morris Dalat Hotel', 'Lilly Hotel Dalat', 'Mộc Yên Hotel', 'Dalat Boutique Hotel', ""La Pense'e Hotel - Dalat"", 'Duy Vinh Hotel Dalat', 'Changed Hotel Xuan Cuong Hotel', 'Changed Hotel Brick House Dalat Hotel', 'Changed Hotel Ánh Phương Hotel Đà Lạt']"
Nghị Quyền,"['Nature Boutique Hotel', 'Dalat Boutique Hotel', 'An Mai Boutique Hotel', 'Le Soleil Boutique Hotel', 'Lasol Boutique Hotel', 'Be U Hotel', 'AN Boutique Hotel - STAY 24H', 'Changed Hotel Nature Hotel', 'Changed Hotel Queen T&T Dalat Hotel', 'Changed Hotel HouseChill Dalat Hotel']"
Việt Phong,"['Lavie Villa', 'Royal Dalat Hotel', 'Le Récit Boutique Hôtel de Dalat', 'Mercure Dalat Resort', 'ECOTIME Villa Da Lat', 'Dalat Serene Villa', 'Sally Villa Homestay', ""Changed Hotel N'Queen Villa"", 'Changed Hotel Duong Xua Villa', 'Changed Hotel Khách sạn Hải Hoa Đà Lạt']"
Thu Duyên,"['Nấp ở TEEPEE homestay', 'Da Lat Lemongrass - Đà Lạt Sả', 'Sally Villa Homestay', 'Cherry Suites Dalat', 'Cuong Thinh Homestay Camping & Coffee', 'Duong Xua Villa', ""Q's House Dalat"", 'Changed Hotel Moc Thach Blue House DaLat', 'Changed Hotel ECOTIME Villa Da Lat', 'Changed Hotel Ngọc Nguyên Homestay']"
Trung Chuyên,"['Dalat Serene Villa', ""Lien's Hotel Đà Lạt"", 'M Hotel Đà Lạt', 'Hạ Na Hotel Đà Lạt', '688 Hotel Đà Lạt', 'Ánh Phương Hotel Đà Lạt', 'DALAT STREAM HOTEL-Khách sạn đẹp Đà Lạt', 'Changed Hotel Jerry House Đà Lạt', 'Changed Hotel HANZ Bao Hoang Hotel', 'Changed Hotel New Sun Hotel Đà Lạt']"
Thúy Hương,"[""Lien's Hotel Đà Lạt"", '688 Hotel Đà Lạt', 'Jerry House Đà Lạt', 'Ánh Phương Hotel Đà Lạt', 'Khách Sạn Đà Lạt View - Villa Đà Lạt', 'Khách sạn Hải Hoa Đà Lạt', 'DALAT STREAM HOTEL-Khách sạn đẹp Đà Lạt', 'Changed Hotel New Life Hotel - Da Lat', 'Changed Hotel New Sun Hotel Đà Lạt', 'Changed Hotel M Hotel Đà Lạt']"
Tâm Nhi,"['President Hotel', 'Be U Hotel', ""Lien's Hotel Đà Lạt"", 'Khanh Uyen 3 Hotel', 'Khanh Uyen 1 Hotel', 'Anh Duc Da Lat Hotel', 'Huong Mai Hotel', 'Changed Hotel White Horse Dalat Hotel', 'Changed Hotel Arapang 3 Hotel', 'Changed Hotel Interstella Hotel']"
Mỹ Lan,"['Dat Thien An Hotel', 'Be U Hotel', 'G House Da Lat', 'Khanh Uyen 3 Hotel', ""Lien's Hotel Đà Lạt"", 'Duy Vinh Hotel Dalat', 'Khanh Uyen 1 Hotel', 'Changed Hotel Thien Ly Hotel', 'Changed Hotel Dalat Memory Inn', 'Changed Hotel The White Delux Hotel']"
Thanh Nguyên,"['Pontus Hotel', 'Nam Xuan Premium Hotel', 'An Mai Boutique Hotel', 'Arapang Hotel 2', ""Lien's Hotel Đà Lạt"", 'Arapang 3 Hotel', 'Be U Hotel', 'Changed Hotel Horizon Village Dalat', ""Changed Hotel Q's House Dalat"", 'Changed Hotel Ánh Phương Hotel Đà Lạt']"
Chí Khiêm,"['White Horse 24A Hotel', 'The White Delux Hotel', 'HouseChill Dalat Hotel', 'Be U Hotel', ""Lien's Hotel Đà Lạt"", 'Duy Vinh Hotel Dalat', 'SODA HOTEL', 'Changed Hotel Tasme Hotel', ""Changed Hotel La Pense'e Hotel - Dalat"", 'Changed Hotel White Horse Dalat Hotel']"
Thường Xuân,"['Seven A Hotel 1', 'Seven A Hotel', 'OYO 1196 Le Vu Hotel', 'Moc Thach Hostel Dalat 1', 'Savio House', 'Phuong Vy Hotel', '688 Hotel Đà Lạt', 'Changed Hotel Dalat Eco Hotel', 'Changed Hotel The Grace Hotel', 'Changed Hotel Pontus Hotel']"
Như Quân,"['EX Villa Da Lat - View Thung Lũng Lãng Mạn', 'Thung Lũng Kim Khuê Villas', 'Thung Lũng Xanh TQK Hotel', 'Green Meadow Dalat Hotel & Villa', 'Tasme Hotel', ""Lien's Hotel Đà Lạt"", ""La Pense'e Hotel - Dalat"", 'Changed Hotel G House Da Lat', 'Changed Hotel Interstella Hotel', 'Changed Hotel An Garden Dalat']"
Hoàng Nguyên,"['Khách Sạn Đà Lạt View - Villa Đà Lạt', 'DALAT STREAM HOTEL-Khách sạn đẹp Đà Lạt', 'GREENECO DA LAT HOTEL - Khách sạn Green Eco Đà Lạt', ""Lien's Hotel Đà Lạt"", 'Jerry House Đà Lạt', 'Nhà An Đà Lạt Hotel - Khách sạn mới xây rất đẹp', '688 Hotel Đà Lạt', 'Changed Hotel New Sun Hotel Đà Lạt', 'Changed Hotel Khách sạn Hải Hoa Đà Lạt', 'Changed Hotel M Hotel Đà Lạt']"
Mộng Ðiệp,"['Dalat Eco Hotel', 'Lovely House 1', 'Đà Lạt Thanh Xuân Boutique Hotel', 'Ngọc Nguyên Homestay', 'Chau Ngân An Hotel Dalat 1', 'Europa Hotel', 'Now Home Dalat', 'Changed Hotel Sugar Land Villa Hotel', 'Changed Hotel La Fleur Premium Central Apartment', 'Changed Hotel LE CIMENT - Apartment Hotel']"
Hồng Vinh,"['Royal Dalat Hotel', 'Khách sạn Hải Hoa Đà Lạt', 'Le Récit Boutique Hôtel de Dalat', 'Mercure Dalat Resort', 'Lavie Villa', 'Be U Hotel', ""La Pense'e Hotel - Dalat"", 'Changed Hotel Duy Vinh Hotel Dalat', ""Changed Hotel Lien's Hotel Đà Lạt"", 'Changed Hotel Royal Palace']"
Hạ Uyên,"['Horizon Village Dalat', 'Pontus Hotel', 'Nam Xuan Premium Hotel', 'An Garden Dalat', 'An Mai Boutique Hotel', ""Lien's Hotel Đà Lạt"", 'Duy Vinh Hotel Dalat', 'Changed Hotel Be U Hotel', 'Changed Hotel DALAMOON HOTEL', 'Changed Hotel M Hotel Đà Lạt']"
Thiên Mạnh,"['HANZ Pho Hoa Hotel', 'Be U Hotel', 'Duy Vinh Hotel Dalat', 'M Hotel Đà Lạt', ""Lien's Hotel Đà Lạt"", 'Đảo Hoa Dalat Hotel', 'The Grace Hotel', 'Changed Hotel Ngan Hoa - Mille Fleurs', 'Changed Hotel Seven A Hotel', 'Changed Hotel Ngan Hoa - Mille Fleurs 02']"
Thu Việt,"['Thien Ly Hotel', 'Khanh Uyen 1 Hotel', 'Be U Hotel', 'Khách Sạn Tommy', ""Q's House Dalat"", 'Dalat Serene Villa', ""Lien's Hotel Đà Lạt"", 'Changed Hotel Arapang 3 Hotel', 'Changed Hotel Arapang Hotel 2', 'Changed Hotel An Garden Dalat']"
Tường Phát,"[""Q's House Dalat"", 'An Garden Dalat', ""La Pense'e Hotel - Dalat"", 'Lan Anh Hotel', 'G House Da Lat', 'Pontus Hotel', 'Arapang 3 Hotel', 'Changed Hotel Golden Bee Hotel', 'Changed Hotel Arapang Hotel 2', 'Changed Hotel Be U Hotel']"
Ngọc Dung,"['Roy Dala Hotel', 'Duy Vinh Hotel Dalat', 'Huong Mai Hotel', ""Lien's Hotel Đà Lạt"", 'Be U Hotel', 'White Horse Dalat Hotel', 'Arapang Hotel 2', 'Changed Hotel Q-Center Dalat', ""Changed Hotel La Pense'e Hotel - Dalat"", 'Changed Hotel HouseChill Dalat Hotel']"
Thanh Minh,"['Be U Hotel', 'The Morris Dalat Hotel', 'Duy Vinh Hotel Dalat', ""La Pense'e Hotel - Dalat"", '688 Hotel Đà Lạt', ""Lien's Hotel Đà Lạt"", 'Arapang Hotel 2', 'Changed Hotel M Hotel Đà Lạt', 'Changed Hotel Arya Dalat Hotel', 'Changed Hotel An Garden Dalat']"
Bá Phước,"[""La Pense'e Hotel - Dalat"", ""Lien's Hotel Đà Lạt"", 'Be U Hotel', 'An Garden Dalat', 'M Hotel Đà Lạt', 'Tasme Hotel', 'Greenview Dalat', 'Changed Hotel G House Da Lat', 'Changed Hotel Ánh Phương Hotel Đà Lạt', 'Changed Hotel HouseChill Dalat Hotel']"
Ðoan Trang,"['Marigold Hotel Dalat', 'Dahill 196 Dalat', 'Silent Night Dem Lanh Hotel', 'Thien Ly Hotel', 'Arya Dalat Hotel', 'An Garden Dalat', 'Interstella Hotel', 'Changed Hotel Arapang 3 Hotel', ""Changed Hotel Q's House Dalat"", 'Changed Hotel Khanh Uyen 1 Hotel']"
Kim Ngân,"['Mộc Yên Hotel', 'Phuong Vy Luxury Hotel', 'Xuan Cuong Hotel', 'Be U Hotel', 'An Garden Dalat', 'M Hotel Đà Lạt', ""La Pense'e Hotel - Dalat"", 'Changed Hotel Lilly Hotel Dalat', 'Changed Hotel Chau Ngân An Hotel Dalat', 'Changed Hotel The Morris Dalat Hotel']"
Ly Châu,"['TTR Moonstone Apart Hotel', 'TTR Studio Apart Hotel', 'TTR Central Apart Hotel', 'TTR Vincent Hotel', 'TTR Skyview Hotel', 'HouseChill Dalat Hotel', ""Lien's Hotel Đà Lạt"", ""Changed Hotel La Pense'e Hotel - Dalat"", 'Changed Hotel Be U Hotel', 'Changed Hotel Nature Boutique Hotel']"
Thanh Thu,"['Nhím House', 'Dang Uyen 1 Hotel', 'The Windy BnB - Rollei Stories', 'Lan Anh Hotel', 'G House Da Lat', 'Duy Vinh Hotel Dalat', 'M Hotel Đà Lạt', 'Changed Hotel Be U Hotel', 'Changed Hotel Dalat Memory Inn', 'Changed Hotel The White Delux Hotel']"
Tường Chinh,"['Xuan Cuong Hotel', 'Arapang Hotel 2', 'Be U Hotel', 'SODA HOTEL', 'The Grace Hotel', 'Duy Vinh Hotel Dalat', ""Lien's Hotel Đà Lạt"", 'Changed Hotel Now Home Dalat', 'Changed Hotel G House Da Lat', 'Changed Hotel Q-Center Dalat']"
Quang Hải,"['Thung Lũng Kim Khuê Villas', 'Be U Hotel', 'Dalat Memory Inn', 'The White Delux Hotel', 'Thung Lũng Xanh TQK Hotel', ""Lien's Hotel Đà Lạt"", 'Pontus Hotel', 'Changed Hotel Khanh Uyen 3 Hotel', 'Changed Hotel Duy Vinh Hotel Dalat', 'Changed Hotel EX Villa Da Lat - View Thung Lũng Lãng Mạn']"
Minh Tiến,"['Kim Oanh Orchids Hotel', 'Thung Lũng Kim Khuê Villas', ""Lien's Hotel Đà Lạt"", 'Be U Hotel', 'Arapang 3 Hotel', 'Arapang Hotel 2', 'Pontus Hotel', 'Changed Hotel Dang Uyen 1 Hotel', 'Changed Hotel SODA HOTEL', ""Changed Hotel La Pense'e Hotel - Dalat""]"
Huy Phong,"['SODA HOTEL', ""Lien's Hotel Đà Lạt"", 'Be U Hotel', 'Q-Center Dalat', 'Thien Ly Hotel', 'M Hotel Đà Lạt', 'Arapang Hotel 2', 'Changed Hotel Khanh Uyen 1 Hotel', ""Changed Hotel Q's House Dalat"", 'Changed Hotel Duy Vinh Hotel Dalat']"
Vàng Anh,"['Greenview Dalat', 'Be U Hotel', ""La Pense'e Hotel - Dalat"", 'M Hotel Đà Lạt', 'Ánh Phương Hotel Đà Lạt', 'Tasme Hotel', 'Hạ Na Hotel Đà Lạt', 'Changed Hotel Phuong Vy Hotel', 'Changed Hotel An Garden Dalat', 'Changed Hotel Duy Vinh Hotel Dalat']"
Lệ Khanh,"['Nhím House', 'Dalat Memory Inn', 'Be U Hotel', ""Q's House Dalat"", ""Lien's Hotel Đà Lạt"", 'Arapang 3 Hotel', 'Khanh Uyen 3 Hotel', 'Changed Hotel Dang Uyen 1 Hotel', 'Changed Hotel The Windy BnB - Rollei Stories', 'Changed Hotel Lan Anh Hotel']"
Trúc Sinh,"['Nhím House 1', 'Dalat Eco Hotel', 'Hotel Du Lys', 'Nhím House', 'Ngan Hoa - Mille Fleurs 02 1', 'Chau Ngân An Hotel Dalat 1', 'The Luxe Da Lat', 'Changed Hotel Greenview Dalat', 'Changed Hotel Thung Lũng Xanh TQK Hotel 1', 'Changed Hotel Đà Lạt Thanh Xuân Boutique Hotel']"
Ðông Dương,"['Anh Duc Da Lat Hotel', 'The Grace Hotel', 'Be U Hotel', 'Hạ Na Hotel Đà Lạt', '688 Hotel Đà Lạt', 'Khanh Uyen 1 Hotel', 'Phuong Vy Hotel', 'Changed Hotel Pontus Hotel', 'Changed Hotel Lan Anh Hotel', 'Changed Hotel Ngoc Nguyen Anh Da Lat']"
Trường Thành,"[""Q's House Dalat"", 'Bear Brick Villa', 'Tasme Hotel', ""Lien's Hotel Đà Lạt"", 'Le Marais Hotel Dalat', 'Lovely House', 'Nhím House', 'Changed Hotel Be U Hotel', 'Changed Hotel Brick House Dalat Hotel', 'Changed Hotel HouseChill Dalat Hotel']"
Chiêu Phong,"['HANZ Pho Hoa Hotel', 'Ngan Hoa - Mille Fleurs', 'Đảo Hoa Dalat Hotel', 'Be U Hotel', 'The Grace Hotel', 'Queen T&T Dalat Hotel', 'SODA HOTEL', 'Changed Hotel 688 Hotel Đà Lạt', 'Changed Hotel Khách sạn Hải Hoa Đà Lạt', 'Changed Hotel Ngan Hoa - Mille Fleurs 02']"
Hoàng Khải,"['LE CIMENT - Apartment Hotel', 'GREENECO DA LAT HOTEL - Khách sạn Green Eco Đà Lạt', 'Now Home Dalat', ""N'Queen Villa"", 'TTR Studio Apart Hotel', 'OYO 1196 Le Vu Hotel', 'Le Récit Boutique Hôtel de Dalat', 'Changed Hotel Ngọc Nguyên Homestay', 'Changed Hotel Le Marais Hotel Dalat', 'Changed Hotel LA VIE EN ROSE 2 Hotel']"
Thơ,"['DALAMOON HOTEL', 'M Hotel Đà Lạt', 'New Life Hotel - Da Lat', ""Lien's Hotel Đà Lạt"", 'The Morris Dalat Hotel', 'SODA HOTEL', 'Arapang 3 Hotel', 'Changed Hotel The Grace Hotel', 'Changed Hotel Be U Hotel', 'Changed Hotel 688 Hotel Đà Lạt']"
Ðồng Dao,"['Arapang Hotel 2', 'Tuan Thuy Hotel', 'ECOTIME Villa Da Lat', 'Arapang 3 Hotel', 'Q-Center Dalat', 'Be U Hotel', 'Khanh Uyen 3 Hotel', ""Changed Hotel Lien's Hotel Đà Lạt"", 'Changed Hotel G House Da Lat', 'Changed Hotel Pontus Hotel']"
Thảo Vân,"['Horizon Village Dalat', 'Villa - Hotel Nam Khang 2 Dalat', 'Be U Hotel', 'M Hotel Đà Lạt', ""Lien's Hotel Đà Lạt"", 'Duy Vinh Hotel Dalat', 'SODA HOTEL', 'Changed Hotel An Garden Dalat', 'Changed Hotel Pontus Hotel', 'Changed Hotel Nam Xuan Premium Hotel']"
Mộng Vi,"['Hoàng Yến Villa Dalat', 'The Morris Dalat Hotel', 'Be U Hotel', 'Hoàng Gia Boutique Hotel', ""The L'anmien - Villa T89"", 'An Garden Dalat', 'Duy Vinh Hotel Dalat', 'Changed Hotel Raon Villa - STAY 24H', 'Changed Hotel Hong Mon Villa', 'Changed Hotel Sunset Hill Dalat']"
Thùy Oanh,"['Villa - Hotel Nam Khang 2 Dalat', ""N'Queen Villa"", 'Nam Xuan Premium Hotel', 'Be U Hotel', 'HouseChill Dalat Hotel', 'Khanh Uyen 3 Hotel', 'Dalat Serene Villa', 'Changed Hotel Dat Thien An Hotel 1', 'Changed Hotel Raon Villa - STAY 24H', ""Changed Hotel Lien's Hotel Đà Lạt""]"
Thúy Liễu,"['HANZ Chuong Hotel Dalat', 'Minh Chien Hotel', 'HANZ Pho Hoa Hotel', 'HouseChill Dalat Hotel', 'Arapang Hotel 2', 'G House Da Lat', 'Khanh Uyen 3 Hotel', ""Changed Hotel Lien's Hotel Đà Lạt"", 'Changed Hotel HANZ Bao Hoang Hotel', 'Changed Hotel Ngọc Nguyên Homestay']"
Phụng,"['Đảo Hoa Dalat Hotel', ""Q's House Dalat"", 'HANZ Pho Hoa Hotel', 'Ngan Hoa - Mille Fleurs', 'Arapang Hotel 2', 'Ngan Hoa - Mille Fleurs 02', 'Q-Center Dalat', 'Changed Hotel Khách sạn Hải Hoa Đà Lạt', 'Changed Hotel Be U Hotel', 'Changed Hotel Pontus Hotel']"
Như Hồng,"['Interstella Hotel', 'Tasme Hotel', 'Be U Hotel', 'Anh Duc Da Lat Hotel', 'Queen T&T Dalat Hotel', 'Arapang 3 Hotel', 'River Park Hotel Dalat', 'Changed Hotel White Horse Dalat Hotel', 'Changed Hotel An Garden Dalat', 'Changed Hotel Khanh Uyen 3 Hotel']"
Ngọc Sơn,"['Silent Night Dem Lanh Hotel', 'Marigold Hotel Dalat', 'Sweet Lavender Hotel - Near Dalat Night Market', 'An Nhi Hotel', 'Dang Uyen 1 Hotel', 'Pontus Hotel', 'Be U Hotel', 'Changed Hotel Dahill 196 Dalat', ""Changed Hotel Lien's Hotel Đà Lạt"", 'Changed Hotel Arapang Hotel 2']"
Hiếu Học,"['Omirita Resort Dalat', 'Raon Villa - STAY 24H', 'Da Lat Lemongrass - Đà Lạt Sả', 'Love Hill Resort', 'Mercure Dalat Resort', 'An Garden Dalat', 'Duy Vinh Hotel Dalat', 'Changed Hotel California Hotel', 'Changed Hotel Dalat Boutique Hotel', ""Changed Hotel The L'anmien - Villa T89""]"
Hợp,"['Mercure Dalat Resort', 'Le Récit Boutique Hôtel de Dalat', 'Royal Dalat Hotel', 'Omirita Resort Dalat', 'Love Hill Resort', 'G House Da Lat', 'Huong Mai Hotel', 'Changed Hotel Khách sạn Hải Hoa Đà Lạt', 'Changed Hotel HouseChill Dalat Hotel', 'Changed Hotel Lavie Villa']"
Kim Long,"['An Garden Dalat', ""La Pense'e Hotel - Dalat"", 'Phuong Vy Luxury Hotel', 'Tasme Hotel', 'Be U Hotel', 'Nature Hotel', 'Huong Mai Hotel', 'Changed Hotel M Hotel Đà Lạt', 'Changed Hotel An Mai Boutique Hotel', 'Changed Hotel La Fleur 2 Luxury Garden Hotel']"
Thảo My,"['Kings Hotel Dalat', 'Be U Hotel', 'Anh Duc Da Lat Hotel', 'M Hotel Đà Lạt', 'Dalat Wind Hotel', 'Queen T&T Dalat Hotel', 'An Mai Boutique Hotel', 'Changed Hotel HouseChill Dalat Hotel', 'Changed Hotel Duy Vinh Hotel Dalat', 'Changed Hotel G House Da Lat']"
Mạnh Cường,"[""N'Queen Villa"", 'Villa - Hotel Nam Khang 2 Dalat', 'Dat Thien An Hotel 1', 'Lavie Villa', 'LE CIMENT - Apartment Hotel', 'Hoàng Yến Villa Dalat', 'TTR Studio Apart Hotel', 'Changed Hotel Queen T&T Dalat Hotel', 'Changed Hotel M Hotel Đà Lạt', 'Changed Hotel Ngan Pho Studio & Hotel']"
Minh Khuê,"['Dalat Paradise Hotel', 'Arapang 3 Hotel', 'Le Marais Hotel Dalat', 'Brick House Dalat Hotel', ""Q's House Dalat"", 'Queen T&T Dalat Hotel', 'Thien Ly Hotel', 'Changed Hotel Dalat Boutique Hotel', 'Changed Hotel Be U Hotel', 'Changed Hotel Sally Villa Homestay']"
Kim Quyên,"['Lasol Boutique Hotel', 'Pontus Hotel', 'M Hotel Đà Lạt', 'Mai Hoang Da Lat Hotel', 'Hoàng Gia Boutique Hotel', 'Le Soleil Boutique Hotel', ""Lien's Hotel Đà Lạt"", 'Changed Hotel Dalat Boutique Hotel', 'Changed Hotel Huong Mai Hotel', 'Changed Hotel An Mai Boutique Hotel']"
Hải Hà,"['Queen T&T Dalat Hotel', 'Be U Hotel', 'Nature Boutique Hotel', 'Arapang Hotel 2', ""Lien's Hotel Đà Lạt"", ""La Pense'e Hotel - Dalat"", 'Interstella Hotel', 'Changed Hotel HouseChill Dalat Hotel', 'Changed Hotel SODA HOTEL', 'Changed Hotel White Horse Dalat Hotel']"
Bích Hằng,"['Moc Thach Hostel Dalat', 'Moc Thach Blue House DaLat', 'BĂNG BĂNG HOSTEL', 'Seven A Hotel', ""Q's House Dalat"", 'Phuong Vy Hotel', 'An Garden Dalat', 'Changed Hotel The Grace Hotel', 'Changed Hotel Be U Hotel', 'Changed Hotel Ánh Phương Hotel Đà Lạt']"
Hồng Diễm,"['Lan Anh Hotel', 'Dalat Memory Inn', 'Nhím House', 'Anh Duc Da Lat Hotel', 'Mộc Yên Hotel', 'Interstella Hotel', 'Lilly Hotel Dalat', 'Changed Hotel Dang Uyen 1 Hotel', 'Changed Hotel The Windy BnB - Rollei Stories', 'Changed Hotel The Morris Dalat Hotel']"
Uy Phong,"['Savio House', 'Lilly Hotel Dalat', 'Ánh Phương Hotel Đà Lạt', ""Lien's Hotel Đà Lạt"", 'M Hotel Đà Lạt', 'Duy Vinh Hotel Dalat', 'Pontus Hotel', ""Changed Hotel Q's House Dalat"", 'Changed Hotel Seven A Hotel', 'Changed Hotel River Park Hotel Dalat']"
Hải Miên,"['White Horse 24A Hotel', 'Ánh Phương Hotel Đà Lạt', 'White Horse Dalat Hotel', 'SODA HOTEL', ""La Pense'e Hotel - Dalat"", ""Lien's Hotel Đà Lạt"", 'Khanh Uyen 1 Hotel', 'Changed Hotel The White Delux Hotel', 'Changed Hotel Thung Lũng Xanh TQK Hotel 1', 'Changed Hotel Be U Hotel']"
Bá Tùng,"['Hodota The Blessed Virgin Dalat', 'Be U Hotel', ""La Pense'e Hotel - Dalat"", 'Pontus Hotel', 'Arapang Hotel 2', 'Duy Vinh Hotel Dalat', 'M Hotel Đà Lạt', ""Changed Hotel Lien's Hotel Đà Lạt"", 'Changed Hotel An Garden Dalat', 'Changed Hotel Ánh Phương Hotel Đà Lạt']"
Diệu Huyền,"['Cherry Suites Dalat', ""Lien's Hotel Đà Lạt"", 'An Garden Dalat', 'Be U Hotel', 'M Hotel Đà Lạt', 'Da Lat Lemongrass - Đà Lạt Sả', 'Royal Dalat Hotel', 'Changed Hotel G House Da Lat', ""Changed Hotel La Pense'e Hotel - Dalat"", 'Changed Hotel Nấp ở TEEPEE homestay']"
Việt Quyết,"['New Life Hotel - Da Lat', 'M Hotel Đà Lạt', 'New Sun Hotel Đà Lạt', 'Tasme Hotel', 'Interstella Hotel', 'Le Soleil Boutique Hotel', 'Huong Mai Hotel', 'Changed Hotel Anh Duc Da Lat Hotel', 'Changed Hotel DALAMOON HOTEL', ""Changed Hotel La Pense'e Hotel - Dalat""]"
Ðức Anh,"['The Grace Hotel', 'Seven A Hotel', '688 Hotel Đà Lạt', 'Be U Hotel', 'Arapang Hotel 2', 'Q-Center Dalat', 'Pontus Hotel', ""Changed Hotel Lien's Hotel Đà Lạt"", 'Changed Hotel Phuong Vy Hotel', 'Changed Hotel DALAMOON HOTEL']"
Khắc Việt,"['Lasol Boutique Hotel', 'An Garden Dalat', 'Khanh Uyen 3 Hotel', 'Dalat Boutique Hotel', 'An Mai Boutique Hotel', 'Le Soleil Boutique Hotel', 'Nature Boutique Hotel', 'Changed Hotel Hoàng Gia Boutique Hotel', 'Changed Hotel TTR Skyview Hotel', 'Changed Hotel Royal Palace']"
Ngân,"['The Morris Dalat Hotel', 'Dalat Terrasse Des Roses Villa', 'Du Parc Hotel Dalat', 'An Garden Dalat', ""The L'anmien - Villa T89"", 'ECOTIME Villa Da Lat', 'Be U Hotel', 'Changed Hotel Hong Mon Villa', 'Changed Hotel Hoàng Yến Villa Dalat', 'Changed Hotel Lavie Villa']"
Tường Anh,"[""Q's House Dalat"", 'G House Da Lat', 'Pontus Hotel', 'Savio House', 'Nhím House', 'An Garden Dalat', 'Dalat Boutique Hotel', 'Changed Hotel Arapang 3 Hotel', 'Changed Hotel Be U Hotel', 'Changed Hotel Thien Ly Hotel']"
Thúy Liên,"['Cuong Thinh Homestay Camping & Coffee', 'Da Lat Lemongrass - Đà Lạt Sả', 'Nấp ở TEEPEE homestay', 'Xuan Cuong Hotel', 'Duong Xua Villa', 'Cherry Suites Dalat', 'Ngọc Nguyên Homestay', 'Changed Hotel Moc Thach Blue House DaLat', 'Changed Hotel Sally Villa Homestay', 'Changed Hotel An Garden Dalat']"
Khánh Linh,"['Dalat Wind Hotel', 'GREENECO DA LAT HOTEL - Khách sạn Green Eco Đà Lạt', 'An Garden Dalat', 'Be U Hotel', ""Lien's Hotel Đà Lạt"", 'Tasme Hotel', 'ELC Dalat Hotel', 'Changed Hotel Eco Home Da Lat', 'Changed Hotel M Hotel Đà Lạt', 'Changed Hotel Ngan Pho Studio & Hotel']"
Thanh Ngọc,"['Đà Lạt Thanh Xuân Boutique Hotel', 'Tường Phương Hotel', 'TTR Central Apart Hotel', 'Now Home Dalat', 'TTR Skyview Hotel', 'Ngan Pho Studio & Hotel', 'LE CIMENT - Apartment Hotel', 'Changed Hotel TTR Moonstone Apart Hotel', ""Changed Hotel N'Queen Villa"", 'Changed Hotel TTR Studio Apart Hotel']"
Thanh Hoa,"['Royal Dalat Hotel', 'Le Récit Boutique Hôtel de Dalat', 'Mercure Dalat Resort', 'Lavie Villa', ""Lien's Hotel Đà Lạt"", '688 Hotel Đà Lạt', 'Khách Sạn Tommy', 'Changed Hotel Ánh Phương Hotel Đà Lạt', 'Changed Hotel DALAT STREAM HOTEL-Khách sạn đẹp Đà Lạt', 'Changed Hotel Khách sạn Hải Hoa Đà Lạt']"
Ðức Toản,"['OYO 1196 Le Vu Hotel', 'Pontus Hotel', 'Dalat Boutique Hotel', 'Le Marais Hotel Dalat', 'Duy Vinh Hotel Dalat', 'The Grace Hotel', 'Ánh Phương Hotel Đà Lạt', 'Changed Hotel Be U Hotel', 'Changed Hotel Seven A Hotel', 'Changed Hotel OYO 1195 Vu Thanh Hotel']"
Uyển Như,"['Xuan Cuong Hotel', 'Q-Center Dalat', 'Lilly Hotel Dalat', 'Be U Hotel', 'The Morris Dalat Hotel', 'Arapang 3 Hotel', 'Thien Ly Hotel', 'Changed Hotel Now Home Dalat', ""Changed Hotel Lien's Hotel Đà Lạt"", 'Changed Hotel Khanh Uyen 1 Hotel']"
Minh Hà,"['Nhím House', 'Lan Anh Hotel', 'The Windy BnB - Rollei Stories', 'Khanh Uyen 1 Hotel', 'Dalat Boutique Hotel', 'Be U Hotel', ""Lien's Hotel Đà Lạt"", 'Changed Hotel Khanh Uyen 3 Hotel', 'Changed Hotel Dalat Memory Inn', 'Changed Hotel Dang Uyen 1 Hotel']"
Mai Ly,"['Arapang Hotel 2', 'Lovely House', 'Khanh Uyen 1 Hotel', 'An Garden Dalat', ""La Pense'e Hotel - Dalat"", 'Be U Hotel', 'Anh Duc Da Lat Hotel', 'Changed Hotel Khanh Uyen 3 Hotel', ""Changed Hotel Q's House Dalat"", 'Changed Hotel G House Da Lat']"
Kỳ Diệu,"['Mai Hoang Da Lat Hotel', 'Huong Mai Hotel', 'Be U Hotel', ""Lien's Hotel Đà Lạt"", 'SODA HOTEL', 'M Hotel Đà Lạt', 'Tuyet Mai Hotel', 'Changed Hotel HANZ Bao Hoang Hotel', 'Changed Hotel An Mai Boutique Hotel', 'Changed Hotel Duy Vinh Hotel Dalat']"
Song Oanh,"['Ánh Phương Hotel Đà Lạt', ""Lien's Hotel Đà Lạt"", 'M Hotel Đà Lạt', 'Tường Phương Hotel', '688 Hotel Đà Lạt', 'Hạ Na Hotel Đà Lạt', 'Be U Hotel', 'Changed Hotel An Garden Dalat', 'Changed Hotel Thung Lũng Xanh TQK Hotel 1', 'Changed Hotel White Horse 24A Hotel']"
Mộc Miên,"['Arapang Hotel 2', 'ECOTIME Villa Da Lat', 'Be U Hotel', ""Lien's Hotel Đà Lạt"", ""Q's House Dalat"", 'SODA HOTEL', 'Khanh Uyen 3 Hotel', 'Changed Hotel 688 Hotel Đà Lạt', 'Changed Hotel Tuan Thuy Hotel', 'Changed Hotel Khanh Uyen 1 Hotel']"
Chi,"['Thanh Anh 2 Hotel - Gần Chợ Đêm Đà Lạt 1', 'Moc Thach Hostel Dalat 1', 'Thanh Anh 2 Hotel - Gần Chợ Đêm Đà Lạt', 'Europa Hotel', 'Lan Anh Hotel', 'Sugar Land Villa Hotel', 'Lilly Hotel Dalat', 'Changed Hotel The Morris Dalat Hotel', 'Changed Hotel Xuan Cuong Hotel', 'Changed Hotel Mộc Yên Hotel']"
Hồng Linh,"['Hoàng Gia Boutique Hotel', 'Dalat Boutique Hotel', 'Lasol Boutique Hotel', ""Lien's Hotel Đà Lạt"", 'AN Boutique Hotel - STAY 24H', 'Be U Hotel', 'Hoàng Yến Villa Dalat', ""Changed Hotel Q's House Dalat"", 'Changed Hotel Pontus Hotel', 'Changed Hotel An Mai Boutique Hotel']"
Quang Khanh,"['OYO 1195 Vu Thanh Hotel', 'OYO 1196 Le Vu Hotel', 'Thanh Thanh Hotel', 'Seven A Hotel', 'Pontus Hotel', 'An Mai Boutique Hotel', 'Ánh Phương Hotel Đà Lạt', 'Changed Hotel Dalat Boutique Hotel', 'Changed Hotel Thanh Anh 2 Hotel - Gần Chợ Đêm Đà Lạt', 'Changed Hotel The Grace Hotel']"
Thái Ðức,"['Dalat Serene Villa', 'HANZ Bao Hoang Hotel', 'Jerry House Đà Lạt', 'Arapang 3 Hotel', 'Be U Hotel', 'M Hotel Đà Lạt', 'Pontus Hotel', ""Changed Hotel The L'anmien - Villa T89"", ""Changed Hotel Lien's Hotel Đà Lạt"", 'Changed Hotel SODA HOTEL']"
Quỳnh,"['BĂNG BĂNG HOSTEL', 'Moc Thach Hostel Dalat', 'Be U Hotel', 'An Garden Dalat', ""La Pense'e Hotel - Dalat"", ""Lien's Hotel Đà Lạt"", 'Greenview Dalat', 'Changed Hotel Duy Vinh Hotel Dalat', 'Changed Hotel Ánh Phương Hotel Đà Lạt', 'Changed Hotel M Hotel Đà Lạt']"
Nhiên,"['ECOTIME Villa Da Lat', 'Arapang Hotel 2', 'Tuan Thuy Hotel', 'Lavie Villa', 'Dalat Serene Villa', ""N'Queen Villa"", ""The L'anmien - Villa T89"", 'Changed Hotel Greenview Dalat', 'Changed Hotel Himalaya Phoenix Dalat Hotel', 'Changed Hotel Duong Xua Villa']"
Vũ Minh,"['An Nhi Hotel', 'Be U Hotel', 'The White Delux Hotel', ""Lien's Hotel Đà Lạt"", 'Dalat Memory Inn', 'Duy Vinh Hotel Dalat', 'M Hotel Đà Lạt', 'Changed Hotel Vân Nhi MTV Hotel', 'Changed Hotel Arapang Hotel 2', 'Changed Hotel Khanh Uyen 3 Hotel']"
