Hotel Name,Recommendations
Chau Ngân An Hotel Dalat,"['688 Hotel Đà Lạt', 'AN Boutique Hotel - STAY 24H', 'An Garden Dalat', 'An Mai Boutique Hotel', 'An Nhi Hotel', 'Arapang 3 Hotel', 'Bazan Hotel Dalat - STAY 24H', 'Changed Hotel Anh Duc Da Lat Hotel', 'Changed Hotel Arapang Hotel 2', 'Changed Hotel Arya Dalat Hotel']"
Bazan Hotel Dalat - STAY 24H,"['M Hotel Đà Lạt', 'Thien Ly Hotel', '688 Hotel Đà Lạt', 'AN Boutique Hotel - STAY 24H', 'An Mai Boutique Hotel', 'Anh Duc Da Lat Hotel', 'Arapang Hotel 2', 'Changed Hotel Arapang 3 Hotel', 'Changed Hotel An Garden Dalat', 'Changed Hotel An Nhi Hotel']"
Dalat Wind Hotel,"['Duong Xua Villa', 'The Morris Dalat Hotel', 'AN Boutique Hotel - STAY 24H', 'An Mai Boutique Hotel', 'An Nhi Hotel', 'Arapang 3 Hotel', 'Arapang Hotel 2', 'Changed Hotel An Garden Dalat', 'Changed Hotel 688 Hotel Đà Lạt', 'Changed Hotel Anh Duc Da Lat Hotel']"
HouseChill Dalat Hotel,"['688 Hotel Đà Lạt', 'AN Boutique Hotel - STAY 24H', 'An Garden Dalat', 'An Mai Boutique Hotel', 'An Nhi Hotel', 'Anh Duc Da Lat Hotel', 'Arapang Hotel 2', 'Changed Hotel Bazan Hotel Dalat - STAY 24H', 'Changed Hotel Arya Dalat Hotel', 'Changed Hotel Arapang 3 Hotel']"
LA VIE EN ROSE 2 Hotel,"['An Garden Dalat', 'An Mai Boutique Hotel', 'Anh Duc Da Lat Hotel', 'Arapang 3 Hotel', 'Arapang Hotel 2', 'Arya Dalat Hotel', 'Bazan Hotel Dalat - STAY 24H', 'Changed Hotel AN Boutique Hotel - STAY 24H', 'Changed Hotel An Nhi Hotel', 'Changed Hotel 688 Hotel Đà Lạt']"
Torino Hotel Dalat,"['688 Hotel Đà Lạt', 'AN Boutique Hotel - STAY 24H', 'An Garden Dalat', 'An Mai Boutique Hotel', 'An Nhi Hotel', 'Arya Dalat Hotel', 'Bazan Hotel Dalat - STAY 24H', 'Changed Hotel Anh Duc Da Lat Hotel', 'Changed Hotel Arapang Hotel 2', 'Changed Hotel Arapang 3 Hotel']"
AN Boutique Hotel - STAY 24H,"['688 Hotel Đà Lạt', 'An Garden Dalat', 'An Mai Boutique Hotel', 'Arapang 3 Hotel', 'Arapang Hotel 2', 'Arya Dalat Hotel', 'Be U Hotel', 'Changed Hotel An Nhi Hotel', 'Changed Hotel Anh Duc Da Lat Hotel', 'Changed Hotel Bazan Hotel Dalat - STAY 24H']"
Vuon Xuan Hotel - STAY 24H,"['Chau Ngân An Hotel Dalat 1', 'Ngọc Nguyên Homestay', '688 Hotel Đà Lạt', 'An Garden Dalat', 'An Nhi Hotel', 'Anh Duc Da Lat Hotel', 'Arapang 3 Hotel', 'Changed Hotel An Mai Boutique Hotel', 'Changed Hotel AN Boutique Hotel - STAY 24H', 'Changed Hotel Arapang Hotel 2']"
TTR Vincent Hotel,"['688 Hotel Đà Lạt', 'An Mai Boutique Hotel', 'An Nhi Hotel', 'Anh Duc Da Lat Hotel', 'Arapang Hotel 2', 'Arya Dalat Hotel', 'Bazan Hotel Dalat - STAY 24H', 'Changed Hotel An Garden Dalat', 'Changed Hotel Arapang 3 Hotel', 'Changed Hotel AN Boutique Hotel - STAY 24H']"
Đà Lạt Thanh Xuân Boutique Hotel,"['Le Soleil Boutique Hotel', '688 Hotel Đà Lạt', 'AN Boutique Hotel - STAY 24H', 'An Mai Boutique Hotel', 'An Nhi Hotel', 'Arapang 3 Hotel', 'Arapang Hotel 2', 'Changed Hotel Anh Duc Da Lat Hotel', 'Changed Hotel An Garden Dalat', 'Changed Hotel Tường Phương Hotel']"
Lovely House,"['Lilly Hotel Dalat', 'Royal Palace', '688 Hotel Đà Lạt', 'AN Boutique Hotel - STAY 24H', 'An Garden Dalat', 'An Nhi Hotel', 'Arapang 3 Hotel', 'Changed Hotel Anh Duc Da Lat Hotel', 'Changed Hotel An Mai Boutique Hotel', 'Changed Hotel Arapang Hotel 2']"
Thanh Thanh Premier Dalat Hotel,"['AN Boutique Hotel - STAY 24H', 'An Mai Boutique Hotel', 'An Nhi Hotel', 'Anh Duc Da Lat Hotel', 'Arapang Hotel 2', 'Arya Dalat Hotel', 'Bazan Hotel Dalat - STAY 24H', 'Changed Hotel Arapang 3 Hotel', 'Changed Hotel An Garden Dalat', 'Changed Hotel 688 Hotel Đà Lạt']"
HANZ Bao Hoang Hotel,"['688 Hotel Đà Lạt', 'AN Boutique Hotel - STAY 24H', 'An Garden Dalat', 'An Nhi Hotel', 'Anh Duc Da Lat Hotel', 'Arapang 3 Hotel', 'Arapang Hotel 2', 'Changed Hotel An Mai Boutique Hotel', ""Changed Hotel Lien's Hotel Đà Lạt"", 'Changed Hotel Hotel Du Lys']"
Miền Nhiệt Đới 2 Hotel,"['688 Hotel Đà Lạt', 'AN Boutique Hotel - STAY 24H', 'An Garden Dalat', 'An Mai Boutique Hotel', 'Anh Duc Da Lat Hotel', 'Arapang 3 Hotel', 'Arapang Hotel 2', 'Changed Hotel Thung Lũng Xanh TQK Hotel', 'Changed Hotel An Nhi Hotel', 'Changed Hotel Khách Sạn Tommy']"
Le Marais Hotel Dalat,"['An Nhi Hotel', 'California Hotel', '688 Hotel Đà Lạt', 'Anh Duc Da Lat Hotel', 'Arapang 3 Hotel', 'Arapang Hotel 2', 'Arya Dalat Hotel', 'Changed Hotel An Mai Boutique Hotel', 'Changed Hotel An Garden Dalat', 'Changed Hotel AN Boutique Hotel - STAY 24H']"
GREENECO DA LAT HOTEL - Khách sạn Green Eco Đà Lạt,"['nhà cô Bông Đà Lạt', 'An Garden Dalat', 'An Mai Boutique Hotel', 'An Nhi Hotel', 'Anh Duc Da Lat Hotel', 'Arapang 3 Hotel', 'Arapang Hotel 2', 'Changed Hotel AN Boutique Hotel - STAY 24H', 'Changed Hotel 688 Hotel Đà Lạt', 'Changed Hotel Belle Amour Hotel']"
Nature Hotel,"['Now Home Dalat', '688 Hotel Đà Lạt', 'An Garden Dalat', 'An Mai Boutique Hotel', 'An Nhi Hotel', 'Anh Duc Da Lat Hotel', 'Arapang Hotel 2', 'Changed Hotel Ngan Hoa - Mille Fleurs 02', 'Changed Hotel AN Boutique Hotel - STAY 24H', 'Changed Hotel Arapang 3 Hotel']"
Raon Villa - STAY 24H,"['688 Hotel Đà Lạt', 'AN Boutique Hotel - STAY 24H', 'An Garden Dalat', 'An Mai Boutique Hotel', 'Arapang 3 Hotel', 'Arya Dalat Hotel', 'Bazan Hotel Dalat - STAY 24H', 'Changed Hotel Anh Duc Da Lat Hotel', 'Changed Hotel Arapang Hotel 2', 'Changed Hotel An Nhi Hotel']"
TTR Central Apart Hotel,"['688 Hotel Đà Lạt', 'An Garden Dalat', 'An Mai Boutique Hotel', 'An Nhi Hotel', 'Anh Duc Da Lat Hotel', 'Arapang 3 Hotel', 'Arya Dalat Hotel', 'Changed Hotel Arapang Hotel 2', 'Changed Hotel AN Boutique Hotel - STAY 24H', 'Changed Hotel Bazan Hotel Dalat - STAY 24H']"
Dalat Eco Hotel,"['688 Hotel Đà Lạt', 'An Garden Dalat', 'An Nhi Hotel', 'Anh Duc Da Lat Hotel', 'Arapang 3 Hotel', 'Arapang Hotel 2', 'Bazan Hotel Dalat - STAY 24H', 'Changed Hotel An Mai Boutique Hotel', 'Changed Hotel AN Boutique Hotel - STAY 24H', 'Changed Hotel Arya Dalat Hotel']"
ELC Dalat Hotel,"['688 Hotel Đà Lạt', 'An Garden Dalat', 'An Mai Boutique Hotel', 'An Nhi Hotel', 'Anh Duc Da Lat Hotel', 'Arapang 3 Hotel', 'Arya Dalat Hotel', 'Changed Hotel AN Boutique Hotel - STAY 24H', 'Changed Hotel Arapang Hotel 2', 'Changed Hotel Bazan Hotel Dalat - STAY 24H']"
Phuong Vy Luxury Hotel,"['AN Boutique Hotel - STAY 24H', 'An Garden Dalat', 'An Nhi Hotel', 'Anh Duc Da Lat Hotel', 'Arapang Hotel 2', 'Arya Dalat Hotel', 'Bazan Hotel Dalat - STAY 24H', 'Changed Hotel Arapang 3 Hotel', 'Changed Hotel An Mai Boutique Hotel', 'Changed Hotel 688 Hotel Đà Lạt']"
TTR Skyview Hotel,"['AN Boutique Hotel - STAY 24H', 'An Garden Dalat', 'An Mai Boutique Hotel', 'Anh Duc Da Lat Hotel', 'Arapang 3 Hotel', 'Arya Dalat Hotel', 'Bazan Hotel Dalat - STAY 24H', 'Changed Hotel Arapang Hotel 2', 'Changed Hotel 688 Hotel Đà Lạt', 'Changed Hotel An Nhi Hotel']"
Sally Villa Homestay,"['688 Hotel Đà Lạt', 'AN Boutique Hotel - STAY 24H', 'An Garden Dalat', 'An Mai Boutique Hotel', 'Anh Duc Da Lat Hotel', 'Arapang Hotel 2', 'Arya Dalat Hotel', 'Changed Hotel Arapang 3 Hotel', 'Changed Hotel Bazan Hotel Dalat - STAY 24H', 'Changed Hotel An Nhi Hotel']"
Ngan Pho Studio & Hotel,"['688 Hotel Đà Lạt', 'AN Boutique Hotel - STAY 24H', 'Anh Duc Da Lat Hotel', 'Arapang 3 Hotel', 'Arapang Hotel 2', 'Arya Dalat Hotel', 'Bazan Hotel Dalat - STAY 24H', 'Changed Hotel An Nhi Hotel', 'Changed Hotel An Mai Boutique Hotel', 'Changed Hotel An Garden Dalat']"
Lovely House 1,"['688 Hotel Đà Lạt', 'AN Boutique Hotel - STAY 24H', 'An Nhi Hotel', 'Anh Duc Da Lat Hotel', 'Arapang 3 Hotel', 'Arapang Hotel 2', 'Bazan Hotel Dalat - STAY 24H', 'Changed Hotel An Garden Dalat', 'Changed Hotel Arya Dalat Hotel', 'Changed Hotel An Mai Boutique Hotel']"
Himalaya Phoenix Dalat Hotel,"['AN Boutique Hotel - STAY 24H', 'An Mai Boutique Hotel', 'An Nhi Hotel', 'Anh Duc Da Lat Hotel', 'Arapang 3 Hotel', 'Arapang Hotel 2', 'Bazan Hotel Dalat - STAY 24H', 'Changed Hotel An Garden Dalat', 'Changed Hotel 688 Hotel Đà Lạt', 'Changed Hotel Arya Dalat Hotel']"
Thanh Thanh Hotel,"['AN Boutique Hotel - STAY 24H', 'An Garden Dalat', 'An Mai Boutique Hotel', 'An Nhi Hotel', 'Anh Duc Da Lat Hotel', 'Arapang 3 Hotel', 'Arya Dalat Hotel', 'Changed Hotel 688 Hotel Đà Lạt', 'Changed Hotel Arapang Hotel 2', 'Changed Hotel Bazan Hotel Dalat - STAY 24H']"
Hạ Na Hotel Đà Lạt,"['AN Boutique Hotel - STAY 24H', 'An Garden Dalat', 'An Mai Boutique Hotel', 'Anh Duc Da Lat Hotel', 'Arapang 3 Hotel', 'Arapang Hotel 2', 'Arya Dalat Hotel', 'Changed Hotel 688 Hotel Đà Lạt', 'Changed Hotel An Nhi Hotel', 'Changed Hotel Bazan Hotel Dalat - STAY 24H']"
The White Delux Hotel,"['688 Hotel Đà Lạt', 'AN Boutique Hotel - STAY 24H', 'An Garden Dalat', 'An Mai Boutique Hotel', 'Anh Duc Da Lat Hotel', 'Arya Dalat Hotel', 'Bazan Hotel Dalat - STAY 24H', 'Changed Hotel Arapang Hotel 2', 'Changed Hotel Arapang 3 Hotel', 'Changed Hotel An Nhi Hotel']"
Sweet Lavender Hotel - Near Dalat Night Market,"['AN Boutique Hotel - STAY 24H', 'An Garden Dalat', 'An Nhi Hotel', 'Arapang 3 Hotel', 'Arapang Hotel 2', 'Arya Dalat Hotel', 'Bazan Hotel Dalat - STAY 24H', 'Changed Hotel Anh Duc Da Lat Hotel', 'Changed Hotel An Mai Boutique Hotel', 'Changed Hotel 688 Hotel Đà Lạt']"
Green Meadow Dalat Hotel & Villa,"['688 Hotel Đà Lạt', 'AN Boutique Hotel - STAY 24H', 'An Nhi Hotel', 'Arapang 3 Hotel', 'Arapang Hotel 2', 'Arya Dalat Hotel', 'Bazan Hotel Dalat - STAY 24H', 'Changed Hotel Anh Duc Da Lat Hotel', 'Changed Hotel An Garden Dalat', 'Changed Hotel An Mai Boutique Hotel']"
Le Récit Boutique Hôtel de Dalat,"['Love Hill Resort', 'River Park Hotel Dalat', '688 Hotel Đà Lạt', 'AN Boutique Hotel - STAY 24H', 'An Mai Boutique Hotel', 'An Nhi Hotel', 'Arapang Hotel 2', 'Changed Hotel Arapang 3 Hotel', 'Changed Hotel Anh Duc Da Lat Hotel', 'Changed Hotel An Garden Dalat']"
Sunset Hill Dalat,"['AN Boutique Hotel - STAY 24H', 'An Garden Dalat', 'An Nhi Hotel', 'Anh Duc Da Lat Hotel', 'Arapang 3 Hotel', 'Arapang Hotel 2', 'Bazan Hotel Dalat - STAY 24H', 'Changed Hotel Arya Dalat Hotel', 'Changed Hotel 688 Hotel Đà Lạt', 'Changed Hotel An Mai Boutique Hotel']"
Minh Chien Hotel,"['688 Hotel Đà Lạt', 'AN Boutique Hotel - STAY 24H', 'An Garden Dalat', 'Anh Duc Da Lat Hotel', 'Arapang 3 Hotel', 'Arapang Hotel 2', 'Arya Dalat Hotel', 'Changed Hotel An Mai Boutique Hotel', 'Changed Hotel An Nhi Hotel', 'Changed Hotel Bazan Hotel Dalat - STAY 24H']"
Khanh Uyen 3 Hotel,"['An Garden Dalat', 'An Mai Boutique Hotel', 'An Nhi Hotel', 'Anh Duc Da Lat Hotel', 'Arapang 3 Hotel', 'Arapang Hotel 2', 'Bazan Hotel Dalat - STAY 24H', 'Changed Hotel AN Boutique Hotel - STAY 24H', 'Changed Hotel 688 Hotel Đà Lạt', 'Changed Hotel Arya Dalat Hotel']"
Khanh Uyen 1 Hotel,"['688 Hotel Đà Lạt', 'AN Boutique Hotel - STAY 24H', 'An Garden Dalat', 'An Nhi Hotel', 'Anh Duc Da Lat Hotel', 'Arapang Hotel 2', 'Arya Dalat Hotel', 'Changed Hotel DALAT STREAM HOTEL-Khách sạn đẹp Đà Lạt', 'Changed Hotel Arapang 3 Hotel', 'Changed Hotel An Mai Boutique Hotel']"
Dalat Boutique Hotel,"['An Garden Dalat', 'The Windy BnB - Rollei Stories', '688 Hotel Đà Lạt', 'AN Boutique Hotel - STAY 24H', 'An Mai Boutique Hotel', 'An Nhi Hotel', 'Anh Duc Da Lat Hotel', 'Changed Hotel Arya Dalat Hotel', 'Changed Hotel Arapang Hotel 2', 'Changed Hotel Arapang 3 Hotel']"
Be U Hotel,"['688 Hotel Đà Lạt', 'An Garden Dalat', 'Anh Duc Da Lat Hotel', 'Arapang 3 Hotel', 'Arapang Hotel 2', 'Arya Dalat Hotel', 'Bazan Hotel Dalat - STAY 24H', 'Changed Hotel An Nhi Hotel', 'Changed Hotel AN Boutique Hotel - STAY 24H', 'Changed Hotel An Mai Boutique Hotel']"
Seven A Hotel,"['AN Boutique Hotel - STAY 24H', 'An Mai Boutique Hotel', 'An Nhi Hotel', 'Anh Duc Da Lat Hotel', 'Arapang 3 Hotel', 'Arapang Hotel 2', 'Bazan Hotel Dalat - STAY 24H', 'Changed Hotel Arya Dalat Hotel', 'Changed Hotel 688 Hotel Đà Lạt', 'Changed Hotel An Garden Dalat']"
Bear Brick Villa,"['688 Hotel Đà Lạt', 'An Garden Dalat', 'An Mai Boutique Hotel', 'An Nhi Hotel', 'Arapang 3 Hotel', 'Arapang Hotel 2', 'Bazan Hotel Dalat - STAY 24H', 'Changed Hotel Arya Dalat Hotel', 'Changed Hotel AN Boutique Hotel - STAY 24H', 'Changed Hotel Anh Duc Da Lat Hotel']"
Nature Boutique Hotel,"['688 Hotel Đà Lạt', 'AN Boutique Hotel - STAY 24H', 'An Mai Boutique Hotel', 'Anh Duc Da Lat Hotel', 'Arapang 3 Hotel', 'Arya Dalat Hotel', 'Bazan Hotel Dalat - STAY 24H', 'Changed Hotel An Garden Dalat', 'Changed Hotel An Nhi Hotel', 'Changed Hotel Arapang Hotel 2']"
Lavie Villa,"['688 Hotel Đà Lạt', 'AN Boutique Hotel - STAY 24H', 'An Garden Dalat', 'An Mai Boutique Hotel', 'Anh Duc Da Lat Hotel', 'Arapang 3 Hotel', 'Arapang Hotel 2', 'Changed Hotel An Nhi Hotel', 'Changed Hotel Arya Dalat Hotel', 'Changed Hotel Bazan Hotel Dalat - STAY 24H']"
Nấp ở TEEPEE homestay,"['Dahill 196 Dalat', 'Duy Vinh Hotel Dalat', '688 Hotel Đà Lạt', 'AN Boutique Hotel - STAY 24H', 'An Garden Dalat', 'An Nhi Hotel', 'Anh Duc Da Lat Hotel', 'Changed Hotel Arapang Hotel 2', 'Changed Hotel Arapang 3 Hotel', 'Changed Hotel An Mai Boutique Hotel']"
Jerry House Đà Lạt,"['Ngoc Phat Dalat Hotel', 'AN Boutique Hotel - STAY 24H', 'An Garden Dalat', 'An Mai Boutique Hotel', 'An Nhi Hotel', 'Anh Duc Da Lat Hotel', 'Arapang 3 Hotel', 'Changed Hotel Arapang Hotel 2', 'Changed Hotel Thanh Anh 2 Hotel - Gần Chợ Đêm Đà Lạt', 'Changed Hotel 688 Hotel Đà Lạt']"
New Sun Hotel Đà Lạt,"['688 Hotel Đà Lạt', 'AN Boutique Hotel - STAY 24H', 'An Garden Dalat', 'Anh Duc Da Lat Hotel', 'Arapang 3 Hotel', 'Arya Dalat Hotel', 'Bazan Hotel Dalat - STAY 24H', 'Changed Hotel An Mai Boutique Hotel', 'Changed Hotel Arapang Hotel 2', 'Changed Hotel An Nhi Hotel']"
President Hotel,"['Tuyet Mai Hotel', '688 Hotel Đà Lạt', 'AN Boutique Hotel - STAY 24H', 'An Mai Boutique Hotel', 'An Nhi Hotel', 'Anh Duc Da Lat Hotel', 'Arapang 3 Hotel', 'Changed Hotel Arapang Hotel 2', 'Changed Hotel The Luxe Da Lat', 'Changed Hotel An Garden Dalat']"
Dat Thien An Hotel,"['AN Boutique Hotel - STAY 24H', 'An Garden Dalat', 'An Mai Boutique Hotel', 'Anh Duc Da Lat Hotel', 'Arapang 3 Hotel', 'Arya Dalat Hotel', 'Bazan Hotel Dalat - STAY 24H', 'Changed Hotel Arapang Hotel 2', 'Changed Hotel 688 Hotel Đà Lạt', 'Changed Hotel An Nhi Hotel']"
Pontus Hotel,"['M Hotel Đà Lạt 1', 'Moc Thach Blue House DaLat', '688 Hotel Đà Lạt', 'An Garden Dalat', 'An Mai Boutique Hotel', 'Anh Duc Da Lat Hotel', 'Arapang 3 Hotel', 'Changed Hotel An Nhi Hotel', 'Changed Hotel Arapang Hotel 2', 'Changed Hotel AN Boutique Hotel - STAY 24H']"
White Horse Dalat Hotel,"['688 Hotel Đà Lạt', 'AN Boutique Hotel - STAY 24H', 'An Garden Dalat', 'Anh Duc Da Lat Hotel', 'Arapang Hotel 2', 'Arya Dalat Hotel', 'Bazan Hotel Dalat - STAY 24H', 'Changed Hotel An Mai Boutique Hotel', 'Changed Hotel An Nhi Hotel', 'Changed Hotel Arapang 3 Hotel']"
Seven A Hotel 1,"['Ngan Hoa - Mille Fleurs 02 1', '688 Hotel Đà Lạt', 'AN Boutique Hotel - STAY 24H', 'An Nhi Hotel', 'Anh Duc Da Lat Hotel', 'Arapang 3 Hotel', 'Arapang Hotel 2', 'Changed Hotel An Garden Dalat', 'Changed Hotel Dat Thien An Hotel 1', 'Changed Hotel An Mai Boutique Hotel']"
EX Villa Da Lat - View Thung Lũng Lãng Mạn,"['AN Boutique Hotel - STAY 24H', 'An Garden Dalat', 'An Mai Boutique Hotel', 'Anh Duc Da Lat Hotel', 'Arapang 3 Hotel', 'Arapang Hotel 2', 'Bazan Hotel Dalat - STAY 24H', 'Changed Hotel 688 Hotel Đà Lạt', 'Changed Hotel Arya Dalat Hotel', 'Changed Hotel An Nhi Hotel']"
Khách Sạn Đà Lạt View - Villa Đà Lạt,"['An Garden Dalat', 'An Mai Boutique Hotel', 'An Nhi Hotel', 'Anh Duc Da Lat Hotel', 'Arapang 3 Hotel', 'Arapang Hotel 2', 'Bazan Hotel Dalat - STAY 24H', 'Changed Hotel Arya Dalat Hotel', 'Changed Hotel 688 Hotel Đà Lạt', 'Changed Hotel AN Boutique Hotel - STAY 24H']"
La Fleur Premium Central Apartment,"['Khách Sạn Hưng Nguyên Valley ĐàLạt', 'Tasme Hotel', 'Thung Lũng Xanh TQK Hotel 1', 'AN Boutique Hotel - STAY 24H', 'An Garden Dalat', 'An Mai Boutique Hotel', 'Anh Duc Da Lat Hotel', 'Changed Hotel 688 Hotel Đà Lạt', 'Changed Hotel Phuong Vy Hotel', 'Changed Hotel An Nhi Hotel']"
Royal Dalat Hotel,"['Da Lat Lemongrass - Đà Lạt Sả', 'Du Parc Hotel Dalat', 'Moc Thach Hostel Dalat 1', '688 Hotel Đà Lạt', 'AN Boutique Hotel - STAY 24H', 'An Garden Dalat', 'Anh Duc Da Lat Hotel', 'Changed Hotel Sugar Land Villa Hotel', 'Changed Hotel An Mai Boutique Hotel', 'Changed Hotel An Nhi Hotel']"
Horizon Village Dalat,"['Daruma Home', 'Europa Hotel', 'Nhà An Đà Lạt Hotel - Khách sạn mới xây rất đẹp', 'AN Boutique Hotel - STAY 24H', 'An Garden Dalat', 'An Nhi Hotel', 'Anh Duc Da Lat Hotel', 'Changed Hotel An Mai Boutique Hotel', 'Changed Hotel 688 Hotel Đà Lạt', 'Changed Hotel Thiên Trang Hotel Đà Lạt']"
Ngan Hoa - Mille Fleurs,"['AN Boutique Hotel - STAY 24H', 'An Mai Boutique Hotel', 'An Nhi Hotel', 'Anh Duc Da Lat Hotel', 'Arapang 3 Hotel', 'Arya Dalat Hotel', 'Bazan Hotel Dalat - STAY 24H', 'Changed Hotel An Garden Dalat', 'Changed Hotel Arapang Hotel 2', 'Changed Hotel 688 Hotel Đà Lạt']"
Arapang 3 Hotel,"['688 Hotel Đà Lạt', 'AN Boutique Hotel - STAY 24H', 'An Garden Dalat', 'Anh Duc Da Lat Hotel', 'Arapang Hotel 2', 'Arya Dalat Hotel', 'Be U Hotel', 'Changed Hotel An Mai Boutique Hotel', 'Changed Hotel Bazan Hotel Dalat - STAY 24H', 'Changed Hotel An Nhi Hotel']"
Golden Bee Hotel,"['688 Hotel Đà Lạt', 'An Garden Dalat', 'An Mai Boutique Hotel', 'An Nhi Hotel', 'Anh Duc Da Lat Hotel', 'Arapang 3 Hotel', 'Arya Dalat Hotel', 'Changed Hotel Bazan Hotel Dalat - STAY 24H', 'Changed Hotel Arapang Hotel 2', 'Changed Hotel AN Boutique Hotel - STAY 24H']"
Roy Dala Hotel,"['688 Hotel Đà Lạt', 'AN Boutique Hotel - STAY 24H', 'An Nhi Hotel', 'Arapang 3 Hotel', 'Arapang Hotel 2', 'Arya Dalat Hotel', 'Bazan Hotel Dalat - STAY 24H', 'Changed Hotel Anh Duc Da Lat Hotel', 'Changed Hotel An Mai Boutique Hotel', 'Changed Hotel An Garden Dalat']"
Arya Dalat Hotel,"['AN Boutique Hotel - STAY 24H', 'An Garden Dalat', 'An Nhi Hotel', 'Anh Duc Da Lat Hotel', 'Arapang 3 Hotel', 'Bazan Hotel Dalat - STAY 24H', 'Be U Hotel', 'Changed Hotel 688 Hotel Đà Lạt', 'Changed Hotel Arapang Hotel 2', 'Changed Hotel An Mai Boutique Hotel']"
La Pense'e Hotel - Dalat,"['688 Hotel Đà Lạt', 'An Garden Dalat', 'An Mai Boutique Hotel', 'An Nhi Hotel', 'Anh Duc Da Lat Hotel', 'Arapang 3 Hotel', 'Arya Dalat Hotel', 'Changed Hotel Arapang Hotel 2', 'Changed Hotel Bazan Hotel Dalat - STAY 24H', 'Changed Hotel AN Boutique Hotel - STAY 24H']"
Marigold Hotel Dalat,"['AN Boutique Hotel - STAY 24H', 'An Garden Dalat', 'An Mai Boutique Hotel', 'An Nhi Hotel', 'Anh Duc Da Lat Hotel', 'Arapang 3 Hotel', 'Bazan Hotel Dalat - STAY 24H', 'Changed Hotel Arapang Hotel 2', 'Changed Hotel Arya Dalat Hotel', 'Changed Hotel 688 Hotel Đà Lạt']"
Mộc Yên Hotel,"['Huong Mai Hotel', ""The L'anmien - Villa T89"", '688 Hotel Đà Lạt', 'AN Boutique Hotel - STAY 24H', 'An Nhi Hotel', 'Arapang 3 Hotel', 'Arapang Hotel 2', 'Changed Hotel An Garden Dalat', 'Changed Hotel An Mai Boutique Hotel', 'Changed Hotel Anh Duc Da Lat Hotel']"
TTR Moonstone Apart Hotel,"['Anh Duc Da Lat Hotel', '688 Hotel Đà Lạt', 'AN Boutique Hotel - STAY 24H', 'An Nhi Hotel', 'Arapang 3 Hotel', 'Arapang Hotel 2', 'Arya Dalat Hotel', 'Changed Hotel An Garden Dalat', 'Changed Hotel An Mai Boutique Hotel', 'Changed Hotel Bazan Hotel Dalat - STAY 24H']"
Dalat Memory Inn,"['Dalat Terrasse Des Roses Villa', '688 Hotel Đà Lạt', 'AN Boutique Hotel - STAY 24H', 'An Mai Boutique Hotel', 'Anh Duc Da Lat Hotel', 'Arapang 3 Hotel', 'Arapang Hotel 2', 'Changed Hotel An Garden Dalat', 'Changed Hotel An Nhi Hotel', 'Changed Hotel Arya Dalat Hotel']"
Q-Center Dalat,"['688 Hotel Đà Lạt', 'An Garden Dalat', 'An Mai Boutique Hotel', 'Anh Duc Da Lat Hotel', 'Arapang 3 Hotel', 'Arya Dalat Hotel', 'Bazan Hotel Dalat - STAY 24H', 'Changed Hotel An Nhi Hotel', 'Changed Hotel AN Boutique Hotel - STAY 24H', 'Changed Hotel Arapang Hotel 2']"
Thung Lũng Kim Khuê Villas,"['AN Boutique Hotel - STAY 24H', 'An Garden Dalat', 'An Mai Boutique Hotel', 'Anh Duc Da Lat Hotel', 'Arapang Hotel 2', 'Arya Dalat Hotel', 'Bazan Hotel Dalat - STAY 24H', 'Changed Hotel An Nhi Hotel', 'Changed Hotel 688 Hotel Đà Lạt', 'Changed Hotel Arapang 3 Hotel']"
Kim Oanh Orchids Hotel,"['688 Hotel Đà Lạt', 'AN Boutique Hotel - STAY 24H', 'An Garden Dalat', 'An Mai Boutique Hotel', 'Arapang 3 Hotel', 'Arapang Hotel 2', 'Arya Dalat Hotel', 'Changed Hotel Anh Duc Da Lat Hotel', 'Changed Hotel An Nhi Hotel', 'Changed Hotel Bazan Hotel Dalat - STAY 24H']"
SODA HOTEL,"['An Mai Boutique Hotel', 'An Nhi Hotel', 'Anh Duc Da Lat Hotel', 'Arapang 3 Hotel', 'Arapang Hotel 2', 'Arya Dalat Hotel', 'Bazan Hotel Dalat - STAY 24H', 'Changed Hotel 688 Hotel Đà Lạt', 'Changed Hotel An Garden Dalat', 'Changed Hotel AN Boutique Hotel - STAY 24H']"
Tasme Hotel,"['La Fleur Premium Central Apartment', 'Phuong Vy Hotel', 'Thung Lũng Xanh TQK Hotel 1', '688 Hotel Đà Lạt', 'AN Boutique Hotel - STAY 24H', 'An Mai Boutique Hotel', 'An Nhi Hotel', 'Changed Hotel Khách Sạn Hưng Nguyên Valley ĐàLạt', 'Changed Hotel An Garden Dalat', 'Changed Hotel Anh Duc Da Lat Hotel']"
Du Parc Hotel Dalat,"['Moc Thach Hostel Dalat 1', 'Royal Dalat Hotel', 'Sugar Land Villa Hotel', '688 Hotel Đà Lạt', 'An Mai Boutique Hotel', 'An Nhi Hotel', 'Anh Duc Da Lat Hotel', 'Changed Hotel Da Lat Lemongrass - Đà Lạt Sả', 'Changed Hotel AN Boutique Hotel - STAY 24H', 'Changed Hotel An Garden Dalat']"
Daruma Home,"['Europa Hotel', 'Thiên Trang Hotel Đà Lạt', '688 Hotel Đà Lạt', 'AN Boutique Hotel - STAY 24H', 'An Garden Dalat', 'An Mai Boutique Hotel', 'An Nhi Hotel', 'Changed Hotel Nhà An Đà Lạt Hotel - Khách sạn mới xây rất đẹp', 'Changed Hotel Horizon Village Dalat', 'Changed Hotel Anh Duc Da Lat Hotel']"
Greenview Dalat,"['688 Hotel Đà Lạt', 'AN Boutique Hotel - STAY 24H', 'An Garden Dalat', 'An Mai Boutique Hotel', 'Arapang 3 Hotel', 'Arapang Hotel 2', 'Arya Dalat Hotel', 'Changed Hotel Anh Duc Da Lat Hotel', 'Changed Hotel An Nhi Hotel', 'Changed Hotel Bazan Hotel Dalat - STAY 24H']"
Nhím House,"['688 Hotel Đà Lạt', 'An Garden Dalat', 'An Nhi Hotel', 'Anh Duc Da Lat Hotel', 'Arapang 3 Hotel', 'Arapang Hotel 2', 'Arya Dalat Hotel', 'Changed Hotel An Mai Boutique Hotel', 'Changed Hotel AN Boutique Hotel - STAY 24H', 'Changed Hotel Bazan Hotel Dalat - STAY 24H']"
Nhím House 1,"['688 Hotel Đà Lạt', 'An Mai Boutique Hotel', 'An Nhi Hotel', 'Anh Duc Da Lat Hotel', 'Arapang Hotel 2', 'Arya Dalat Hotel', 'Bazan Hotel Dalat - STAY 24H', 'Changed Hotel AN Boutique Hotel - STAY 24H', 'Changed Hotel An Garden Dalat', 'Changed Hotel Arapang 3 Hotel']"
Ngoc Nguyen Anh Da Lat,"['688 Hotel Đà Lạt', 'AN Boutique Hotel - STAY 24H', 'An Nhi Hotel', 'Anh Duc Da Lat Hotel', 'Arapang 3 Hotel', 'Arya Dalat Hotel', 'Bazan Hotel Dalat - STAY 24H', 'Changed Hotel An Mai Boutique Hotel', 'Changed Hotel An Garden Dalat', 'Changed Hotel Arapang Hotel 2']"
Brick House Dalat Hotel,"['688 Hotel Đà Lạt', 'An Garden Dalat', 'An Mai Boutique Hotel', 'An Nhi Hotel', 'Anh Duc Da Lat Hotel', 'Arapang 3 Hotel', 'Arya Dalat Hotel', 'Changed Hotel Arapang Hotel 2', 'Changed Hotel AN Boutique Hotel - STAY 24H', 'Changed Hotel Bazan Hotel Dalat - STAY 24H']"
HANZ Pho Hoa Hotel,"['An Garden Dalat', 'An Mai Boutique Hotel', 'An Nhi Hotel', 'Anh Duc Da Lat Hotel', 'Arapang 3 Hotel', 'Arapang Hotel 2', 'Bazan Hotel Dalat - STAY 24H', 'Changed Hotel Arya Dalat Hotel', 'Changed Hotel 688 Hotel Đà Lạt', 'Changed Hotel AN Boutique Hotel - STAY 24H']"
LE CIMENT - Apartment Hotel,"['688 Hotel Đà Lạt', 'AN Boutique Hotel - STAY 24H', 'An Mai Boutique Hotel', 'Anh Duc Da Lat Hotel', 'Arapang 3 Hotel', 'Arya Dalat Hotel', 'Bazan Hotel Dalat - STAY 24H', 'Changed Hotel An Garden Dalat', 'Changed Hotel An Nhi Hotel', 'Changed Hotel Arapang Hotel 2']"
DALAMOON HOTEL,"['688 Hotel Đà Lạt', 'An Garden Dalat', 'An Mai Boutique Hotel', 'Anh Duc Da Lat Hotel', 'Arapang 3 Hotel', 'Arya Dalat Hotel', 'Bazan Hotel Dalat - STAY 24H', 'Changed Hotel AN Boutique Hotel - STAY 24H', 'Changed Hotel An Nhi Hotel', 'Changed Hotel Arapang Hotel 2']"
Arapang Hotel 2,"['688 Hotel Đà Lạt', 'An Garden Dalat', 'An Mai Boutique Hotel', 'Anh Duc Da Lat Hotel', 'Arya Dalat Hotel', 'Bazan Hotel Dalat - STAY 24H', 'Be U Hotel', 'Changed Hotel An Nhi Hotel', 'Changed Hotel AN Boutique Hotel - STAY 24H', 'Changed Hotel Arapang 3 Hotel']"
Nam Xuan Premium Hotel,"['AN Boutique Hotel - STAY 24H', 'An Garden Dalat', 'An Mai Boutique Hotel', 'An Nhi Hotel', 'Arapang Hotel 2', 'Arya Dalat Hotel', 'Bazan Hotel Dalat - STAY 24H', 'Changed Hotel Arapang 3 Hotel', 'Changed Hotel 688 Hotel Đà Lạt', 'Changed Hotel Anh Duc Da Lat Hotel']"
Hoàng Yến Villa Dalat,"['688 Hotel Đà Lạt', 'AN Boutique Hotel - STAY 24H', 'An Mai Boutique Hotel', 'An Nhi Hotel', 'Anh Duc Da Lat Hotel', 'Arapang 3 Hotel', 'Arapang Hotel 2', 'Changed Hotel Arya Dalat Hotel', 'Changed Hotel An Garden Dalat', 'Changed Hotel Bazan Hotel Dalat - STAY 24H']"
M Hotel Đà Lạt,"['Bazan Hotel Dalat - STAY 24H', 'Thien Ly Hotel', '688 Hotel Đà Lạt', 'AN Boutique Hotel - STAY 24H', 'An Garden Dalat', 'An Mai Boutique Hotel', 'Anh Duc Da Lat Hotel', 'Changed Hotel Arapang Hotel 2', 'Changed Hotel An Nhi Hotel', 'Changed Hotel Arapang 3 Hotel']"
The Morris Dalat Hotel,"['Duong Xua Villa', '688 Hotel Đà Lạt', 'An Garden Dalat', 'An Mai Boutique Hotel', 'An Nhi Hotel', 'Anh Duc Da Lat Hotel', 'Arapang Hotel 2', 'Changed Hotel Arapang 3 Hotel', 'Changed Hotel Dalat Wind Hotel', 'Changed Hotel AN Boutique Hotel - STAY 24H']"
Chau Ngân An Hotel Dalat 1,"['Ngọc Nguyên Homestay', 'AN Boutique Hotel - STAY 24H', 'An Garden Dalat', 'An Mai Boutique Hotel', 'An Nhi Hotel', 'Anh Duc Da Lat Hotel', 'Arapang 3 Hotel', 'Changed Hotel Arapang Hotel 2', 'Changed Hotel 688 Hotel Đà Lạt', 'Changed Hotel Vuon Xuan Hotel - STAY 24H']"
Tường Phương Hotel,"['Le Soleil Boutique Hotel', 'Đà Lạt Thanh Xuân Boutique Hotel', '688 Hotel Đà Lạt', 'AN Boutique Hotel - STAY 24H', 'An Garden Dalat', 'An Mai Boutique Hotel', 'An Nhi Hotel', 'Changed Hotel Arapang 3 Hotel', 'Changed Hotel Arapang Hotel 2', 'Changed Hotel Anh Duc Da Lat Hotel']"
Lilly Hotel Dalat,"['Royal Palace', 'AN Boutique Hotel - STAY 24H', 'An Garden Dalat', 'An Mai Boutique Hotel', 'An Nhi Hotel', 'Arapang 3 Hotel', 'Arapang Hotel 2', 'Changed Hotel 688 Hotel Đà Lạt', 'Changed Hotel Anh Duc Da Lat Hotel', 'Changed Hotel Lovely House']"
Lien's Hotel Đà Lạt,"['HANZ Bao Hoang Hotel', '688 Hotel Đà Lạt', 'AN Boutique Hotel - STAY 24H', 'An Nhi Hotel', 'Anh Duc Da Lat Hotel', 'Arapang 3 Hotel', 'Arapang Hotel 2', 'Changed Hotel An Mai Boutique Hotel', 'Changed Hotel Hotel Du Lys', 'Changed Hotel An Garden Dalat']"
Thung Lũng Xanh TQK Hotel,"['688 Hotel Đà Lạt', 'AN Boutique Hotel - STAY 24H', 'An Garden Dalat', 'An Mai Boutique Hotel', 'An Nhi Hotel', 'Anh Duc Da Lat Hotel', 'Arapang Hotel 2', 'Changed Hotel Khách Sạn Tommy', 'Changed Hotel Arapang 3 Hotel', 'Changed Hotel Miền Nhiệt Đới 2 Hotel']"
An Nhi Hotel,"['Le Marais Hotel Dalat', 'AN Boutique Hotel - STAY 24H', 'An Garden Dalat', 'An Mai Boutique Hotel', 'Anh Duc Da Lat Hotel', 'Arapang Hotel 2', 'Arya Dalat Hotel', 'Changed Hotel Arapang 3 Hotel', 'Changed Hotel 688 Hotel Đà Lạt', 'Changed Hotel California Hotel']"
Belle Amour Hotel,"['GREENECO DA LAT HOTEL - Khách sạn Green Eco Đà Lạt', 'nhà cô Bông Đà Lạt', '688 Hotel Đà Lạt', 'AN Boutique Hotel - STAY 24H', 'An Garden Dalat', 'An Nhi Hotel', 'Arapang 3 Hotel', 'Changed Hotel Anh Duc Da Lat Hotel', 'Changed Hotel Arapang Hotel 2', 'Changed Hotel An Mai Boutique Hotel']"
Now Home Dalat,"['Nature Hotel', 'Ngan Hoa - Mille Fleurs 02', '688 Hotel Đà Lạt', 'AN Boutique Hotel - STAY 24H', 'An Garden Dalat', 'An Mai Boutique Hotel', 'Arapang Hotel 2', 'Changed Hotel Anh Duc Da Lat Hotel', 'Changed Hotel An Nhi Hotel', 'Changed Hotel Arapang 3 Hotel']"
River Park Hotel Dalat,"['Le Récit Boutique Hôtel de Dalat', 'Love Hill Resort', '688 Hotel Đà Lạt', 'AN Boutique Hotel - STAY 24H', 'An Garden Dalat', 'An Nhi Hotel', 'Anh Duc Da Lat Hotel', 'Changed Hotel An Mai Boutique Hotel', 'Changed Hotel Arapang Hotel 2', 'Changed Hotel Arapang 3 Hotel']"
DALAT STREAM HOTEL-Khách sạn đẹp Đà Lạt,"['688 Hotel Đà Lạt', 'Khanh Uyen 1 Hotel', 'An Mai Boutique Hotel', 'An Nhi Hotel', 'Anh Duc Da Lat Hotel', 'Arapang Hotel 2', 'Arya Dalat Hotel', 'Changed Hotel AN Boutique Hotel - STAY 24H', 'Changed Hotel Arapang 3 Hotel', 'Changed Hotel An Garden Dalat']"
An Garden Dalat,"['688 Hotel Đà Lạt', 'AN Boutique Hotel - STAY 24H', 'An Mai Boutique Hotel', 'An Nhi Hotel', 'Arapang 3 Hotel', 'Arapang Hotel 2', 'Arya Dalat Hotel', 'Changed Hotel Anh Duc Da Lat Hotel', 'Changed Hotel The Windy BnB - Rollei Stories', 'Changed Hotel Dalat Boutique Hotel']"
Duy Vinh Hotel Dalat,"['Nấp ở TEEPEE homestay', '688 Hotel Đà Lạt', 'An Garden Dalat', 'An Mai Boutique Hotel', 'Anh Duc Da Lat Hotel', 'Arapang 3 Hotel', 'Arapang Hotel 2', 'Changed Hotel Dahill 196 Dalat', 'Changed Hotel An Nhi Hotel', 'Changed Hotel AN Boutique Hotel - STAY 24H']"
Thanh Anh 2 Hotel - Gần Chợ Đêm Đà Lạt,"['Jerry House Đà Lạt', 'Ngoc Phat Dalat Hotel', '688 Hotel Đà Lạt', 'AN Boutique Hotel - STAY 24H', 'An Nhi Hotel', 'Anh Duc Da Lat Hotel', 'Arapang 3 Hotel', 'Changed Hotel An Mai Boutique Hotel', 'Changed Hotel An Garden Dalat', 'Changed Hotel Arapang Hotel 2']"
Tuyet Mai Hotel,"['The Luxe Da Lat', '688 Hotel Đà Lạt', 'An Garden Dalat', 'An Nhi Hotel', 'Anh Duc Da Lat Hotel', 'Arapang 3 Hotel', 'Arapang Hotel 2', 'Changed Hotel An Mai Boutique Hotel', 'Changed Hotel AN Boutique Hotel - STAY 24H', 'Changed Hotel President Hotel']"
M Hotel Đà Lạt 1,"['Moc Thach Blue House DaLat', 'Pontus Hotel', '688 Hotel Đà Lạt', 'An Mai Boutique Hotel', 'An Nhi Hotel', 'Anh Duc Da Lat Hotel', 'Arapang 3 Hotel', 'Changed Hotel An Garden Dalat', 'Changed Hotel AN Boutique Hotel - STAY 24H', 'Changed Hotel Arapang Hotel 2']"
Dat Thien An Hotel 1,"['Ngan Hoa - Mille Fleurs 02 1', '688 Hotel Đà Lạt', 'An Garden Dalat', 'An Nhi Hotel', 'Anh Duc Da Lat Hotel', 'Arapang 3 Hotel', 'Arapang Hotel 2', 'Changed Hotel An Mai Boutique Hotel', 'Changed Hotel AN Boutique Hotel - STAY 24H', 'Changed Hotel Seven A Hotel 1']"
The L'anmien - Villa T89,"['Huong Mai Hotel', 'Mộc Yên Hotel', 'An Garden Dalat', 'An Mai Boutique Hotel', 'An Nhi Hotel', 'Anh Duc Da Lat Hotel', 'Arapang 3 Hotel', 'Changed Hotel Arapang Hotel 2', 'Changed Hotel 688 Hotel Đà Lạt', 'Changed Hotel AN Boutique Hotel - STAY 24H']"
Anh Duc Da Lat Hotel,"['TTR Moonstone Apart Hotel', 'An Garden Dalat', 'An Nhi Hotel', 'Arapang 3 Hotel', 'Arapang Hotel 2', 'Arya Dalat Hotel', 'Bazan Hotel Dalat - STAY 24H', 'Changed Hotel An Mai Boutique Hotel', 'Changed Hotel AN Boutique Hotel - STAY 24H', 'Changed Hotel 688 Hotel Đà Lạt']"
Dalat Terrasse Des Roses Villa,"['Dalat Memory Inn', '688 Hotel Đà Lạt', 'An Garden Dalat', 'An Mai Boutique Hotel', 'An Nhi Hotel', 'Arapang 3 Hotel', 'Arapang Hotel 2', 'Changed Hotel AN Boutique Hotel - STAY 24H', 'Changed Hotel Arya Dalat Hotel', 'Changed Hotel Anh Duc Da Lat Hotel']"
Villa - Hotel Nam Khang 2 Dalat,"['An Garden Dalat', 'An Nhi Hotel', 'Anh Duc Da Lat Hotel', 'Arapang 3 Hotel', 'Arapang Hotel 2', 'Arya Dalat Hotel', 'Bazan Hotel Dalat - STAY 24H', 'Changed Hotel An Mai Boutique Hotel', 'Changed Hotel AN Boutique Hotel - STAY 24H', 'Changed Hotel 688 Hotel Đà Lạt']"
HANZ Chuong Hotel Dalat,"['AN Boutique Hotel - STAY 24H', 'An Garden Dalat', 'An Mai Boutique Hotel', 'An Nhi Hotel', 'Anh Duc Da Lat Hotel', 'Arya Dalat Hotel', 'Bazan Hotel Dalat - STAY 24H', 'Changed Hotel Arapang 3 Hotel', 'Changed Hotel Arapang Hotel 2', 'Changed Hotel 688 Hotel Đà Lạt']"
Đảo Hoa Dalat Hotel,"['688 Hotel Đà Lạt', 'An Garden Dalat', 'An Mai Boutique Hotel', 'An Nhi Hotel', 'Anh Duc Da Lat Hotel', 'Arapang 3 Hotel', 'Arapang Hotel 2', 'Changed Hotel Arya Dalat Hotel', 'Changed Hotel Bazan Hotel Dalat - STAY 24H', 'Changed Hotel AN Boutique Hotel - STAY 24H']"
Interstella Hotel,"['688 Hotel Đà Lạt', 'AN Boutique Hotel - STAY 24H', 'An Mai Boutique Hotel', 'An Nhi Hotel', 'Anh Duc Da Lat Hotel', 'Arya Dalat Hotel', 'Bazan Hotel Dalat - STAY 24H', 'Changed Hotel Arapang Hotel 2', 'Changed Hotel Arapang 3 Hotel', 'Changed Hotel An Garden Dalat']"
Silent Night Dem Lanh Hotel,"['688 Hotel Đà Lạt', 'An Garden Dalat', 'An Mai Boutique Hotel', 'An Nhi Hotel', 'Anh Duc Da Lat Hotel', 'Arapang Hotel 2', 'Bazan Hotel Dalat - STAY 24H', 'Changed Hotel Arapang 3 Hotel', 'Changed Hotel Arya Dalat Hotel', 'Changed Hotel AN Boutique Hotel - STAY 24H']"
Omirita Resort Dalat,"['AN Boutique Hotel - STAY 24H', 'An Mai Boutique Hotel', 'Anh Duc Da Lat Hotel', 'Arapang 3 Hotel', 'Arapang Hotel 2', 'Arya Dalat Hotel', 'Bazan Hotel Dalat - STAY 24H', 'Changed Hotel An Garden Dalat', 'Changed Hotel 688 Hotel Đà Lạt', 'Changed Hotel An Nhi Hotel']"
Mercure Dalat Resort,"['688 Hotel Đà Lạt', 'An Mai Boutique Hotel', 'An Nhi Hotel', 'Arapang 3 Hotel', 'Arapang Hotel 2', 'Arya Dalat Hotel', 'Bazan Hotel Dalat - STAY 24H', 'Changed Hotel AN Boutique Hotel - STAY 24H', 'Changed Hotel An Garden Dalat', 'Changed Hotel Anh Duc Da Lat Hotel']"
La Fleur 2 Luxury Garden Hotel,"['688 Hotel Đà Lạt', 'An Garden Dalat', 'An Nhi Hotel', 'Arapang 3 Hotel', 'Arapang Hotel 2', 'Arya Dalat Hotel', 'Bazan Hotel Dalat - STAY 24H', 'Changed Hotel AN Boutique Hotel - STAY 24H', 'Changed Hotel An Mai Boutique Hotel', 'Changed Hotel Anh Duc Da Lat Hotel']"
Kings Hotel Dalat,"['688 Hotel Đà Lạt', 'An Garden Dalat', 'An Mai Boutique Hotel', 'An Nhi Hotel', 'Anh Duc Da Lat Hotel', 'Arya Dalat Hotel', 'Bazan Hotel Dalat - STAY 24H', 'Changed Hotel Arapang 3 Hotel', 'Changed Hotel AN Boutique Hotel - STAY 24H', 'Changed Hotel Arapang Hotel 2']"
N'Queen Villa,"['688 Hotel Đà Lạt', 'AN Boutique Hotel - STAY 24H', 'An Mai Boutique Hotel', 'Anh Duc Da Lat Hotel', 'Arapang 3 Hotel', 'Arapang Hotel 2', 'Arya Dalat Hotel', 'Changed Hotel An Nhi Hotel', 'Changed Hotel An Garden Dalat', 'Changed Hotel Bazan Hotel Dalat - STAY 24H']"
Dalat Paradise Hotel,"['AN Boutique Hotel - STAY 24H', 'An Mai Boutique Hotel', 'An Nhi Hotel', 'Anh Duc Da Lat Hotel', 'Arapang Hotel 2', 'Arya Dalat Hotel', 'Bazan Hotel Dalat - STAY 24H', 'Changed Hotel 688 Hotel Đà Lạt', 'Changed Hotel An Garden Dalat', 'Changed Hotel Arapang 3 Hotel']"
An Mai Boutique Hotel,"['688 Hotel Đà Lạt', 'AN Boutique Hotel - STAY 24H', 'An Garden Dalat', 'Arapang 3 Hotel', 'Arapang Hotel 2', 'Arya Dalat Hotel', 'Be U Hotel', 'Changed Hotel Bazan Hotel Dalat - STAY 24H', 'Changed Hotel An Nhi Hotel', 'Changed Hotel Anh Duc Da Lat Hotel']"
Queen T&T Dalat Hotel,"['688 Hotel Đà Lạt', 'AN Boutique Hotel - STAY 24H', 'An Mai Boutique Hotel', 'Anh Duc Da Lat Hotel', 'Arapang 3 Hotel', 'Arya Dalat Hotel', 'Bazan Hotel Dalat - STAY 24H', 'Changed Hotel An Garden Dalat', 'Changed Hotel Arapang Hotel 2', 'Changed Hotel An Nhi Hotel']"
Moc Thach Hostel Dalat,"['AN Boutique Hotel - STAY 24H', 'An Mai Boutique Hotel', 'Anh Duc Da Lat Hotel', 'Arapang 3 Hotel', 'Arapang Hotel 2', 'Arya Dalat Hotel', 'Bazan Hotel Dalat - STAY 24H', 'Changed Hotel 688 Hotel Đà Lạt', 'Changed Hotel An Garden Dalat', 'Changed Hotel An Nhi Hotel']"
Lan Anh Hotel,"['AN Boutique Hotel - STAY 24H', 'An Garden Dalat', 'An Mai Boutique Hotel', 'Anh Duc Da Lat Hotel', 'Arapang 3 Hotel', 'Arapang Hotel 2', 'Arya Dalat Hotel', 'Changed Hotel 688 Hotel Đà Lạt', 'Changed Hotel An Nhi Hotel', 'Changed Hotel Bazan Hotel Dalat - STAY 24H']"
Khách Sạn Hưng Nguyên Valley ĐàLạt,"['Phuong Vy Hotel', 'Tasme Hotel', 'Thung Lũng Xanh TQK Hotel 1', 'AN Boutique Hotel - STAY 24H', 'An Garden Dalat', 'An Nhi Hotel', 'Anh Duc Da Lat Hotel', 'Changed Hotel An Mai Boutique Hotel', 'Changed Hotel 688 Hotel Đà Lạt', 'Changed Hotel La Fleur Premium Central Apartment']"
Savio House,"['688 Hotel Đà Lạt', 'AN Boutique Hotel - STAY 24H', 'An Garden Dalat', 'An Mai Boutique Hotel', 'An Nhi Hotel', 'Arapang Hotel 2', 'Arya Dalat Hotel', 'Changed Hotel Bazan Hotel Dalat - STAY 24H', 'Changed Hotel Anh Duc Da Lat Hotel', 'Changed Hotel Arapang 3 Hotel']"
White Horse 24A Hotel,"['AN Boutique Hotel - STAY 24H', 'An Garden Dalat', 'An Mai Boutique Hotel', 'An Nhi Hotel', 'Anh Duc Da Lat Hotel', 'Arapang 3 Hotel', 'Bazan Hotel Dalat - STAY 24H', 'Changed Hotel 688 Hotel Đà Lạt', 'Changed Hotel Arapang Hotel 2', 'Changed Hotel Arya Dalat Hotel']"
Hodota The Blessed Virgin Dalat,"['688 Hotel Đà Lạt', 'AN Boutique Hotel - STAY 24H', 'An Garden Dalat', 'An Nhi Hotel', 'Anh Duc Da Lat Hotel', 'Arapang Hotel 2', 'Bazan Hotel Dalat - STAY 24H', 'Changed Hotel Arapang 3 Hotel', 'Changed Hotel An Mai Boutique Hotel', 'Changed Hotel Arya Dalat Hotel']"
Cherry Suites Dalat,"['688 Hotel Đà Lạt', 'AN Boutique Hotel - STAY 24H', 'An Mai Boutique Hotel', 'An Nhi Hotel', 'Anh Duc Da Lat Hotel', 'Arapang 3 Hotel', 'Arya Dalat Hotel', 'Changed Hotel An Garden Dalat', 'Changed Hotel Bazan Hotel Dalat - STAY 24H', 'Changed Hotel Arapang Hotel 2']"
Moc Thach Hostel Dalat 1,"['Da Lat Lemongrass - Đà Lạt Sả', 'Du Parc Hotel Dalat', 'Royal Dalat Hotel', 'Sugar Land Villa Hotel', '688 Hotel Đà Lạt', 'An Mai Boutique Hotel', 'An Nhi Hotel', 'Changed Hotel AN Boutique Hotel - STAY 24H', 'Changed Hotel Anh Duc Da Lat Hotel', 'Changed Hotel An Garden Dalat']"
Thiên Trang Hotel Đà Lạt,"['Europa Hotel', 'Nhà An Đà Lạt Hotel - Khách sạn mới xây rất đẹp', '688 Hotel Đà Lạt', 'AN Boutique Hotel - STAY 24H', 'An Garden Dalat', 'An Mai Boutique Hotel', 'Anh Duc Da Lat Hotel', 'Changed Hotel Horizon Village Dalat', 'Changed Hotel Daruma Home', 'Changed Hotel An Nhi Hotel']"
New Life Hotel - Da Lat,"['688 Hotel Đà Lạt', 'An Garden Dalat', 'An Nhi Hotel', 'Anh Duc Da Lat Hotel', 'Arapang Hotel 2', 'Arya Dalat Hotel', 'Bazan Hotel Dalat - STAY 24H', 'Changed Hotel An Mai Boutique Hotel', 'Changed Hotel AN Boutique Hotel - STAY 24H', 'Changed Hotel Arapang 3 Hotel']"
The Grace Hotel,"['688 Hotel Đà Lạt', 'AN Boutique Hotel - STAY 24H', 'An Mai Boutique Hotel', 'An Nhi Hotel', 'Anh Duc Da Lat Hotel', 'Arapang Hotel 2', 'Bazan Hotel Dalat - STAY 24H', 'Changed Hotel An Garden Dalat', 'Changed Hotel Arapang 3 Hotel', 'Changed Hotel Arya Dalat Hotel']"
Lasol Boutique Hotel,"['AN Boutique Hotel - STAY 24H', 'An Garden Dalat', 'Anh Duc Da Lat Hotel', 'Arapang 3 Hotel', 'Arapang Hotel 2', 'Arya Dalat Hotel', 'Bazan Hotel Dalat - STAY 24H', 'Changed Hotel An Nhi Hotel', 'Changed Hotel An Mai Boutique Hotel', 'Changed Hotel 688 Hotel Đà Lạt']"
Hong Mon Villa,"['688 Hotel Đà Lạt', 'An Garden Dalat', 'An Mai Boutique Hotel', 'An Nhi Hotel', 'Anh Duc Da Lat Hotel', 'Arapang 3 Hotel', 'Arya Dalat Hotel', 'Changed Hotel Bazan Hotel Dalat - STAY 24H', 'Changed Hotel Arapang Hotel 2', 'Changed Hotel AN Boutique Hotel - STAY 24H']"
Q's House Dalat,"['688 Hotel Đà Lạt', 'An Mai Boutique Hotel', 'Anh Duc Da Lat Hotel', 'Arapang 3 Hotel', 'Arapang Hotel 2', 'Arya Dalat Hotel', 'Bazan Hotel Dalat - STAY 24H', 'Changed Hotel AN Boutique Hotel - STAY 24H', 'Changed Hotel An Nhi Hotel', 'Changed Hotel An Garden Dalat']"
Cuong Thinh Homestay Camping & Coffee,"['688 Hotel Đà Lạt', 'AN Boutique Hotel - STAY 24H', 'An Mai Boutique Hotel', 'An Nhi Hotel', 'Anh Duc Da Lat Hotel', 'Arapang 3 Hotel', 'Arapang Hotel 2', 'Changed Hotel Bazan Hotel Dalat - STAY 24H', 'Changed Hotel Arya Dalat Hotel', 'Changed Hotel An Garden Dalat']"
Thien Ly Hotel,"['Bazan Hotel Dalat - STAY 24H', '688 Hotel Đà Lạt', 'AN Boutique Hotel - STAY 24H', 'An Mai Boutique Hotel', 'An Nhi Hotel', 'Anh Duc Da Lat Hotel', 'Arapang Hotel 2', 'Changed Hotel Arapang 3 Hotel', 'Changed Hotel M Hotel Đà Lạt', 'Changed Hotel An Garden Dalat']"
Duong Xua Villa,"['Dalat Wind Hotel', 'The Morris Dalat Hotel', 'An Mai Boutique Hotel', 'An Nhi Hotel', 'Anh Duc Da Lat Hotel', 'Arapang 3 Hotel', 'Arapang Hotel 2', 'Changed Hotel An Garden Dalat', 'Changed Hotel AN Boutique Hotel - STAY 24H', 'Changed Hotel 688 Hotel Đà Lạt']"
Ngọc Nguyên Homestay,"['Chau Ngân An Hotel Dalat 1', '688 Hotel Đà Lạt', 'An Garden Dalat', 'An Mai Boutique Hotel', 'An Nhi Hotel', 'Arapang 3 Hotel', 'Arapang Hotel 2', 'Changed Hotel AN Boutique Hotel - STAY 24H', 'Changed Hotel Anh Duc Da Lat Hotel', 'Changed Hotel Vuon Xuan Hotel - STAY 24H']"
Le Soleil Boutique Hotel,"['688 Hotel Đà Lạt', 'AN Boutique Hotel - STAY 24H', 'An Garden Dalat', 'An Mai Boutique Hotel', 'An Nhi Hotel', 'Anh Duc Da Lat Hotel', 'Arapang 3 Hotel', 'Changed Hotel Đà Lạt Thanh Xuân Boutique Hotel', 'Changed Hotel Tường Phương Hotel', 'Changed Hotel Arapang Hotel 2']"
Royal Palace,"['Lilly Hotel Dalat', 'Lovely House', 'An Garden Dalat', 'An Mai Boutique Hotel', 'An Nhi Hotel', 'Anh Duc Da Lat Hotel', 'Arapang 3 Hotel', 'Changed Hotel AN Boutique Hotel - STAY 24H', 'Changed Hotel 688 Hotel Đà Lạt', 'Changed Hotel Arapang Hotel 2']"
Hotel Du Lys,"['HANZ Bao Hoang Hotel', ""Lien's Hotel Đà Lạt"", '688 Hotel Đà Lạt', 'AN Boutique Hotel - STAY 24H', 'An Garden Dalat', 'Anh Duc Da Lat Hotel', 'Arapang 3 Hotel', 'Changed Hotel An Nhi Hotel', 'Changed Hotel Arapang Hotel 2', 'Changed Hotel An Mai Boutique Hotel']"
Khách Sạn Tommy,"['Thung Lũng Xanh TQK Hotel', '688 Hotel Đà Lạt', 'AN Boutique Hotel - STAY 24H', 'An Mai Boutique Hotel', 'An Nhi Hotel', 'Anh Duc Da Lat Hotel', 'Arapang Hotel 2', 'Changed Hotel Miền Nhiệt Đới 2 Hotel', 'Changed Hotel An Garden Dalat', 'Changed Hotel Arapang 3 Hotel']"
California Hotel,"['An Nhi Hotel', '688 Hotel Đà Lạt', 'An Garden Dalat', 'An Mai Boutique Hotel', 'Anh Duc Da Lat Hotel', 'Arapang 3 Hotel', 'Arapang Hotel 2', 'Changed Hotel Le Marais Hotel Dalat', 'Changed Hotel AN Boutique Hotel - STAY 24H', 'Changed Hotel Arya Dalat Hotel']"
nhà cô Bông Đà Lạt,"['GREENECO DA LAT HOTEL - Khách sạn Green Eco Đà Lạt', '688 Hotel Đà Lạt', 'AN Boutique Hotel - STAY 24H', 'An Mai Boutique Hotel', 'An Nhi Hotel', 'Anh Duc Da Lat Hotel', 'Arapang Hotel 2', 'Changed Hotel An Garden Dalat', 'Changed Hotel Arapang 3 Hotel', 'Changed Hotel Belle Amour Hotel']"
Ngan Hoa - Mille Fleurs 02,"['Now Home Dalat', '688 Hotel Đà Lạt', 'AN Boutique Hotel - STAY 24H', 'An Mai Boutique Hotel', 'An Nhi Hotel', 'Anh Duc Da Lat Hotel', 'Arapang 3 Hotel', 'Changed Hotel Arapang Hotel 2', 'Changed Hotel An Garden Dalat', 'Changed Hotel Nature Hotel']"
Love Hill Resort,"['688 Hotel Đà Lạt', 'AN Boutique Hotel - STAY 24H', 'An Garden Dalat', 'An Nhi Hotel', 'Anh Duc Da Lat Hotel', 'Arapang 3 Hotel', 'Arapang Hotel 2', 'Changed Hotel An Mai Boutique Hotel', 'Changed Hotel River Park Hotel Dalat', 'Changed Hotel Le Récit Boutique Hôtel de Dalat']"
688 Hotel Đà Lạt,"['AN Boutique Hotel - STAY 24H', 'An Garden Dalat', 'An Mai Boutique Hotel', 'Anh Duc Da Lat Hotel', 'Arapang 3 Hotel', 'Arapang Hotel 2', 'Arya Dalat Hotel', 'Changed Hotel DALAT STREAM HOTEL-Khách sạn đẹp Đà Lạt', 'Changed Hotel Khanh Uyen 1 Hotel', 'Changed Hotel An Nhi Hotel']"
The Windy BnB - Rollei Stories,"['An Garden Dalat', '688 Hotel Đà Lạt', 'AN Boutique Hotel - STAY 24H', 'An Mai Boutique Hotel', 'An Nhi Hotel', 'Arapang Hotel 2', 'Arya Dalat Hotel', 'Changed Hotel Arapang 3 Hotel', 'Changed Hotel Anh Duc Da Lat Hotel', 'Changed Hotel Dalat Boutique Hotel']"
Dahill 196 Dalat,"['Duy Vinh Hotel Dalat', 'Nấp ở TEEPEE homestay', 'AN Boutique Hotel - STAY 24H', 'An Garden Dalat', 'An Mai Boutique Hotel', 'An Nhi Hotel', 'Arapang Hotel 2', 'Changed Hotel Anh Duc Da Lat Hotel', 'Changed Hotel 688 Hotel Đà Lạt', 'Changed Hotel Arapang 3 Hotel']"
Ngoc Phat Dalat Hotel,"['688 Hotel Đà Lạt', 'AN Boutique Hotel - STAY 24H', 'An Garden Dalat', 'An Mai Boutique Hotel', 'An Nhi Hotel', 'Anh Duc Da Lat Hotel', 'Arapang 3 Hotel', 'Changed Hotel Thanh Anh 2 Hotel - Gần Chợ Đêm Đà Lạt', 'Changed Hotel Jerry House Đà Lạt', 'Changed Hotel Arapang Hotel 2']"
The Luxe Da Lat,"['President Hotel', 'Tuyet Mai Hotel', '688 Hotel Đà Lạt', 'AN Boutique Hotel - STAY 24H', 'An Mai Boutique Hotel', 'Anh Duc Da Lat Hotel', 'Arapang Hotel 2', 'Changed Hotel An Nhi Hotel', 'Changed Hotel An Garden Dalat', 'Changed Hotel Arapang 3 Hotel']"
Moc Thach Blue House DaLat,"['AN Boutique Hotel - STAY 24H', 'An Garden Dalat', 'An Mai Boutique Hotel', 'An Nhi Hotel', 'Anh Duc Da Lat Hotel', 'Arapang 3 Hotel', 'Arapang Hotel 2', 'Changed Hotel 688 Hotel Đà Lạt', 'Changed Hotel M Hotel Đà Lạt 1', 'Changed Hotel Pontus Hotel']"
Ngan Hoa - Mille Fleurs 02 1,"['Dat Thien An Hotel 1', 'Seven A Hotel 1', '688 Hotel Đà Lạt', 'AN Boutique Hotel - STAY 24H', 'Anh Duc Da Lat Hotel', 'Arapang 3 Hotel', 'Arapang Hotel 2', 'Changed Hotel An Nhi Hotel', 'Changed Hotel An Garden Dalat', 'Changed Hotel An Mai Boutique Hotel']"
Huong Mai Hotel,"['Mộc Yên Hotel', ""The L'anmien - Villa T89"", '688 Hotel Đà Lạt', 'AN Boutique Hotel - STAY 24H', 'An Mai Boutique Hotel', 'Anh Duc Da Lat Hotel', 'Arapang Hotel 2', 'Changed Hotel An Garden Dalat', 'Changed Hotel Arapang 3 Hotel', 'Changed Hotel An Nhi Hotel']"
Thung Lũng Xanh TQK Hotel 1,"['Khách Sạn Hưng Nguyên Valley ĐàLạt', 'La Fleur Premium Central Apartment', 'Phuong Vy Hotel', 'AN Boutique Hotel - STAY 24H', 'An Garden Dalat', 'An Mai Boutique Hotel', 'An Nhi Hotel', 'Changed Hotel 688 Hotel Đà Lạt', 'Changed Hotel Tasme Hotel', 'Changed Hotel Anh Duc Da Lat Hotel']"
Sugar Land Villa Hotel,"['Du Parc Hotel Dalat', 'Moc Thach Hostel Dalat 1', '688 Hotel Đà Lạt', 'AN Boutique Hotel - STAY 24H', 'An Garden Dalat', 'An Mai Boutique Hotel', 'An Nhi Hotel', 'Changed Hotel Royal Dalat Hotel', 'Changed Hotel Anh Duc Da Lat Hotel', 'Changed Hotel Da Lat Lemongrass - Đà Lạt Sả']"
Europa Hotel,"['Daruma Home', 'Horizon Village Dalat', 'Thiên Trang Hotel Đà Lạt', '688 Hotel Đà Lạt', 'An Mai Boutique Hotel', 'An Nhi Hotel', 'Anh Duc Da Lat Hotel', 'Changed Hotel Nhà An Đà Lạt Hotel - Khách sạn mới xây rất đẹp', 'Changed Hotel An Garden Dalat', 'Changed Hotel AN Boutique Hotel - STAY 24H']"
Eco Home Da Lat,"['688 Hotel Đà Lạt', 'An Mai Boutique Hotel', 'Anh Duc Da Lat Hotel', 'Arapang 3 Hotel', 'Arapang Hotel 2', 'Arya Dalat Hotel', 'Bazan Hotel Dalat - STAY 24H', 'Changed Hotel AN Boutique Hotel - STAY 24H', 'Changed Hotel An Garden Dalat', 'Changed Hotel An Nhi Hotel']"
TTR Studio Apart Hotel,"['AN Boutique Hotel - STAY 24H', 'An Garden Dalat', 'An Mai Boutique Hotel', 'An Nhi Hotel', 'Anh Duc Da Lat Hotel', 'Arapang 3 Hotel', 'Arya Dalat Hotel', 'Changed Hotel 688 Hotel Đà Lạt', 'Changed Hotel Bazan Hotel Dalat - STAY 24H', 'Changed Hotel Arapang Hotel 2']"
Khách sạn Hải Hoa Đà Lạt,"['688 Hotel Đà Lạt', 'AN Boutique Hotel - STAY 24H', 'An Garden Dalat', 'An Mai Boutique Hotel', 'Anh Duc Da Lat Hotel', 'Arapang 3 Hotel', 'Arya Dalat Hotel', 'Changed Hotel Arapang Hotel 2', 'Changed Hotel An Nhi Hotel', 'Changed Hotel Bazan Hotel Dalat - STAY 24H']"
OYO 1196 Le Vu Hotel,"['AN Boutique Hotel - STAY 24H', 'An Garden Dalat', 'An Nhi Hotel', 'Arapang 3 Hotel', 'Arapang Hotel 2', 'Arya Dalat Hotel', 'Bazan Hotel Dalat - STAY 24H', 'Changed Hotel An Mai Boutique Hotel', 'Changed Hotel Anh Duc Da Lat Hotel', 'Changed Hotel 688 Hotel Đà Lạt']"
Xuan Cuong Hotel,"['An Garden Dalat', 'An Mai Boutique Hotel', 'An Nhi Hotel', 'Anh Duc Da Lat Hotel', 'Arapang 3 Hotel', 'Arapang Hotel 2', 'Bazan Hotel Dalat - STAY 24H', 'Changed Hotel Arya Dalat Hotel', 'Changed Hotel 688 Hotel Đà Lạt', 'Changed Hotel AN Boutique Hotel - STAY 24H']"
Dang Uyen 1 Hotel,"['688 Hotel Đà Lạt', 'AN Boutique Hotel - STAY 24H', 'An Nhi Hotel', 'Arapang 3 Hotel', 'Arapang Hotel 2', 'Arya Dalat Hotel', 'Bazan Hotel Dalat - STAY 24H', 'Changed Hotel An Garden Dalat', 'Changed Hotel An Mai Boutique Hotel', 'Changed Hotel Anh Duc Da Lat Hotel']"
G House Da Lat,"['AN Boutique Hotel - STAY 24H', 'An Garden Dalat', 'An Mai Boutique Hotel', 'Anh Duc Da Lat Hotel', 'Arapang 3 Hotel', 'Arapang Hotel 2', 'Arya Dalat Hotel', 'Changed Hotel An Nhi Hotel', 'Changed Hotel Bazan Hotel Dalat - STAY 24H', 'Changed Hotel 688 Hotel Đà Lạt']"
Mai Hoang Da Lat Hotel,"['688 Hotel Đà Lạt', 'AN Boutique Hotel - STAY 24H', 'An Mai Boutique Hotel', 'An Nhi Hotel', 'Anh Duc Da Lat Hotel', 'Arapang 3 Hotel', 'Arya Dalat Hotel', 'Changed Hotel Arapang Hotel 2', 'Changed Hotel Bazan Hotel Dalat - STAY 24H', 'Changed Hotel An Garden Dalat']"
Ánh Phương Hotel Đà Lạt,"['AN Boutique Hotel - STAY 24H', 'An Mai Boutique Hotel', 'An Nhi Hotel', 'Anh Duc Da Lat Hotel', 'Arapang 3 Hotel', 'Arapang Hotel 2', 'Arya Dalat Hotel', 'Changed Hotel 688 Hotel Đà Lạt', 'Changed Hotel An Garden Dalat', 'Changed Hotel Bazan Hotel Dalat - STAY 24H']"
Tuan Thuy Hotel,"['688 Hotel Đà Lạt', 'AN Boutique Hotel - STAY 24H', 'An Mai Boutique Hotel', 'An Nhi Hotel', 'Anh Duc Da Lat Hotel', 'Arya Dalat Hotel', 'Bazan Hotel Dalat - STAY 24H', 'Changed Hotel An Garden Dalat', 'Changed Hotel Arapang 3 Hotel', 'Changed Hotel Arapang Hotel 2']"
Phuong Vy Hotel,"['Khách Sạn Hưng Nguyên Valley ĐàLạt', 'La Fleur Premium Central Apartment', 'Tasme Hotel', 'AN Boutique Hotel - STAY 24H', 'An Mai Boutique Hotel', 'An Nhi Hotel', 'Anh Duc Da Lat Hotel', 'Changed Hotel Thung Lũng Xanh TQK Hotel 1', 'Changed Hotel 688 Hotel Đà Lạt', 'Changed Hotel An Garden Dalat']"
Da Lat Lemongrass - Đà Lạt Sả,"['Royal Dalat Hotel', 'Sugar Land Villa Hotel', '688 Hotel Đà Lạt', 'AN Boutique Hotel - STAY 24H', 'An Mai Boutique Hotel', 'An Nhi Hotel', 'Anh Duc Da Lat Hotel', 'Changed Hotel An Garden Dalat', 'Changed Hotel Moc Thach Hostel Dalat 1', 'Changed Hotel Du Parc Hotel Dalat']"
Nhà An Đà Lạt Hotel - Khách sạn mới xây rất đẹp,"['Daruma Home', 'Europa Hotel', 'Horizon Village Dalat', 'Thiên Trang Hotel Đà Lạt', 'AN Boutique Hotel - STAY 24H', 'An Mai Boutique Hotel', 'An Nhi Hotel', 'Changed Hotel Anh Duc Da Lat Hotel', 'Changed Hotel 688 Hotel Đà Lạt', 'Changed Hotel An Garden Dalat']"
Thanh Anh 2 Hotel - Gần Chợ Đêm Đà Lạt 1,"['688 Hotel Đà Lạt', 'An Garden Dalat', 'An Mai Boutique Hotel', 'An Nhi Hotel', 'Anh Duc Da Lat Hotel', 'Arapang Hotel 2', 'Bazan Hotel Dalat - STAY 24H', 'Changed Hotel Arya Dalat Hotel', 'Changed Hotel Arapang 3 Hotel', 'Changed Hotel AN Boutique Hotel - STAY 24H']"
Hoàng Gia Boutique Hotel,"['688 Hotel Đà Lạt', 'AN Boutique Hotel - STAY 24H', 'An Nhi Hotel', 'Anh Duc Da Lat Hotel', 'Arapang 3 Hotel', 'Arapang Hotel 2', 'Arya Dalat Hotel', 'Changed Hotel An Mai Boutique Hotel', 'Changed Hotel Bazan Hotel Dalat - STAY 24H', 'Changed Hotel An Garden Dalat']"
OYO 1195 Vu Thanh Hotel,"['688 Hotel Đà Lạt', 'AN Boutique Hotel - STAY 24H', 'An Nhi Hotel', 'Anh Duc Da Lat Hotel', 'Arapang Hotel 2', 'Arya Dalat Hotel', 'Bazan Hotel Dalat - STAY 24H', 'Changed Hotel Arapang 3 Hotel', 'Changed Hotel An Mai Boutique Hotel', 'Changed Hotel An Garden Dalat']"
Dalat Serene Villa,"['An Garden Dalat', 'An Mai Boutique Hotel', 'An Nhi Hotel', 'Anh Duc Da Lat Hotel', 'Arapang 3 Hotel', 'Arapang Hotel 2', 'Arya Dalat Hotel', 'Changed Hotel Bazan Hotel Dalat - STAY 24H', 'Changed Hotel AN Boutique Hotel - STAY 24H', 'Changed Hotel 688 Hotel Đà Lạt']"
BĂNG BĂNG HOSTEL,"['688 Hotel Đà Lạt', 'AN Boutique Hotel - STAY 24H', 'An Nhi Hotel', 'Arapang 3 Hotel', 'Arapang Hotel 2', 'Arya Dalat Hotel', 'Bazan Hotel Dalat - STAY 24H', 'Changed Hotel An Garden Dalat', 'Changed Hotel Anh Duc Da Lat Hotel', 'Changed Hotel An Mai Boutique Hotel']"
ECOTIME Villa Da Lat,"['AN Boutique Hotel - STAY 24H', 'An Garden Dalat', 'An Mai Boutique Hotel', 'An Nhi Hotel', 'Anh Duc Da Lat Hotel', 'Arapang 3 Hotel', 'Bazan Hotel Dalat - STAY 24H', 'Changed Hotel Arya Dalat Hotel', 'Changed Hotel 688 Hotel Đà Lạt', 'Changed Hotel Arapang Hotel 2']"
Vân Nhi MTV Hotel,"['AN Boutique Hotel - STAY 24H', 'An Garden Dalat', 'Anh Duc Da Lat Hotel', 'Arapang 3 Hotel', 'Arapang Hotel 2', 'Arya Dalat Hotel', 'Bazan Hotel Dalat - STAY 24H', 'Changed Hotel 688 Hotel Đà Lạt', 'Changed Hotel An Mai Boutique Hotel', 'Changed Hotel An Nhi Hotel']"
