User Name,Recommendations
Lệ Băng,"['Tour đi bộ tham quan Tử Cấm Thành ở Huế', 'Tour tham quan thành phố bằng xe máy có hướng dẫn viên', 'Tour thành phố Huế cả ngày và đi thuyền trên sông Hương', 'Tour tham quan thành phố Huế trong 1 ngày', 'Tour riêng tham quan thành phố Huế', 'Tour đi bộ và đi xích lô ở Kinh thành Huế có hướng dẫn', 'Tour thành phố có hướng dẫn viên cả ngày', 'Changed Attraction Tour xe đạp nửa ngày qua vùng nông thôn ở Huế', 'Changed Attraction Tour nửa ngày tham quan lăng tẩm triều đình Huế', 'Changed Attraction Tour nhóm nhỏ tham quan Thành phố Huế kèm bữa trưa']"
Sơn Trang,"['Tour trọn ngày tìm hiểu văn vóa với bữa trưa & du thuyền trên sông', 'Tour thành phố Huế cả ngày và đi thuyền trên sông Hương', 'Tour xe đạp nửa ngày qua vùng nông thôn ở Huế', 'Tour tham quan thành phố Huế trong 1 ngày', 'Tour riêng tham quan thành phố Huế', 'Tour tham quan thành phố Huế trong nửa ngày có hướng dẫn', 'Tour thành phố có hướng dẫn viên cả ngày', 'Changed Attraction Tour đi bộ tham quan Tử Cấm Thành ở Huế', 'Changed Attraction Tour xe máy Easy Rider', 'Changed Attraction Tour tham quan thành phố bằng xe máy có hướng dẫn viên']"
Khuyến Học,"['Ga Bà Nà Hills từ Huế', 'Tour nhóm nhỏ tham quan Thành phố Huế kèm bữa trưa', 'Tour tham quan thành phố Huế trong 1 ngày', 'Tour riêng tham quan thành phố Huế', 'Tour Huế buổi tối và bữa tối trên thuyền', 'Tour tham quan thành phố Huế và đi thuyền rồng', 'Tour tham quan thành phố bằng xe máy có hướng dẫn viên', 'Changed Attraction Tour tham quan các địa danh ở Huế', 'Changed Attraction Tour xe máy Easy Rider', 'Changed Attraction Tour tham quan Huế cả ngày']"
Ðức Thắng,"['Tour tham quan thành phố Huế trong 1 ngày', 'Tour tham quan thành phố Huế trong nửa ngày có hướng dẫn', 'Tour đi bộ tham quan Tử Cấm Thành ở Huế', 'Tour tham quan các địa danh ở Huế', 'Tour tham quan Huế trong nửa ngày', 'Tour thành phố có hướng dẫn viên cả ngày', 'Tour Huế buổi tối và bữa tối trên thuyền', 'Changed Attraction Tour thành phố Huế cả ngày và đi thuyền trên sông Hương', 'Changed Attraction Tour riêng tham quan thành phố Huế', 'Changed Attraction Tour tham quan thành phố bằng xe máy có hướng dẫn viên']"
Tâm Thiện,"['Tour tham quan Huế cả ngày', 'Tour tham quan các địa danh ở Huế', 'Tour thành phố có hướng dẫn viên cả ngày', 'Chuyến đi trong ngày đến thăm Khu phi quân sự của Việt Nam', 'Tour ẩm thực riêng vào buổi tối', 'Tour Phá Tam Giang và dùng bữa tối', 'Cả ngày: Đèo Hải Vân, biển Lăng Cô, hồ Truồi', 'Changed Attraction Tour thành phố Huế cả ngày và đi thuyền trên sông Hương', 'Changed Attraction Tour nửa ngày tham quan Cố đô và đi thuyền', 'Changed Attraction Ga Bà Nà Hills từ Huế']"
Thế Anh,"['Tour nửa ngày đến làng Sình & làng Thủy Xuân', 'Tour xe đạp đến làng Thanh Toàn', 'Tour thành phố Huế cả ngày và đi thuyền trên sông Hương', 'Tour suối nước nóng, zipline và đi dây trên cao', 'Tour nửa ngày tham quan lăng tẩm triều đình Huế', 'Tour xe máy Easy Rider', 'Tour tham quan thành phố Huế trong 1 ngày', 'Changed Attraction Tour riêng về ẩm thực đường phố có hướng dẫn và đi xích lô', 'Changed Attraction Tour tham quan thành phố bằng xe máy có hướng dẫn viên', 'Changed Attraction Tour tham quan thành phố Huế trong nửa ngày có hướng dẫn']"
Mai Quyên,"['Tour ẩm thực riêng vào buổi tối', 'Tour tham quan Khu phi quân sự vĩ tuyến 17', 'Tour ẩm thực buổi tối', 'Tour riêng về ẩm thực đường phố có hướng dẫn và đi xích lô', 'Tour Phá Tam Giang và dùng bữa tối', 'Tour riêng tham quan thành phố Huế', 'Tour tham quan thành phố Huế và đi thuyền rồng', 'Changed Attraction Tour tham quan Huế cả ngày', 'Changed Attraction Tour Huế buổi tối và bữa tối trên thuyền', 'Changed Attraction Tour văn hóa và ẩm thực Huế trong 2,5 giờ']"
Thành Ý,"['Tour tham quan Huế và Hội An', 'Tour tham quan thành phố Huế trong nửa ngày có hướng dẫn', 'Tour thành phố Huế cả ngày và đi thuyền trên sông Hương', 'Tour tham quan Khu phi quân sự vĩ tuyến 17', 'Tour thành phố có hướng dẫn viên cả ngày', 'Tour nửa ngày tham quan lăng tẩm triều đình Huế', 'Tour xe máy Easy Rider', 'Changed Attraction Tour tham quan thành phố Huế và đi thuyền rồng', 'Changed Attraction Tour tham quan thành phố bằng xe máy có hướng dẫn viên', 'Changed Attraction Tour nhóm nhỏ tham quan Thành phố Huế kèm bữa trưa']"
Diệu Lan,"['Tour nửa ngày tham quan lăng tẩm triều đình Huế', 'Tour tham quan thành phố bằng xe máy có hướng dẫn viên', 'Tour tham quan thành phố Huế và đi thuyền rồng', 'Tour riêng tham quan Lăng Hoàng Gia Huế', 'Tour đi bộ tham quan Tử Cấm Thành ở Huế', 'Tour xe đạp nửa ngày qua vùng nông thôn ở Huế', 'Cả ngày: Đèo Hải Vân, biển Lăng Cô, hồ Truồi', 'Changed Attraction Tour nửa ngày đến làng Sình & làng Thủy Xuân', 'Changed Attraction Tour thành phố Huế cả ngày và đi thuyền trên sông Hương', 'Changed Attraction Tour tham quan riêng trong thành phố']"
Thụy Miên,"['Tour tham quan thành phố Huế và đi thuyền rồng', 'Tour tham quan Huế cả ngày', 'Tour tham quan thành phố Huế trong nửa ngày có hướng dẫn', 'Tour đạp xe tham quan Huế cổ kính & sông Hương lúc hoàng hôn', 'Tour Huế buổi tối và bữa tối trên thuyền', 'Tour tham quan riêng trong thành phố', 'Tour thành phố Huế cả ngày và đi thuyền trên sông Hương', 'Changed Attraction Tour đi bộ tham quan Tử Cấm Thành ở Huế', 'Changed Attraction Tour nhóm nhỏ tham quan Thành phố Huế kèm bữa trưa', 'Changed Attraction Tour nửa ngày tham quan Cố đô và đi thuyền']"
Quảng Ðại,"['Tour xe đạp đến làng Thanh Toàn', 'Tour tham quan riêng trong thành phố', 'Tour ngắm hoàng hôn hoặc bình minh ở Huế', 'Tour thành phố Huế cả ngày và đi thuyền trên sông Hương', 'Tour Huế buổi tối và bữa tối trên thuyền', 'Tour nửa ngày tham quan Cố đô và đi thuyền', 'Tour tham quan thành phố Huế và đi thuyền rồng', 'Changed Attraction Tour xe đạp nửa ngày qua vùng nông thôn ở Huế', 'Changed Attraction Tour đạp xe tham quan Huế cổ kính & sông Hương lúc hoàng hôn', 'Changed Attraction Tour riêng tham quan Lăng Hoàng Gia Huế']"
Phúc Thịnh,"['Tour Phá Tam Giang và dùng bữa tối', 'Tour đạp xe tham quan Huế cổ kính & sông Hương lúc hoàng hôn', 'Tour tham quan Huế cả ngày', 'Tour tham quan các địa danh ở Huế', 'Tour Huế buổi tối và bữa tối trên thuyền', 'Tour tham quan thành phố Huế trong 1 ngày', 'Tour nửa ngày tham quan lăng tẩm triều đình Huế', 'Changed Attraction Tour ngắm hoàng hôn hoặc bình minh ở Huế', 'Changed Attraction Tour tham quan riêng trong thành phố', 'Changed Attraction Tour ẩm thực Huế']"
Bích San,"['Tour ẩm thực buổi tối', 'Tour văn hóa và ẩm thực Huế trong 2,5 giờ', 'Tour ẩm thực riêng vào buổi tối', 'Tour Huế buổi tối và bữa tối trên thuyền', 'Tour riêng về ẩm thực đường phố có hướng dẫn và đi xích lô', 'Tour riêng tham quan thành phố Huế', 'Tour tham quan thành phố bằng xe máy có hướng dẫn viên', 'Changed Attraction Tour đi bộ và đi xích lô ở Kinh thành Huế có hướng dẫn', 'Changed Attraction Tour ẩm thực Huế', 'Changed Attraction Chuyến đi trong ngày đến thăm Khu phi quân sự của Việt Nam']"
Kim Khánh,"['Tour Huế buổi tối và bữa tối trên thuyền', 'Tour thành phố có hướng dẫn viên cả ngày', 'Tour tham quan riêng trong thành phố', 'Tour tham quan thành phố bằng xe máy có hướng dẫn viên', 'Tour nhóm nhỏ tham quan Thành phố Huế kèm bữa trưa', 'Tour tham quan các địa danh ở Huế', 'Tour ẩm thực riêng vào buổi tối', 'Changed Attraction Tour trọn ngày tìm hiểu văn vóa với bữa trưa & du thuyền trên sông', 'Changed Attraction Tour ẩm thực buổi tối', 'Changed Attraction Tour thành phố Huế cả ngày và đi thuyền trên sông Hương']"
Huệ An,"['Tour xe đạp đến làng Thanh Toàn', 'Tour nửa ngày đến làng Sình & làng Thủy Xuân', 'Tour riêng tham quan thành phố Huế', 'Tour đạp xe tham quan Huế cổ kính & sông Hương lúc hoàng hôn', 'Tour xe máy Easy Rider', 'Tour tham quan thành phố bằng xe máy có hướng dẫn viên', 'Tour văn hóa và ẩm thực Huế trong 2,5 giờ', 'Changed Attraction Tour tham quan thành phố Huế trong nửa ngày có hướng dẫn', 'Changed Attraction Tour xe đạp nửa ngày qua vùng nông thôn ở Huế', 'Changed Attraction Tour Huế nguyên ngày, khởi hành từ Hội An']"
Hải Sơn,"['Tour tham quan Khu phi quân sự vĩ tuyến 17', 'Chuyến đi trong ngày đến thăm Khu phi quân sự của Việt Nam', 'Tour tham quan Huế trong nửa ngày', 'Tour nửa ngày tham quan Cố đô và đi thuyền', 'Tour tham quan Huế và Hội An', 'Đi trekking ở vườn quốc gia Bạch Mã', 'Tour xe đạp đến làng Thanh Toàn', 'Changed Attraction Tour tham quan thành phố Huế trong 1 ngày', 'Changed Attraction Tour tham quan thành phố Huế trong nửa ngày có hướng dẫn', 'Changed Attraction Tour ẩm thực riêng vào buổi tối']"
Thụy Du,"['Tour trọn ngày tìm hiểu văn vóa với bữa trưa & du thuyền trên sông', 'Tour Huế buổi tối và bữa tối trên thuyền', 'Tour tham quan thành phố Huế trong nửa ngày có hướng dẫn', 'Tour thành phố Huế cả ngày và đi thuyền trên sông Hương', 'Tour nhóm nhỏ tham quan Thành phố Huế kèm bữa trưa', 'Tour tham quan các địa danh ở Huế', 'Tour đạp xe tham quan Huế cổ kính & sông Hương lúc hoàng hôn', 'Changed Attraction Tour tham quan riêng trong thành phố', 'Changed Attraction Tour tham quan thành phố bằng xe máy có hướng dẫn viên', 'Changed Attraction Tour tham quan thành phố Huế và đi thuyền rồng']"
Ðông Tuyền,"['Tour suối nước nóng, zipline và đi dây trên cao', 'Tour cả ngày đi núi Ngũ Hành Sơn và Hội An', 'Tour đi bộ và đi xích lô ở Kinh thành Huế có hướng dẫn', 'Tour tham quan thành phố Huế và đi thuyền rồng', 'Tour tham quan riêng trong thành phố', 'Cả ngày: Đèo Hải Vân, biển Lăng Cô, hồ Truồi', 'Tour nửa ngày tham quan Cố đô và đi thuyền', 'Changed Attraction Tour tham quan Huế trong nửa ngày', 'Changed Attraction Tour riêng về ẩm thực đường phố có hướng dẫn và đi xích lô', 'Changed Attraction Tour nửa ngày đến làng Sình & làng Thủy Xuân']"
Ca,"['Tour tham quan thành phố Huế trong nửa ngày có hướng dẫn', 'Tour tham quan thành phố Huế trong 1 ngày', 'Tour thành phố Huế cả ngày và đi thuyền trên sông Hương', 'Tour tham quan Huế trong nửa ngày', 'Tour riêng tham quan thành phố Huế', 'Tour trọn ngày tìm hiểu văn vóa với bữa trưa & du thuyền trên sông', 'Tour Huế buổi tối và bữa tối trên thuyền', 'Changed Attraction Tour tham quan thành phố bằng xe máy có hướng dẫn viên', 'Changed Attraction Tour tham quan Huế và Hội An', 'Changed Attraction Tour xe đạp đến làng Thanh Toàn']"
Duy Tân,"['Tour ẩm thực riêng vào buổi tối', 'Tour ngắm hoàng hôn hoặc bình minh ở Huế', 'Tour tham quan Huế cả ngày', 'Tour riêng tham quan thành phố Huế', 'Tour nhóm nhỏ tham quan Thành phố Huế kèm bữa trưa', 'Tour riêng về ẩm thực đường phố có hướng dẫn và đi xích lô', 'Tour xe đạp nửa ngày qua vùng nông thôn ở Huế', 'Changed Attraction Tour Huế buổi tối và bữa tối trên thuyền', 'Changed Attraction Tour tham quan thành phố Huế trong nửa ngày có hướng dẫn', 'Changed Attraction Tour Phá Tam Giang và dùng bữa tối']"
Minh Nhu,"['Tour ẩm thực Huế', 'Tour cả ngày đi núi Ngũ Hành Sơn và Hội An', 'Tour tham quan thành phố bằng xe máy có hướng dẫn viên', 'Tour ẩm thực riêng vào buổi tối', 'Tour thành phố có hướng dẫn viên cả ngày', 'Tour tham quan riêng trong thành phố', 'Tour tham quan thành phố Huế trong nửa ngày có hướng dẫn', 'Changed Attraction Tour đi bộ tham quan Tử Cấm Thành ở Huế', 'Changed Attraction Tour văn hóa và ẩm thực Huế trong 2,5 giờ', 'Changed Attraction Tour tham quan thành phố Huế trong 1 ngày']"
Bích Hiền,"['Tour riêng tham quan Lăng Hoàng Gia Huế', 'Tour tham quan riêng trong thành phố', 'Tour nửa ngày tham quan lăng tẩm triều đình Huế', 'Tour đạp xe tham quan Huế cổ kính & sông Hương lúc hoàng hôn', 'Tour thành phố Huế cả ngày và đi thuyền trên sông Hương', 'Tour nửa ngày tham quan Cố đô và đi thuyền', 'Tour riêng tham quan thành phố Huế', 'Changed Attraction Tour tham quan thành phố Huế và đi thuyền rồng', 'Changed Attraction Tour tham quan Huế và Hội An', 'Changed Attraction Tour ẩm thực Huế']"
Kim Ngọc,"['Tour thành phố Huế cả ngày và đi thuyền trên sông Hương', 'Tour tham quan thành phố bằng xe máy có hướng dẫn viên', 'Tour Huế buổi tối và bữa tối trên thuyền', 'Tour đi bộ tham quan Tử Cấm Thành ở Huế', 'Tour xe đạp nửa ngày qua vùng nông thôn ở Huế', 'Tour tham quan thành phố Huế trong nửa ngày có hướng dẫn', 'Tour nửa ngày đến làng Sình & làng Thủy Xuân', 'Changed Attraction Tour nửa ngày tham quan lăng tẩm triều đình Huế', 'Changed Attraction Tour thành phố có hướng dẫn viên cả ngày', 'Changed Attraction Tour tham quan Huế cả ngày']"
Mỹ Khuyên,"['Tour tham quan Huế cả ngày', 'Tour thành phố Huế cả ngày và đi thuyền trên sông Hương', 'Tour tham quan thành phố bằng xe máy có hướng dẫn viên', 'Tour tham quan thành phố Huế trong 1 ngày', 'Tour riêng tham quan thành phố Huế', 'Tour tham quan thành phố Huế trong nửa ngày có hướng dẫn', 'Chuyến đi trong ngày đến thăm Khu phi quân sự của Việt Nam', 'Changed Attraction Tour nhóm nhỏ tham quan Thành phố Huế kèm bữa trưa', 'Changed Attraction Tour thành phố có hướng dẫn viên cả ngày', 'Changed Attraction Tour Huế buổi tối và bữa tối trên thuyền']"
Trí Hùng,"['Đi trekking ở vườn quốc gia Bạch Mã', 'Tour tham quan Huế trong nửa ngày', 'Tour Huế nguyên ngày, khởi hành từ Hội An', 'Tour tham quan Khu phi quân sự vĩ tuyến 17', 'Tour xe đạp nửa ngày qua vùng nông thôn ở Huế', 'Tour ẩm thực Huế', 'Cả ngày: Đèo Hải Vân, biển Lăng Cô, hồ Truồi', 'Changed Attraction Tour đi bộ và đi xích lô ở Kinh thành Huế có hướng dẫn', 'Changed Attraction Tour tham quan riêng trong thành phố', 'Changed Attraction Tour tham quan thành phố Huế trong nửa ngày có hướng dẫn']"
Quốc Phong,"['Tour riêng tham quan thành phố Huế', 'Tour tham quan thành phố bằng xe máy có hướng dẫn viên', 'Tour tham quan các địa danh ở Huế', 'Tour Huế nguyên ngày, khởi hành từ Hội An', 'Tour riêng về ẩm thực đường phố có hướng dẫn và đi xích lô', 'Tour ẩm thực riêng vào buổi tối', 'Tour thành phố Huế cả ngày và đi thuyền trên sông Hương', 'Changed Attraction Tour xe đạp đến làng Thanh Toàn', 'Changed Attraction Tour tham quan thành phố Huế trong nửa ngày có hướng dẫn', 'Changed Attraction Tour tham quan thành phố Huế trong 1 ngày']"
