Attraction Name,Recommendations
Du thuyền đêm trên sông Hàn,"['Changed Attraction 5', 'Changed Attraction 7', 'Tour nửa ngày tham quan vùng quê bằng xe đạp', 'Changed Attraction 25', 'Tham quan Phố Cổ và du ngoạn trên sông', 'Tour Bà Nà Hills trọn ngày với bữa trưa buffet', 'Tour thuyền thúng và lớp học nấu ăn thân thiện với môi trường', 'Tour ẩm thực với hướng dẫn viên và đi thuyền trên sông', 'Lớp hướng dẫn làm lồng đèn', 'Tour chèo thuyền kayak ngắm hoàng hôn tại Hội An']"
Tour Bà Nà Hills trọn ngày với bữa trưa buffet,"['Changed Attraction 5', 'Tour tham gia lớp học nấu ăn và đi thuyền thúng', 'Tour Ngũ Hành Sơn và Hội An', 'Tour nửa ngày tham quan vùng quê bằng xe đạp', 'Du thuyền đêm trên sông Hàn', 'Changed Attraction 4', 'Tour thuyền thúng và lớp học nấu ăn thân thiện với môi trường', 'Lớp hướng dẫn làm lồng đèn', 'Tour tham quan bằng xe máy và khám phá ẩm thực', 'Changed Attraction 32']"
Vé vào cửa công viên suối khoáng nóng Núi Thần Tài,"['Tour Cầu Vàng và Bà Nà Hills', 'Tour Ngũ Hành Sơn và Hội An', 'Tour đạp xe tham quan làng và ăn trưa', 'Changed Attraction 32', 'Changed Attraction 25', 'Tham quan Đà Lạt với hướng dẫn viên', 'Changed Attraction 23', 'Tour tham quan Đà Nẵng về đêm kèm bữa tối', 'Nấu ăn lúc hoàng hôn với chuyến đi thuyền ở Hội An', 'Tour tham quan bằng xe máy và khám phá ẩm thực']"
Lớp hướng dẫn làm lồng đèn,"['Tour tham gia lớp học nấu ăn và đi thuyền thúng', 'Changed Attraction 6', 'Changed Attraction 5', 'Tour nửa ngày tham quan vùng quê bằng xe đạp', 'Tour Bà Nà Hills trọn ngày với bữa trưa buffet', 'Tour Ngũ Hành Sơn và Hội An', 'Tour ẩm thực Hội An có đi xe đạp và đi thuyền', 'Du thuyền đêm trên sông Hàn', 'Changed Attraction 22', 'Lớp nấu ăn và trải nghiệm làm nông']"
Tour Cầu Vàng và Bà Nà Hills,"['Tour Bà Nà Hills trọn ngày với bữa trưa buffet', 'Changed Attraction 11', 'Changed Attraction 22', 'Tour đi bộ tham quan Hội An và đi thuyền tam bản', 'Tour tham quan bằng xe máy và khám phá ẩm thực', 'Changed Attraction 19', 'Tour riêng tham quan Hội An từ Đà Nẵng', 'Tour Ngũ Hành Sơn và Hội An', 'Tour ẩm thực Hội An có đi xe đạp và đi thuyền', 'Tham quan Phố Cổ và du ngoạn trên sông']"
Tour Bán đảo Sơn Trà & Hội An từ Đà Nẵng,"['Tour Ngũ Hành Sơn và Hội An', 'Tour Bà Nà Hills trọn ngày với bữa trưa buffet', 'Du thuyền đêm trên sông Hàn', 'Tour tham gia lớp học nấu ăn và đi thuyền thúng', 'Changed Attraction 26', 'Changed Attraction 6', 'Lớp hướng dẫn làm lồng đèn', 'Tour Mỹ Sơn có xe đưa đón', 'Changed Attraction 13', 'Tour riêng tham quan Hội An từ Đà Nẵng']"
Tour thuyền thúng và lớp học nấu ăn thân thiện với môi trường,"['Tour tham gia lớp học nấu ăn và đi thuyền thúng', 'Nấu ăn lúc hoàng hôn với chuyến đi thuyền ở Hội An', 'Lớp nấu ăn và trải nghiệm làm nông', 'Changed Attraction 3', 'Changed Attraction 26', 'Du thuyền đêm trên sông Hàn', 'Tour Bán đảo Sơn Trà & Hội An từ Đà Nẵng', 'Changed Attraction 1', 'Tour Ngũ Hành Sơn và Hội An', 'Tour ẩm thực Hội An có đi xe đạp và đi thuyền']"
Tour Ngũ Hành Sơn và Hội An,"['Tour Bán đảo Sơn Trà & Hội An từ Đà Nẵng', 'Changed Attraction 1', 'Changed Attraction 26', 'Tour tham gia lớp học nấu ăn và đi thuyền thúng', 'Tour tham quan Đà Nẵng về đêm kèm bữa tối', 'Du thuyền đêm trên sông Hàn', 'Tour thuyền thúng và lớp học nấu ăn thân thiện với môi trường', 'Tour tham quan bằng xe máy và khám phá ẩm thực', 'Tour ngoại ô Đà Lạt và Thác Voi', 'Changed Attraction 3']"
Tour ngoại ô Đà Lạt và Thác Voi,"['Changed Attraction 11', 'Tour nửa ngày tham quan vùng quê bằng xe đạp', 'Changed Attraction 31', 'Tour Ngũ Hành Sơn và Hội An', 'Tour tham quan Đà Nẵng về đêm kèm bữa tối', 'Tour nửa ngày đi thuyền trên sông thời chiến có hướng dẫn', 'Tour ẩm thực với hướng dẫn viên và đi thuyền trên sông', 'Tour ẩm thực chợ đêm', 'Tour đi bộ tham quan Hội An và đi thuyền tam bản', 'Changed Attraction 33']"
Tour chèo kayak hoặc SUP tại Đà Lạt,"['Tour chèo thuyền kayak ngắm hoàng hôn tại Hội An', 'Tour ẩm thực với hướng dẫn viên và đi thuyền trên sông', 'Tham quan Đà Lạt với hướng dẫn viên', 'Tour tham gia lớp học nấu ăn và đi thuyền thúng', 'Tour nửa ngày đi thuyền trên sông thời chiến có hướng dẫn', 'Changed Attraction 35', 'Tour đi bộ tham quan Hội An và đi thuyền tam bản', 'Changed Attraction 34', 'Changed Attraction 8', 'Tour tham quan bằng xe máy và khám phá ẩm thực']"
Tour nửa ngày đi thuyền trên sông thời chiến có hướng dẫn,"['Tour thuyền thúng riêng & trải nghiệm bắt cua', 'Tour ẩm thực với hướng dẫn viên và đi thuyền trên sông', 'Changed Attraction 36', 'Changed Attraction 13', 'Tham quan Phố Cổ và du ngoạn trên sông', 'Tour đi bộ tham quan Hội An và đi thuyền tam bản', 'Tour Phố cổ Hội An có hướng dẫn viên', 'Changed Attraction 25', 'Tour thuyền thúng và lớp học nấu ăn thân thiện với môi trường', 'Tour ẩm thực Hội An có đi xe đạp và đi thuyền']"
Tham quan Đà Lạt với hướng dẫn viên,"['Tham quan Phố Cổ và du ngoạn trên sông', 'Tour ngoại ô Đà Lạt và Thác Voi', 'Changed Attraction 20', 'Tour trải nghiệm ẩm thực đường phố', 'Nấu ăn lúc hoàng hôn với chuyến đi thuyền ở Hội An', 'Tour Cầu Vàng và Bà Nà Hills', 'Tour tham quan bằng xe máy và khám phá ẩm thực', 'Tour ẩm thực với hướng dẫn viên và đi thuyền trên sông', 'Changed Attraction 9', 'Changed Attraction 7']"
Tham quan Phố Cổ và du ngoạn trên sông,"['Tour Phố cổ Hội An có hướng dẫn viên', 'Changed Attraction 0', 'Tour đi bộ tham quan Hội An và đi thuyền tam bản', 'Tham quan Đà Lạt với hướng dẫn viên', 'Tour ẩm thực với hướng dẫn viên và đi thuyền trên sông', 'Changed Attraction 34', 'Nấu ăn lúc hoàng hôn với chuyến đi thuyền ở Hội An', 'Changed Attraction 26', 'Tour chèo thuyền kayak ngắm hoàng hôn tại Hội An', 'Tour ẩm thực chợ đêm']"
Tour tham quan Đà Nẵng về đêm kèm bữa tối,"['Tham quan miền quê trên xe Vespa và thuyền thúng', 'Tour Ngũ Hành Sơn và Hội An', 'Tour ẩm thực chợ đêm', 'Tour tham quan bằng xe máy và khám phá ẩm thực', 'Tour nửa ngày đi thuyền trên sông thời chiến có hướng dẫn', 'Tour ngoại ô Đà Lạt và Thác Voi', 'Changed Attraction 5', 'Tour tham gia lớp học nấu ăn và đi thuyền thúng', 'Changed Attraction 26', 'Changed Attraction 12']"
Trải nghiệm uống thử cà phê,"['Trải nghiệm rang và thưởng thức cà phê', 'Changed Attraction 33', 'Trải nghiệm cuộc sống thôn dã có ăn tối', 'Lớp nấu ăn và trải nghiệm làm nông', 'Tour thuyền thúng riêng & trải nghiệm bắt cua', 'Vượt thác ở Đà Lạt kèm bữa trưa', 'Changed Attraction 26', 'Tour Cầu Vàng và Bà Nà Hills', 'Lớp hướng dẫn làm lồng đèn', 'Changed Attraction 8']"
Học nấu món ăn nhà làm đặc trưng,"['Tour ẩm thực Hội An có đi xe đạp và đi thuyền', 'Tour tham quan bằng xe máy và khám phá ẩm thực', 'Changed Attraction 6', 'Lớp nấu ăn và trải nghiệm làm nông', 'Tour tham gia lớp học nấu ăn và đi thuyền thúng', 'Nấu ăn lúc hoàng hôn với chuyến đi thuyền ở Hội An', 'Tour trải nghiệm ẩm thực đường phố', 'Changed Attraction 21', 'Tour ẩm thực với hướng dẫn viên và đi thuyền trên sông', 'Changed Attraction 17']"
Tour chèo thuyền kayak ngắm hoàng hôn tại Hội An,"['Tour chèo kayak hoặc SUP tại Đà Lạt', 'Tham quan Phố Cổ và du ngoạn trên sông', 'Tour đi bộ tham quan Hội An và đi thuyền tam bản', 'Tour nửa ngày tham quan vùng quê bằng xe đạp', 'Nấu ăn lúc hoàng hôn với chuyến đi thuyền ở Hội An', 'Changed Attraction 0', 'Changed Attraction 23', 'Changed Attraction 27', 'Tour Ngũ Hành Sơn và Hội An', 'Tour nửa ngày đi thuyền trên sông thời chiến có hướng dẫn']"
Tour ẩm thực chợ đêm,"['Tour trải nghiệm ẩm thực đường phố', 'Changed Attraction 20', 'Changed Attraction 13', 'Tour ẩm thực với hướng dẫn viên và đi thuyền trên sông', 'Tour ẩm thực Hội An có đi xe đạp và đi thuyền', 'Tham quan Phố Cổ và du ngoạn trên sông', 'Tour Ngũ Hành Sơn và Hội An', 'Tour nửa ngày đi thuyền trên sông thời chiến có hướng dẫn', 'Tour tham quan bằng xe máy và khám phá ẩm thực', 'Changed Attraction 8']"
Tham quan rừng cọ và làng thủ công mỹ nghệ,"['Tour Mỹ Sơn có xe đưa đón', 'Trải nghiệm cuộc sống thôn dã có ăn tối', 'Tour đạp xe tham quan làng và ăn trưa', 'Nấu ăn lúc hoàng hôn với chuyến đi thuyền ở Hội An', 'Tour tham quan bằng xe máy và khám phá ẩm thực', 'Tour thuyền thúng và lớp học nấu ăn thân thiện với môi trường', 'Changed Attraction 7', 'Changed Attraction 36', 'Changed Attraction 5', 'Tour Bà Nà Hills trọn ngày với bữa trưa buffet']"
Nấu ăn lúc hoàng hôn với chuyến đi thuyền ở Hội An,"['Changed Attraction 6', 'Tour tham gia lớp học nấu ăn và đi thuyền thúng', 'Changed Attraction 30', 'Changed Attraction 32', 'Tham quan Phố Cổ và du ngoạn trên sông', 'Tham quan Đà Lạt với hướng dẫn viên', 'Trải nghiệm cuộc sống thôn dã có ăn tối', 'Tour Phố cổ Hội An có hướng dẫn viên', 'Tour ẩm thực với hướng dẫn viên và đi thuyền trên sông', 'Tour trải nghiệm ẩm thực đường phố']"
Tour Phố cổ Hội An có hướng dẫn viên,"['Tham quan Phố Cổ và du ngoạn trên sông', 'Tour trải nghiệm ẩm thực đường phố', 'Tour ẩm thực chợ đêm', 'Changed Attraction 11', 'Tour ẩm thực Hội An có đi xe đạp và đi thuyền', 'Tour đi bộ tham quan Hội An và đi thuyền tam bản', 'Changed Attraction 19', 'Tour nửa ngày đi thuyền trên sông thời chiến có hướng dẫn', 'Changed Attraction 5', 'Tour Ngũ Hành Sơn và Hội An']"
Tour thuyền thúng riêng & trải nghiệm bắt cua,"['Changed Attraction 34', 'Tour nửa ngày đi thuyền trên sông thời chiến có hướng dẫn', 'Tham quan miền quê trên xe Vespa và thuyền thúng', 'Tour tham gia lớp học nấu ăn và đi thuyền thúng', 'Tour ẩm thực Hội An có đi xe đạp và đi thuyền', 'Changed Attraction 24', 'Tour nửa ngày tham quan vùng quê bằng xe đạp', 'Changed Attraction 6', 'Học nấu món ăn nhà làm đặc trưng', 'Tour ẩm thực với hướng dẫn viên và đi thuyền trên sông']"
Tour ẩm thực với hướng dẫn viên và đi thuyền trên sông,"['Tour ẩm thực Hội An có đi xe đạp và đi thuyền', 'Tour trải nghiệm ẩm thực đường phố', 'Changed Attraction 27', 'Tour đi bộ tham quan Hội An và đi thuyền tam bản', 'Changed Attraction 12', 'Tour tham gia lớp học nấu ăn và đi thuyền thúng', 'Changed Attraction 10', 'Tour ẩm thực chợ đêm', 'Tour thuyền thúng và lớp học nấu ăn thân thiện với môi trường', 'Tour Cầu Vàng và Bà Nà Hills']"
Tour riêng tham quan Hội An từ Đà Nẵng,"['Changed Attraction 35', 'Tour đi bộ tham quan Hội An và đi thuyền tam bản', 'Tour Bán đảo Sơn Trà & Hội An từ Đà Nẵng', 'Tour Cầu Vàng và Bà Nà Hills', 'Tour đạp xe tham quan làng và ăn trưa', 'Changed Attraction 16', 'Nấu ăn lúc hoàng hôn với chuyến đi thuyền ở Hội An', 'Changed Attraction 36', 'Tham quan Phố Cổ và du ngoạn trên sông', 'Tour Phố cổ Hội An có hướng dẫn viên']"
Trải nghiệm rang và thưởng thức cà phê,"['Trải nghiệm uống thử cà phê', 'Tour tham gia lớp học nấu ăn và đi thuyền thúng', 'Changed Attraction 21', 'Tham quan miền quê trên xe Vespa và thuyền thúng', 'Tour nửa ngày tham quan vùng quê bằng xe đạp', 'Tour tham quan Đà Nẵng về đêm kèm bữa tối', 'Changed Attraction 3', 'Lớp nấu ăn và trải nghiệm làm nông', 'Tour ẩm thực Hội An có đi xe đạp và đi thuyền', 'Changed Attraction 19']"
Tour tham gia lớp học nấu ăn và đi thuyền thúng,"['Tour thuyền thúng và lớp học nấu ăn thân thiện với môi trường', 'Tour nửa ngày tham quan vùng quê bằng xe đạp', 'Tour Bà Nà Hills trọn ngày với bữa trưa buffet', 'Tour Ngũ Hành Sơn và Hội An', 'Changed Attraction 5', 'Changed Attraction 19', 'Changed Attraction 3', 'Du thuyền đêm trên sông Hàn', 'Lớp nấu ăn và trải nghiệm làm nông', 'Tour ẩm thực Hội An có đi xe đạp và đi thuyền']"
Tour nửa ngày tham quan vùng quê bằng xe đạp,"['Tour tham gia lớp học nấu ăn và đi thuyền thúng', 'Tour Ngũ Hành Sơn và Hội An', 'Tour Bán đảo Sơn Trà & Hội An từ Đà Nẵng', 'Changed Attraction 1', 'Du thuyền đêm trên sông Hàn', 'Changed Attraction 6', 'Changed Attraction 27', 'Tour ẩm thực Hội An có đi xe đạp và đi thuyền', 'Tour đạp xe tham quan làng và ăn trưa', 'Lớp hướng dẫn làm lồng đèn']"
Tour tham quan bằng xe máy và khám phá ẩm thực,"['Tour ẩm thực Hội An có đi xe đạp và đi thuyền', 'Học nấu món ăn nhà làm đặc trưng', 'Changed Attraction 22', 'Changed Attraction 26', 'Tour tham gia lớp học nấu ăn và đi thuyền thúng', 'Tour đi bộ tham quan Hội An và đi thuyền tam bản', 'Tour Ngũ Hành Sơn và Hội An', 'Tour thuyền thúng và lớp học nấu ăn thân thiện với môi trường', 'Tour tham quan Đà Nẵng về đêm kèm bữa tối', 'Changed Attraction 11']"
Tour đạp xe tham quan làng và ăn trưa,"['Tour nửa ngày tham quan vùng quê bằng xe đạp', 'Changed Attraction 33', 'Changed Attraction 29', 'Tham quan miền quê trên xe Vespa và thuyền thúng', 'Tour tham quan bằng xe máy và khám phá ẩm thực', 'Tour tham gia lớp học nấu ăn và đi thuyền thúng', 'Tour ẩm thực với hướng dẫn viên và đi thuyền trên sông', 'Tham quan rừng cọ và làng thủ công mỹ nghệ', 'Tham quan Phố Cổ và du ngoạn trên sông', 'Changed Attraction 35']"
Trải nghiệm cuộc sống thôn dã có ăn tối,"['Lớp nấu ăn và trải nghiệm làm nông', 'Nấu ăn lúc hoàng hôn với chuyến đi thuyền ở Hội An', 'Changed Attraction 28', 'Changed Attraction 26', 'Tham quan rừng cọ và làng thủ công mỹ nghệ', 'Tour tham gia lớp học nấu ăn và đi thuyền thúng', 'Tham quan Phố Cổ và du ngoạn trên sông', 'Tham quan Đà Lạt với hướng dẫn viên', 'Changed Attraction 27', 'Tour thuyền thúng riêng & trải nghiệm bắt cua']"
Lớp nấu ăn và trải nghiệm làm nông,"['Changed Attraction 6', 'Tour tham gia lớp học nấu ăn và đi thuyền thúng', 'Changed Attraction 29', 'Nấu ăn lúc hoàng hôn với chuyến đi thuyền ở Hội An', 'Học nấu món ăn nhà làm đặc trưng', 'Tour ẩm thực Hội An có đi xe đạp và đi thuyền', 'Tour đạp xe tham quan làng và ăn trưa', 'Changed Attraction 26', 'Vượt thác ở Đà Lạt kèm bữa trưa', 'Trải nghiệm uống thử cà phê']"
Vượt thác ở Đà Lạt kèm bữa trưa,"['Changed Attraction 8', 'Changed Attraction 11', 'Tour thuyền thúng và lớp học nấu ăn thân thiện với môi trường', 'Tour ẩm thực với hướng dẫn viên và đi thuyền trên sông', 'Lớp nấu ăn và trải nghiệm làm nông', 'Tour tham quan Đà Nẵng về đêm kèm bữa tối', 'Trải nghiệm uống thử cà phê', 'Trải nghiệm cuộc sống thôn dã có ăn tối', 'Tour trải nghiệm ẩm thực đường phố', 'Changed Attraction 33']"
Tour đi bộ tham quan Hội An và đi thuyền tam bản,"['Changed Attraction 12', 'Tour ẩm thực với hướng dẫn viên và đi thuyền trên sông', 'Nấu ăn lúc hoàng hôn với chuyến đi thuyền ở Hội An', 'Tour tham quan bằng xe máy và khám phá ẩm thực', 'Changed Attraction 26', 'Tour riêng tham quan Hội An từ Đà Nẵng', 'Tour Phố cổ Hội An có hướng dẫn viên', 'Changed Attraction 16', 'Tour ẩm thực Hội An có đi xe đạp và đi thuyền', 'Tour tham gia lớp học nấu ăn và đi thuyền thúng']"
Tour ẩm thực Hội An có đi xe đạp và đi thuyền,"['Tour ẩm thực với hướng dẫn viên và đi thuyền trên sông', 'Học nấu món ăn nhà làm đặc trưng', 'Changed Attraction 27', 'Changed Attraction 34', 'Tour tham gia lớp học nấu ăn và đi thuyền thúng', 'Tour nửa ngày tham quan vùng quê bằng xe đạp', 'Changed Attraction 6', 'Tour Phố cổ Hội An có hướng dẫn viên', 'Tour đạp xe tham quan làng và ăn trưa', 'Tour ẩm thực chợ đêm']"
Tour trải nghiệm ẩm thực đường phố,"['Tour ẩm thực Hội An có đi xe đạp và đi thuyền', 'Tour Phố cổ Hội An có hướng dẫn viên', 'Changed Attraction 22', 'Changed Attraction 17', 'Tour thuyền thúng riêng & trải nghiệm bắt cua', 'Changed Attraction 12', 'Tham quan Đà Lạt với hướng dẫn viên', 'Nấu ăn lúc hoàng hôn với chuyến đi thuyền ở Hội An', 'Tour tham gia lớp học nấu ăn và đi thuyền thúng', 'Học nấu món ăn nhà làm đặc trưng']"
Tour Mỹ Sơn có xe đưa đón,"['Changed Attraction 23', 'Tour Bán đảo Sơn Trà & Hội An từ Đà Nẵng', 'Tham quan rừng cọ và làng thủ công mỹ nghệ', 'Tour Ngũ Hành Sơn và Hội An', 'Changed Attraction 28', 'Tour nửa ngày tham quan vùng quê bằng xe đạp', 'Tour tham quan bằng xe máy và khám phá ẩm thực', 'Changed Attraction 22', 'Tour tham gia lớp học nấu ăn và đi thuyền thúng', 'Tour chèo kayak hoặc SUP tại Đà Lạt']"
Tham quan miền quê trên xe Vespa và thuyền thúng,"['Tour tham quan Đà Nẵng về đêm kèm bữa tối', 'Tour nửa ngày đi thuyền trên sông thời chiến có hướng dẫn', 'Changed Attraction 21', 'Changed Attraction 25', 'Tour đạp xe tham quan làng và ăn trưa', 'Tham quan Phố Cổ và du ngoạn trên sông', 'Changed Attraction 26', 'Tour tham quan bằng xe máy và khám phá ẩm thực', 'Tour ẩm thực với hướng dẫn viên và đi thuyền trên sông', 'Tour ẩm thực Hội An có đi xe đạp và đi thuyền']"
