Attraction Name,Recommendations
Du thuyền đêm trên sông Hàn,"['Tour Bán đảo Sơn Trà & Hội An từ Đà Nẵng', 'Tour Phố cổ Hội An có hướng dẫn viên', 'Học nấu món ăn nhà làm đặc trưng', 'Lớp hướng dẫn làm lồng đèn', 'Nấu ăn lúc hoàng hôn với chuyến đi thuyền ở Hội An', 'Tham quan Phố Cổ và du ngoạn trên sông', 'Tham quan rừng cọ và làng thủ công mỹ nghệ', 'Changed Attraction Tham quan Đà Lạt với hướng dẫn viên', 'Changed Attraction Tham quan miền quê trên xe Vespa và thuyền thúng', 'Changed Attraction Lớp nấu ăn và trải nghiệm làm nông']"
Tour Bà Nà Hills trọn ngày với bữa trưa buffet,"['Tour thuyền thúng riêng & trải nghiệm bắt cua', 'Học nấu món ăn nhà làm đặc trưng', 'Lớp hướng dẫn làm lồng đèn', 'Lớp nấu ăn và trải nghiệm làm nông', 'Nấu ăn lúc hoàng hôn với chuyến đi thuyền ở Hội An', 'Tham quan Phố Cổ và du ngoạn trên sông', 'Tham quan miền quê trên xe Vespa và thuyền thúng', 'Changed Attraction Du thuyền đêm trên sông Hàn', 'Changed Attraction Tour thuyền thúng và lớp học nấu ăn thân thiện với môi trường', 'Changed Attraction Tham quan rừng cọ và làng thủ công mỹ nghệ']"
Vé vào cửa công viên suối khoáng nóng Núi Thần Tài,"['Du thuyền đêm trên sông Hàn', 'Học nấu món ăn nhà làm đặc trưng', 'Lớp hướng dẫn làm lồng đèn', 'Lớp nấu ăn và trải nghiệm làm nông', 'Tham quan Phố Cổ và du ngoạn trên sông', 'Tham quan miền quê trên xe Vespa và thuyền thúng', 'Tour Bà Nà Hills trọn ngày với bữa trưa buffet', 'Changed Attraction Tham quan rừng cọ và làng thủ công mỹ nghệ', 'Changed Attraction Tham quan Đà Lạt với hướng dẫn viên', 'Changed Attraction Nấu ăn lúc hoàng hôn với chuyến đi thuyền ở Hội An']"
Lớp hướng dẫn làm lồng đèn,"['Du thuyền đêm trên sông Hàn', 'Học nấu món ăn nhà làm đặc trưng', 'Lớp nấu ăn và trải nghiệm làm nông', 'Tham quan Phố Cổ và du ngoạn trên sông', 'Tham quan miền quê trên xe Vespa và thuyền thúng', 'Tham quan rừng cọ và làng thủ công mỹ nghệ', 'Tour Bà Nà Hills trọn ngày với bữa trưa buffet', 'Changed Attraction Tham quan Đà Lạt với hướng dẫn viên', 'Changed Attraction Nấu ăn lúc hoàng hôn với chuyến đi thuyền ở Hội An', 'Changed Attraction Tour Bán đảo Sơn Trà & Hội An từ Đà Nẵng']"
Tour Cầu Vàng và Bà Nà Hills,"['Du thuyền đêm trên sông Hàn', 'Học nấu món ăn nhà làm đặc trưng', 'Nấu ăn lúc hoàng hôn với chuyến đi thuyền ở Hội An', 'Tham quan Phố Cổ và du ngoạn trên sông', 'Tham quan miền quê trên xe Vespa và thuyền thúng', 'Tham quan rừng cọ và làng thủ công mỹ nghệ', 'Tham quan Đà Lạt với hướng dẫn viên', 'Changed Attraction Lớp hướng dẫn làm lồng đèn', 'Changed Attraction Lớp nấu ăn và trải nghiệm làm nông', 'Changed Attraction Tour Bà Nà Hills trọn ngày với bữa trưa buffet']"
Tour Bán đảo Sơn Trà & Hội An từ Đà Nẵng,"['Du thuyền đêm trên sông Hàn', 'Tour Phố cổ Hội An có hướng dẫn viên', 'Học nấu món ăn nhà làm đặc trưng', 'Lớp hướng dẫn làm lồng đèn', 'Tham quan Phố Cổ và du ngoạn trên sông', 'Tham quan rừng cọ và làng thủ công mỹ nghệ', 'Tham quan Đà Lạt với hướng dẫn viên', 'Changed Attraction Lớp nấu ăn và trải nghiệm làm nông', 'Changed Attraction Tham quan miền quê trên xe Vespa và thuyền thúng', 'Changed Attraction Nấu ăn lúc hoàng hôn với chuyến đi thuyền ở Hội An']"
Tour thuyền thúng và lớp học nấu ăn thân thiện với môi trường,"['Du thuyền đêm trên sông Hàn', 'Học nấu món ăn nhà làm đặc trưng', 'Lớp hướng dẫn làm lồng đèn', 'Lớp nấu ăn và trải nghiệm làm nông', 'Nấu ăn lúc hoàng hôn với chuyến đi thuyền ở Hội An', 'Tham quan Phố Cổ và du ngoạn trên sông', 'Tham quan miền quê trên xe Vespa và thuyền thúng', 'Changed Attraction Tour thuyền thúng riêng & trải nghiệm bắt cua', 'Changed Attraction Tour Bà Nà Hills trọn ngày với bữa trưa buffet', 'Changed Attraction Tham quan rừng cọ và làng thủ công mỹ nghệ']"
Tour Ngũ Hành Sơn và Hội An,"['Du thuyền đêm trên sông Hàn', 'Học nấu món ăn nhà làm đặc trưng', 'Lớp nấu ăn và trải nghiệm làm nông', 'Tham quan Phố Cổ và du ngoạn trên sông', 'Tham quan miền quê trên xe Vespa và thuyền thúng', 'Tham quan rừng cọ và làng thủ công mỹ nghệ', 'Tham quan Đà Lạt với hướng dẫn viên', 'Changed Attraction Nấu ăn lúc hoàng hôn với chuyến đi thuyền ở Hội An', 'Changed Attraction Lớp hướng dẫn làm lồng đèn', 'Changed Attraction Tour Bà Nà Hills trọn ngày với bữa trưa buffet']"
Tour ngoại ô Đà Lạt và Thác Voi,"['Du thuyền đêm trên sông Hàn', 'Học nấu món ăn nhà làm đặc trưng', 'Lớp nấu ăn và trải nghiệm làm nông', 'Nấu ăn lúc hoàng hôn với chuyến đi thuyền ở Hội An', 'Tham quan Phố Cổ và du ngoạn trên sông', 'Tham quan rừng cọ và làng thủ công mỹ nghệ', 'Tour Bà Nà Hills trọn ngày với bữa trưa buffet', 'Changed Attraction Tham quan miền quê trên xe Vespa và thuyền thúng', 'Changed Attraction Tham quan Đà Lạt với hướng dẫn viên', 'Changed Attraction Lớp hướng dẫn làm lồng đèn']"
Tour chèo kayak hoặc SUP tại Đà Lạt,"['Tham quan Đà Lạt với hướng dẫn viên', 'Tour tham quan bằng xe máy và khám phá ẩm thực', 'Du thuyền đêm trên sông Hàn', 'Học nấu món ăn nhà làm đặc trưng', 'Lớp hướng dẫn làm lồng đèn', 'Nấu ăn lúc hoàng hôn với chuyến đi thuyền ở Hội An', 'Tham quan miền quê trên xe Vespa và thuyền thúng', 'Changed Attraction Tham quan Phố Cổ và du ngoạn trên sông', 'Changed Attraction Lớp nấu ăn và trải nghiệm làm nông', 'Changed Attraction Tour trải nghiệm ẩm thực đường phố']"
Tour nửa ngày đi thuyền trên sông thời chiến có hướng dẫn,"['Học nấu món ăn nhà làm đặc trưng', 'Nấu ăn lúc hoàng hôn với chuyến đi thuyền ở Hội An', 'Tham quan Phố Cổ và du ngoạn trên sông', 'Tham quan miền quê trên xe Vespa và thuyền thúng', 'Tham quan rừng cọ và làng thủ công mỹ nghệ', 'Tham quan Đà Lạt với hướng dẫn viên', 'Tour Bà Nà Hills trọn ngày với bữa trưa buffet', 'Changed Attraction Lớp hướng dẫn làm lồng đèn', 'Changed Attraction Du thuyền đêm trên sông Hàn', 'Changed Attraction Lớp nấu ăn và trải nghiệm làm nông']"
Tham quan Đà Lạt với hướng dẫn viên,"['Tour chèo kayak hoặc SUP tại Đà Lạt', 'Tour tham quan bằng xe máy và khám phá ẩm thực', 'Tour trải nghiệm ẩm thực đường phố', 'Du thuyền đêm trên sông Hàn', 'Học nấu món ăn nhà làm đặc trưng', 'Lớp hướng dẫn làm lồng đèn', 'Nấu ăn lúc hoàng hôn với chuyến đi thuyền ở Hội An', 'Changed Attraction Tham quan miền quê trên xe Vespa và thuyền thúng', 'Changed Attraction Lớp nấu ăn và trải nghiệm làm nông', 'Changed Attraction Tham quan Phố Cổ và du ngoạn trên sông']"
Tham quan Phố Cổ và du ngoạn trên sông,"['Lớp hướng dẫn làm lồng đèn', 'Lớp nấu ăn và trải nghiệm làm nông', 'Nấu ăn lúc hoàng hôn với chuyến đi thuyền ở Hội An', 'Tham quan miền quê trên xe Vespa và thuyền thúng', 'Tham quan rừng cọ và làng thủ công mỹ nghệ', 'Tour Bà Nà Hills trọn ngày với bữa trưa buffet', 'Tour Bán đảo Sơn Trà & Hội An từ Đà Nẵng', 'Changed Attraction Học nấu món ăn nhà làm đặc trưng', 'Changed Attraction Tham quan Đà Lạt với hướng dẫn viên', 'Changed Attraction Du thuyền đêm trên sông Hàn']"
Tour tham quan Đà Nẵng về đêm kèm bữa tối,"['Du thuyền đêm trên sông Hàn', 'Lớp hướng dẫn làm lồng đèn', 'Tham quan Phố Cổ và du ngoạn trên sông', 'Tham quan miền quê trên xe Vespa và thuyền thúng', 'Tham quan rừng cọ và làng thủ công mỹ nghệ', 'Tham quan Đà Lạt với hướng dẫn viên', 'Tour Bà Nà Hills trọn ngày với bữa trưa buffet', 'Changed Attraction Lớp nấu ăn và trải nghiệm làm nông', 'Changed Attraction Nấu ăn lúc hoàng hôn với chuyến đi thuyền ở Hội An', 'Changed Attraction Học nấu món ăn nhà làm đặc trưng']"
Trải nghiệm uống thử cà phê,"['Học nấu món ăn nhà làm đặc trưng', 'Lớp hướng dẫn làm lồng đèn', 'Lớp nấu ăn và trải nghiệm làm nông', 'Nấu ăn lúc hoàng hôn với chuyến đi thuyền ở Hội An', 'Tham quan Phố Cổ và du ngoạn trên sông', 'Tham quan miền quê trên xe Vespa và thuyền thúng', 'Tham quan rừng cọ và làng thủ công mỹ nghệ', 'Changed Attraction Tour Bà Nà Hills trọn ngày với bữa trưa buffet', 'Changed Attraction Tham quan Đà Lạt với hướng dẫn viên', 'Changed Attraction Du thuyền đêm trên sông Hàn']"
Học nấu món ăn nhà làm đặc trưng,"['Du thuyền đêm trên sông Hàn', 'Tham quan Phố Cổ và du ngoạn trên sông', 'Tham quan miền quê trên xe Vespa và thuyền thúng', 'Tham quan rừng cọ và làng thủ công mỹ nghệ', 'Tham quan Đà Lạt với hướng dẫn viên', 'Tour Bà Nà Hills trọn ngày với bữa trưa buffet', 'Tour Bán đảo Sơn Trà & Hội An từ Đà Nẵng', 'Changed Attraction Nấu ăn lúc hoàng hôn với chuyến đi thuyền ở Hội An', 'Changed Attraction Lớp hướng dẫn làm lồng đèn', 'Changed Attraction Lớp nấu ăn và trải nghiệm làm nông']"
Tour chèo thuyền kayak ngắm hoàng hôn tại Hội An,"['Du thuyền đêm trên sông Hàn', 'Lớp hướng dẫn làm lồng đèn', 'Tham quan Phố Cổ và du ngoạn trên sông', 'Tham quan miền quê trên xe Vespa và thuyền thúng', 'Tham quan rừng cọ và làng thủ công mỹ nghệ', 'Tham quan Đà Lạt với hướng dẫn viên', 'Tour Bà Nà Hills trọn ngày với bữa trưa buffet', 'Changed Attraction Lớp nấu ăn và trải nghiệm làm nông', 'Changed Attraction Nấu ăn lúc hoàng hôn với chuyến đi thuyền ở Hội An', 'Changed Attraction Học nấu món ăn nhà làm đặc trưng']"
Tour ẩm thực chợ đêm,"['Du thuyền đêm trên sông Hàn', 'Học nấu món ăn nhà làm đặc trưng', 'Lớp hướng dẫn làm lồng đèn', 'Lớp nấu ăn và trải nghiệm làm nông', 'Nấu ăn lúc hoàng hôn với chuyến đi thuyền ở Hội An', 'Tham quan Phố Cổ và du ngoạn trên sông', 'Tour Bà Nà Hills trọn ngày với bữa trưa buffet', 'Changed Attraction Tham quan rừng cọ và làng thủ công mỹ nghệ', 'Changed Attraction Tham quan Đà Lạt với hướng dẫn viên', 'Changed Attraction Tham quan miền quê trên xe Vespa và thuyền thúng']"
Tham quan rừng cọ và làng thủ công mỹ nghệ,"['Du thuyền đêm trên sông Hàn', 'Học nấu món ăn nhà làm đặc trưng', 'Lớp hướng dẫn làm lồng đèn', 'Lớp nấu ăn và trải nghiệm làm nông', 'Tham quan Phố Cổ và du ngoạn trên sông', 'Tham quan Đà Lạt với hướng dẫn viên', 'Tour Bán đảo Sơn Trà & Hội An từ Đà Nẵng', 'Changed Attraction Nấu ăn lúc hoàng hôn với chuyến đi thuyền ở Hội An', 'Changed Attraction Tour Bà Nà Hills trọn ngày với bữa trưa buffet', 'Changed Attraction Tham quan miền quê trên xe Vespa và thuyền thúng']"
Nấu ăn lúc hoàng hôn với chuyến đi thuyền ở Hội An,"['Du thuyền đêm trên sông Hàn', 'Lớp nấu ăn và trải nghiệm làm nông', 'Tham quan miền quê trên xe Vespa và thuyền thúng', 'Tham quan rừng cọ và làng thủ công mỹ nghệ', 'Tham quan Đà Lạt với hướng dẫn viên', 'Tour Bà Nà Hills trọn ngày với bữa trưa buffet', 'Tour Bán đảo Sơn Trà & Hội An từ Đà Nẵng', 'Changed Attraction Học nấu món ăn nhà làm đặc trưng', 'Changed Attraction Lớp hướng dẫn làm lồng đèn', 'Changed Attraction Tham quan Phố Cổ và du ngoạn trên sông']"
Tour Phố cổ Hội An có hướng dẫn viên,"['Du thuyền đêm trên sông Hàn', 'Lớp hướng dẫn làm lồng đèn', 'Lớp nấu ăn và trải nghiệm làm nông', 'Nấu ăn lúc hoàng hôn với chuyến đi thuyền ở Hội An', 'Tham quan miền quê trên xe Vespa và thuyền thúng', 'Tham quan rừng cọ và làng thủ công mỹ nghệ', 'Tham quan Đà Lạt với hướng dẫn viên', 'Changed Attraction Tham quan Phố Cổ và du ngoạn trên sông', 'Changed Attraction Tour Bán đảo Sơn Trà & Hội An từ Đà Nẵng', 'Changed Attraction Học nấu món ăn nhà làm đặc trưng']"
Tour thuyền thúng riêng & trải nghiệm bắt cua,"['Tour Bà Nà Hills trọn ngày với bữa trưa buffet', 'Du thuyền đêm trên sông Hàn', 'Học nấu món ăn nhà làm đặc trưng', 'Lớp hướng dẫn làm lồng đèn', 'Lớp nấu ăn và trải nghiệm làm nông', 'Nấu ăn lúc hoàng hôn với chuyến đi thuyền ở Hội An', 'Tham quan Phố Cổ và du ngoạn trên sông', 'Changed Attraction Tour thuyền thúng và lớp học nấu ăn thân thiện với môi trường', 'Changed Attraction Tham quan miền quê trên xe Vespa và thuyền thúng', 'Changed Attraction Tham quan rừng cọ và làng thủ công mỹ nghệ']"
Tour ẩm thực với hướng dẫn viên và đi thuyền trên sông,"['Du thuyền đêm trên sông Hàn', 'Lớp hướng dẫn làm lồng đèn', 'Tham quan Phố Cổ và du ngoạn trên sông', 'Tham quan miền quê trên xe Vespa và thuyền thúng', 'Tham quan rừng cọ và làng thủ công mỹ nghệ', 'Tham quan Đà Lạt với hướng dẫn viên', 'Tour Bà Nà Hills trọn ngày với bữa trưa buffet', 'Changed Attraction Học nấu món ăn nhà làm đặc trưng', 'Changed Attraction Nấu ăn lúc hoàng hôn với chuyến đi thuyền ở Hội An', 'Changed Attraction Lớp nấu ăn và trải nghiệm làm nông']"
Tour riêng tham quan Hội An từ Đà Nẵng,"['Lớp hướng dẫn làm lồng đèn', 'Lớp nấu ăn và trải nghiệm làm nông', 'Nấu ăn lúc hoàng hôn với chuyến đi thuyền ở Hội An', 'Tham quan Phố Cổ và du ngoạn trên sông', 'Tham quan miền quê trên xe Vespa và thuyền thúng', 'Tham quan Đà Lạt với hướng dẫn viên', 'Tour Bà Nà Hills trọn ngày với bữa trưa buffet', 'Changed Attraction Du thuyền đêm trên sông Hàn', 'Changed Attraction Học nấu món ăn nhà làm đặc trưng', 'Changed Attraction Tham quan rừng cọ và làng thủ công mỹ nghệ']"
Trải nghiệm rang và thưởng thức cà phê,"['Du thuyền đêm trên sông Hàn', 'Học nấu món ăn nhà làm đặc trưng', 'Lớp hướng dẫn làm lồng đèn', 'Lớp nấu ăn và trải nghiệm làm nông', 'Nấu ăn lúc hoàng hôn với chuyến đi thuyền ở Hội An', 'Tham quan Phố Cổ và du ngoạn trên sông', 'Tour Bà Nà Hills trọn ngày với bữa trưa buffet', 'Changed Attraction Tham quan Đà Lạt với hướng dẫn viên', 'Changed Attraction Tham quan miền quê trên xe Vespa và thuyền thúng', 'Changed Attraction Tham quan rừng cọ và làng thủ công mỹ nghệ']"
Tour tham gia lớp học nấu ăn và đi thuyền thúng,"['Du thuyền đêm trên sông Hàn', 'Lớp hướng dẫn làm lồng đèn', 'Nấu ăn lúc hoàng hôn với chuyến đi thuyền ở Hội An', 'Tham quan Phố Cổ và du ngoạn trên sông', 'Tham quan rừng cọ và làng thủ công mỹ nghệ', 'Tham quan Đà Lạt với hướng dẫn viên', 'Tour Bà Nà Hills trọn ngày với bữa trưa buffet', 'Changed Attraction Tham quan miền quê trên xe Vespa và thuyền thúng', 'Changed Attraction Học nấu món ăn nhà làm đặc trưng', 'Changed Attraction Lớp nấu ăn và trải nghiệm làm nông']"
Tour nửa ngày tham quan vùng quê bằng xe đạp,"['Du thuyền đêm trên sông Hàn', 'Học nấu món ăn nhà làm đặc trưng', 'Lớp hướng dẫn làm lồng đèn', 'Tham quan Phố Cổ và du ngoạn trên sông', 'Tham quan miền quê trên xe Vespa và thuyền thúng', 'Tham quan Đà Lạt với hướng dẫn viên', 'Tour Bà Nà Hills trọn ngày với bữa trưa buffet', 'Changed Attraction Lớp nấu ăn và trải nghiệm làm nông', 'Changed Attraction Tham quan rừng cọ và làng thủ công mỹ nghệ', 'Changed Attraction Nấu ăn lúc hoàng hôn với chuyến đi thuyền ở Hội An']"
Tour tham quan bằng xe máy và khám phá ẩm thực,"['Tham quan Đà Lạt với hướng dẫn viên', 'Tour chèo kayak hoặc SUP tại Đà Lạt', 'Học nấu món ăn nhà làm đặc trưng', 'Lớp hướng dẫn làm lồng đèn', 'Lớp nấu ăn và trải nghiệm làm nông', 'Tham quan Phố Cổ và du ngoạn trên sông', 'Tham quan miền quê trên xe Vespa và thuyền thúng', 'Changed Attraction Du thuyền đêm trên sông Hàn', 'Changed Attraction Tour trải nghiệm ẩm thực đường phố', 'Changed Attraction Nấu ăn lúc hoàng hôn với chuyến đi thuyền ở Hội An']"
Tour đạp xe tham quan làng và ăn trưa,"['Du thuyền đêm trên sông Hàn', 'Nấu ăn lúc hoàng hôn với chuyến đi thuyền ở Hội An', 'Tham quan Phố Cổ và du ngoạn trên sông', 'Tham quan miền quê trên xe Vespa và thuyền thúng', 'Tham quan rừng cọ và làng thủ công mỹ nghệ', 'Tham quan Đà Lạt với hướng dẫn viên', 'Tour Bà Nà Hills trọn ngày với bữa trưa buffet', 'Changed Attraction Lớp hướng dẫn làm lồng đèn', 'Changed Attraction Học nấu món ăn nhà làm đặc trưng', 'Changed Attraction Lớp nấu ăn và trải nghiệm làm nông']"
Trải nghiệm cuộc sống thôn dã có ăn tối,"['Du thuyền đêm trên sông Hàn', 'Học nấu món ăn nhà làm đặc trưng', 'Lớp hướng dẫn làm lồng đèn', 'Tham quan miền quê trên xe Vespa và thuyền thúng', 'Tham quan rừng cọ và làng thủ công mỹ nghệ', 'Tham quan Đà Lạt với hướng dẫn viên', 'Tour Bà Nà Hills trọn ngày với bữa trưa buffet', 'Changed Attraction Lớp nấu ăn và trải nghiệm làm nông', 'Changed Attraction Tham quan Phố Cổ và du ngoạn trên sông', 'Changed Attraction Nấu ăn lúc hoàng hôn với chuyến đi thuyền ở Hội An']"
Lớp nấu ăn và trải nghiệm làm nông,"['Du thuyền đêm trên sông Hàn', 'Học nấu món ăn nhà làm đặc trưng', 'Lớp hướng dẫn làm lồng đèn', 'Tham quan miền quê trên xe Vespa và thuyền thúng', 'Tham quan rừng cọ và làng thủ công mỹ nghệ', 'Tour Bà Nà Hills trọn ngày với bữa trưa buffet', 'Tour Bán đảo Sơn Trà & Hội An từ Đà Nẵng', 'Changed Attraction Tham quan Đà Lạt với hướng dẫn viên', 'Changed Attraction Tham quan Phố Cổ và du ngoạn trên sông', 'Changed Attraction Nấu ăn lúc hoàng hôn với chuyến đi thuyền ở Hội An']"
Vượt thác ở Đà Lạt kèm bữa trưa,"['Du thuyền đêm trên sông Hàn', 'Nấu ăn lúc hoàng hôn với chuyến đi thuyền ở Hội An', 'Tham quan Phố Cổ và du ngoạn trên sông', 'Tham quan miền quê trên xe Vespa và thuyền thúng', 'Tham quan rừng cọ và làng thủ công mỹ nghệ', 'Tham quan Đà Lạt với hướng dẫn viên', 'Tour Bà Nà Hills trọn ngày với bữa trưa buffet', 'Changed Attraction Lớp nấu ăn và trải nghiệm làm nông', 'Changed Attraction Học nấu món ăn nhà làm đặc trưng', 'Changed Attraction Lớp hướng dẫn làm lồng đèn']"
Tour đi bộ tham quan Hội An và đi thuyền tam bản,"['Du thuyền đêm trên sông Hàn', 'Lớp hướng dẫn làm lồng đèn', 'Lớp nấu ăn và trải nghiệm làm nông', 'Tham quan Phố Cổ và du ngoạn trên sông', 'Tham quan miền quê trên xe Vespa và thuyền thúng', 'Tham quan rừng cọ và làng thủ công mỹ nghệ', 'Tham quan Đà Lạt với hướng dẫn viên', 'Changed Attraction Nấu ăn lúc hoàng hôn với chuyến đi thuyền ở Hội An', 'Changed Attraction Học nấu món ăn nhà làm đặc trưng', 'Changed Attraction Tour Bà Nà Hills trọn ngày với bữa trưa buffet']"
Tour ẩm thực Hội An có đi xe đạp và đi thuyền,"['Du thuyền đêm trên sông Hàn', 'Lớp nấu ăn và trải nghiệm làm nông', 'Tham quan Phố Cổ và du ngoạn trên sông', 'Tham quan miền quê trên xe Vespa và thuyền thúng', 'Tham quan rừng cọ và làng thủ công mỹ nghệ', 'Tham quan Đà Lạt với hướng dẫn viên', 'Tour Bà Nà Hills trọn ngày với bữa trưa buffet', 'Changed Attraction Học nấu món ăn nhà làm đặc trưng', 'Changed Attraction Lớp hướng dẫn làm lồng đèn', 'Changed Attraction Nấu ăn lúc hoàng hôn với chuyến đi thuyền ở Hội An']"
Tour trải nghiệm ẩm thực đường phố,"['Tour chèo kayak hoặc SUP tại Đà Lạt', 'Du thuyền đêm trên sông Hàn', 'Học nấu món ăn nhà làm đặc trưng', 'Lớp hướng dẫn làm lồng đèn', 'Lớp nấu ăn và trải nghiệm làm nông', 'Tham quan Phố Cổ và du ngoạn trên sông', 'Tham quan miền quê trên xe Vespa và thuyền thúng', 'Changed Attraction Tham quan Đà Lạt với hướng dẫn viên', 'Changed Attraction Tour tham quan bằng xe máy và khám phá ẩm thực', 'Changed Attraction Nấu ăn lúc hoàng hôn với chuyến đi thuyền ở Hội An']"
Tour Mỹ Sơn có xe đưa đón,"['Học nấu món ăn nhà làm đặc trưng', 'Lớp hướng dẫn làm lồng đèn', 'Nấu ăn lúc hoàng hôn với chuyến đi thuyền ở Hội An', 'Tham quan miền quê trên xe Vespa và thuyền thúng', 'Tham quan rừng cọ và làng thủ công mỹ nghệ', 'Tham quan Đà Lạt với hướng dẫn viên', 'Tour Bà Nà Hills trọn ngày với bữa trưa buffet', 'Changed Attraction Lớp nấu ăn và trải nghiệm làm nông', 'Changed Attraction Tham quan Phố Cổ và du ngoạn trên sông', 'Changed Attraction Du thuyền đêm trên sông Hàn']"
Tham quan miền quê trên xe Vespa và thuyền thúng,"['Du thuyền đêm trên sông Hàn', 'Học nấu món ăn nhà làm đặc trưng', 'Lớp nấu ăn và trải nghiệm làm nông', 'Nấu ăn lúc hoàng hôn với chuyến đi thuyền ở Hội An', 'Tham quan rừng cọ và làng thủ công mỹ nghệ', 'Tham quan Đà Lạt với hướng dẫn viên', 'Tour Bán đảo Sơn Trà & Hội An từ Đà Nẵng', 'Changed Attraction Tour Bà Nà Hills trọn ngày với bữa trưa buffet', 'Changed Attraction Tham quan Phố Cổ và du ngoạn trên sông', 'Changed Attraction Lớp hướng dẫn làm lồng đèn']"
