Attraction Name,Recommendations
Du thuyền đêm trên sông Hàn,"['Lớp hướng dẫn làm lồng đèn', 'Lớp nấu ăn và trải nghiệm làm nông', 'Tham quan Phố Cổ và du ngoạn trên sông', 'Tham quan rừng cọ và làng thủ công mỹ nghệ', 'Tham quan Đà Lạt với hướng dẫn viên', 'Tour Bà Nà Hills trọn ngày với bữa trưa buffet', 'Tour Bán đảo Sơn Trà & Hội An từ Đà Nẵng', 'Changed Attraction Tour Cầu Vàng và Bà Nà Hills', 'Changed Attraction Học nấu món ăn nhà làm đặc trưng', 'Changed Attraction Nấu ăn lúc hoàng hôn với chuyến đi thuyền ở Hội An']"
Tour Bà Nà Hills trọn ngày với bữa trưa buffet,"['Học nấu món ăn nhà làm đặc trưng', 'Lớp hướng dẫn làm lồng đèn', 'Lớp nấu ăn và trải nghiệm làm nông', 'Nấu ăn lúc hoàng hôn với chuyến đi thuyền ở Hội An', 'Tham quan rừng cọ và làng thủ công mỹ nghệ', 'Tham quan Đà Lạt với hướng dẫn viên', 'Tour Bán đảo Sơn Trà & Hội An từ Đà Nẵng', 'Changed Attraction Du thuyền đêm trên sông Hàn', 'Changed Attraction Tham quan Phố Cổ và du ngoạn trên sông', 'Changed Attraction Tour nửa ngày Thánh Địa Mỹ Sơn']"
Vé vào cửa công viên suối khoáng nóng Núi Thần Tài,"['Học nấu món ăn nhà làm đặc trưng', 'Lớp hướng dẫn làm lồng đèn', 'Lớp nấu ăn và trải nghiệm làm nông', 'Nấu ăn lúc hoàng hôn với chuyến đi thuyền ở Hội An', 'Tham quan Phố Cổ và du ngoạn trên sông', 'Tham quan rừng cọ và làng thủ công mỹ nghệ', 'Tham quan Đà Lạt với hướng dẫn viên', 'Changed Attraction Du thuyền đêm trên sông Hàn', 'Changed Attraction Tour Bán đảo Sơn Trà & Hội An từ Đà Nẵng', 'Changed Attraction Tour Bà Nà Hills trọn ngày với bữa trưa buffet']"
Lớp hướng dẫn làm lồng đèn,"['Du thuyền đêm trên sông Hàn', 'Lớp nấu ăn và trải nghiệm làm nông', 'Nấu ăn lúc hoàng hôn với chuyến đi thuyền ở Hội An', 'Tham quan Phố Cổ và du ngoạn trên sông', 'Tham quan rừng cọ và làng thủ công mỹ nghệ', 'Tham quan Đà Lạt với hướng dẫn viên', 'Tour Cầu Vàng và Bà Nà Hills', 'Changed Attraction Tour Bà Nà Hills trọn ngày với bữa trưa buffet', 'Changed Attraction Tour Bán đảo Sơn Trà & Hội An từ Đà Nẵng', 'Changed Attraction Học nấu món ăn nhà làm đặc trưng']"
Tour Cầu Vàng và Bà Nà Hills,"['Du thuyền đêm trên sông Hàn', 'Học nấu món ăn nhà làm đặc trưng', 'Lớp nấu ăn và trải nghiệm làm nông', 'Tham quan Phố Cổ và du ngoạn trên sông', 'Tham quan rừng cọ và làng thủ công mỹ nghệ', 'Tham quan Đà Lạt với hướng dẫn viên', 'Tour Bán đảo Sơn Trà & Hội An từ Đà Nẵng', 'Changed Attraction Tour Bà Nà Hills trọn ngày với bữa trưa buffet', 'Changed Attraction Nấu ăn lúc hoàng hôn với chuyến đi thuyền ở Hội An', 'Changed Attraction Lớp hướng dẫn làm lồng đèn']"
Tour nửa ngày Thánh Địa Mỹ Sơn,"['Tour Bà Nà Hills trọn ngày với bữa trưa buffet', 'Học nấu món ăn nhà làm đặc trưng', 'Lớp nấu ăn và trải nghiệm làm nông', 'Nấu ăn lúc hoàng hôn với chuyến đi thuyền ở Hội An', 'Tham quan Phố Cổ và du ngoạn trên sông', 'Tham quan rừng cọ và làng thủ công mỹ nghệ', 'Tham quan Đà Lạt với hướng dẫn viên', 'Changed Attraction Tour Bán đảo Sơn Trà & Hội An từ Đà Nẵng', 'Changed Attraction Lớp hướng dẫn làm lồng đèn', 'Changed Attraction Du thuyền đêm trên sông Hàn']"
Tour Bán đảo Sơn Trà & Hội An từ Đà Nẵng,"['Tour du lịch Đà Nẵng nửa ngày', 'Tour ẩm thực với hướng dẫn viên và đi thuyền trên sông', 'Du thuyền đêm trên sông Hàn', 'Lớp nấu ăn và trải nghiệm làm nông', 'Tham quan Phố Cổ và du ngoạn trên sông', 'Tham quan rừng cọ và làng thủ công mỹ nghệ', 'Tham quan Đà Lạt với hướng dẫn viên', 'Changed Attraction Học nấu món ăn nhà làm đặc trưng', 'Changed Attraction Nấu ăn lúc hoàng hôn với chuyến đi thuyền ở Hội An', 'Changed Attraction Lớp hướng dẫn làm lồng đèn']"
Tour thuyền thúng và lớp học nấu ăn thân thiện với môi trường,"['Tour tham quan Thánh Địa Mỹ Sơn và Ngũ Hành Sơn', 'Du thuyền đêm trên sông Hàn', 'Học nấu món ăn nhà làm đặc trưng', 'Lớp hướng dẫn làm lồng đèn', 'Lớp nấu ăn và trải nghiệm làm nông', 'Tham quan rừng cọ và làng thủ công mỹ nghệ', 'Tham quan Đà Lạt với hướng dẫn viên', 'Changed Attraction Tour riêng tham quan Hội An từ Đà Nẵng', 'Changed Attraction Tham quan Phố Cổ và du ngoạn trên sông', 'Changed Attraction Nấu ăn lúc hoàng hôn với chuyến đi thuyền ở Hội An']"
Tour Ngũ Hành Sơn và Hội An,"['Lớp nấu ăn và trải nghiệm làm nông', 'Trải nghiệm rang và thưởng thức cà phê', 'Học nấu món ăn nhà làm đặc trưng', 'Lớp hướng dẫn làm lồng đèn', 'Tham quan Phố Cổ và du ngoạn trên sông', 'Tham quan rừng cọ và làng thủ công mỹ nghệ', 'Tour Bà Nà Hills trọn ngày với bữa trưa buffet', 'Changed Attraction Tham quan Đà Lạt với hướng dẫn viên', 'Changed Attraction Nấu ăn lúc hoàng hôn với chuyến đi thuyền ở Hội An', 'Changed Attraction Du thuyền đêm trên sông Hàn']"
Tour riêng tham quan thành phố và du thuyền sông Hàn về đêm,"['Du thuyền đêm trên sông Hàn', 'Học nấu món ăn nhà làm đặc trưng', 'Lớp nấu ăn và trải nghiệm làm nông', 'Nấu ăn lúc hoàng hôn với chuyến đi thuyền ở Hội An', 'Tham quan rừng cọ và làng thủ công mỹ nghệ', 'Tham quan Đà Lạt với hướng dẫn viên', 'Tour Bán đảo Sơn Trà & Hội An từ Đà Nẵng', 'Changed Attraction Tour Bà Nà Hills trọn ngày với bữa trưa buffet', 'Changed Attraction Tham quan Phố Cổ và du ngoạn trên sông', 'Changed Attraction Lớp hướng dẫn làm lồng đèn']"
Tour ngoại ô Đà Lạt và Thác Voi,"['Du thuyền đêm trên sông Hàn', 'Học nấu món ăn nhà làm đặc trưng', 'Lớp nấu ăn và trải nghiệm làm nông', 'Nấu ăn lúc hoàng hôn với chuyến đi thuyền ở Hội An', 'Tham quan Phố Cổ và du ngoạn trên sông', 'Tham quan rừng cọ và làng thủ công mỹ nghệ', 'Tour Bà Nà Hills trọn ngày với bữa trưa buffet', 'Changed Attraction Lớp hướng dẫn làm lồng đèn', 'Changed Attraction Tham quan Đà Lạt với hướng dẫn viên', 'Changed Attraction Tour Bán đảo Sơn Trà & Hội An từ Đà Nẵng']"
Tour tham quan Mỹ Sơn lúc hoàng hôn,"['Du thuyền đêm trên sông Hàn', 'Lớp hướng dẫn làm lồng đèn', 'Lớp nấu ăn và trải nghiệm làm nông', 'Nấu ăn lúc hoàng hôn với chuyến đi thuyền ở Hội An', 'Tham quan Phố Cổ và du ngoạn trên sông', 'Tham quan Đà Lạt với hướng dẫn viên', 'Tour Bán đảo Sơn Trà & Hội An từ Đà Nẵng', 'Changed Attraction Tour Bà Nà Hills trọn ngày với bữa trưa buffet', 'Changed Attraction Tham quan rừng cọ và làng thủ công mỹ nghệ', 'Changed Attraction Học nấu món ăn nhà làm đặc trưng']"
Tour chèo kayak hoặc SUP tại Đà Lạt,"['Tour tham quan bằng xe máy và khám phá ẩm thực', 'Du thuyền đêm trên sông Hàn', 'Học nấu món ăn nhà làm đặc trưng', 'Lớp hướng dẫn làm lồng đèn', 'Tham quan rừng cọ và làng thủ công mỹ nghệ', 'Tham quan Đà Lạt với hướng dẫn viên', 'Tour Bà Nà Hills trọn ngày với bữa trưa buffet', 'Changed Attraction Nấu ăn lúc hoàng hôn với chuyến đi thuyền ở Hội An', 'Changed Attraction Tham quan Phố Cổ và du ngoạn trên sông', 'Changed Attraction Lớp nấu ăn và trải nghiệm làm nông']"
Tour nửa ngày đi thuyền trên sông thời chiến có hướng dẫn,"['Tour chèo thuyền kayak ngắm hoàng hôn tại Hội An', 'Tour đạp xe tham quan làng và ăn trưa', 'Du thuyền đêm trên sông Hàn', 'Lớp hướng dẫn làm lồng đèn', 'Nấu ăn lúc hoàng hôn với chuyến đi thuyền ở Hội An', 'Tham quan Phố Cổ và du ngoạn trên sông', 'Tham quan rừng cọ và làng thủ công mỹ nghệ', 'Changed Attraction Học nấu món ăn nhà làm đặc trưng', 'Changed Attraction Lớp nấu ăn và trải nghiệm làm nông', 'Changed Attraction Tour Phố cổ Hội An có hướng dẫn viên']"
Tour ẩm thực và ngắm cảnh về đêm bằng xe máy,"['Du thuyền đêm trên sông Hàn', 'Học nấu món ăn nhà làm đặc trưng', 'Nấu ăn lúc hoàng hôn với chuyến đi thuyền ở Hội An', 'Tham quan rừng cọ và làng thủ công mỹ nghệ', 'Tham quan Đà Lạt với hướng dẫn viên', 'Tour Bà Nà Hills trọn ngày với bữa trưa buffet', 'Tour Bán đảo Sơn Trà & Hội An từ Đà Nẵng', 'Changed Attraction Lớp nấu ăn và trải nghiệm làm nông', 'Changed Attraction Tham quan Phố Cổ và du ngoạn trên sông', 'Changed Attraction Lớp hướng dẫn làm lồng đèn']"
Tham quan Đà Lạt với hướng dẫn viên,"['Du thuyền đêm trên sông Hàn', 'Lớp hướng dẫn làm lồng đèn', 'Lớp nấu ăn và trải nghiệm làm nông', 'Nấu ăn lúc hoàng hôn với chuyến đi thuyền ở Hội An', 'Tham quan Phố Cổ và du ngoạn trên sông', 'Tham quan rừng cọ và làng thủ công mỹ nghệ', 'Tour Bán đảo Sơn Trà & Hội An từ Đà Nẵng', 'Changed Attraction Tour Bà Nà Hills trọn ngày với bữa trưa buffet', 'Changed Attraction Học nấu món ăn nhà làm đặc trưng', 'Changed Attraction Tour Cầu Vàng và Bà Nà Hills']"
Tham quan Phố Cổ và du ngoạn trên sông,"['Học nấu món ăn nhà làm đặc trưng', 'Lớp hướng dẫn làm lồng đèn', 'Lớp nấu ăn và trải nghiệm làm nông', 'Nấu ăn lúc hoàng hôn với chuyến đi thuyền ở Hội An', 'Tham quan rừng cọ và làng thủ công mỹ nghệ', 'Tour Bà Nà Hills trọn ngày với bữa trưa buffet', 'Tour Cầu Vàng và Bà Nà Hills', 'Changed Attraction Du thuyền đêm trên sông Hàn', 'Changed Attraction Tham quan Đà Lạt với hướng dẫn viên', 'Changed Attraction Tour Bán đảo Sơn Trà & Hội An từ Đà Nẵng']"
Tour tham quan Đà Nẵng về đêm kèm bữa tối,"['Học nấu món ăn nhà làm đặc trưng', 'Lớp hướng dẫn làm lồng đèn', 'Lớp nấu ăn và trải nghiệm làm nông', 'Tham quan Phố Cổ và du ngoạn trên sông', 'Tham quan rừng cọ và làng thủ công mỹ nghệ', 'Tham quan Đà Lạt với hướng dẫn viên', 'Tour Bán đảo Sơn Trà & Hội An từ Đà Nẵng', 'Changed Attraction Nấu ăn lúc hoàng hôn với chuyến đi thuyền ở Hội An', 'Changed Attraction Du thuyền đêm trên sông Hàn', 'Changed Attraction Tour Bà Nà Hills trọn ngày với bữa trưa buffet']"
Trải nghiệm uống thử cà phê,"['Du thuyền đêm trên sông Hàn', 'Học nấu món ăn nhà làm đặc trưng', 'Lớp hướng dẫn làm lồng đèn', 'Lớp nấu ăn và trải nghiệm làm nông', 'Tham quan Phố Cổ và du ngoạn trên sông', 'Tham quan rừng cọ và làng thủ công mỹ nghệ', 'Tour Bà Nà Hills trọn ngày với bữa trưa buffet', 'Changed Attraction Tham quan Đà Lạt với hướng dẫn viên', 'Changed Attraction Tour Bán đảo Sơn Trà & Hội An từ Đà Nẵng', 'Changed Attraction Nấu ăn lúc hoàng hôn với chuyến đi thuyền ở Hội An']"
Học nấu món ăn nhà làm đặc trưng,"['Du thuyền đêm trên sông Hàn', 'Lớp hướng dẫn làm lồng đèn', 'Lớp nấu ăn và trải nghiệm làm nông', 'Nấu ăn lúc hoàng hôn với chuyến đi thuyền ở Hội An', 'Tham quan rừng cọ và làng thủ công mỹ nghệ', 'Tham quan Đà Lạt với hướng dẫn viên', 'Tour Bà Nà Hills trọn ngày với bữa trưa buffet', 'Changed Attraction Tham quan Phố Cổ và du ngoạn trên sông', 'Changed Attraction Tour Bán đảo Sơn Trà & Hội An từ Đà Nẵng', 'Changed Attraction Tour Cầu Vàng và Bà Nà Hills']"
Tour chèo thuyền kayak ngắm hoàng hôn tại Hội An,"['Tour đạp xe tham quan làng và ăn trưa', 'Du thuyền đêm trên sông Hàn', 'Học nấu món ăn nhà làm đặc trưng', 'Lớp hướng dẫn làm lồng đèn', 'Lớp nấu ăn và trải nghiệm làm nông', 'Nấu ăn lúc hoàng hôn với chuyến đi thuyền ở Hội An', 'Tham quan Phố Cổ và du ngoạn trên sông', 'Changed Attraction Tham quan rừng cọ và làng thủ công mỹ nghệ', 'Changed Attraction Tour nửa ngày đi thuyền trên sông thời chiến có hướng dẫn', 'Changed Attraction Tour Phố cổ Hội An có hướng dẫn viên']"
Tour Ngũ Hành Sơn & Núi Khỉ với bữa trưa,"['Du thuyền đêm trên sông Hàn', 'Lớp hướng dẫn làm lồng đèn', 'Lớp nấu ăn và trải nghiệm làm nông', 'Tham quan Phố Cổ và du ngoạn trên sông', 'Tham quan rừng cọ và làng thủ công mỹ nghệ', 'Tham quan Đà Lạt với hướng dẫn viên', 'Tour Bà Nà Hills trọn ngày với bữa trưa buffet', 'Changed Attraction Nấu ăn lúc hoàng hôn với chuyến đi thuyền ở Hội An', 'Changed Attraction Học nấu món ăn nhà làm đặc trưng', 'Changed Attraction Tour Bán đảo Sơn Trà & Hội An từ Đà Nẵng']"
Tour ẩm thực chợ đêm,"['Du thuyền đêm trên sông Hàn', 'Học nấu món ăn nhà làm đặc trưng', 'Lớp nấu ăn và trải nghiệm làm nông', 'Tham quan rừng cọ và làng thủ công mỹ nghệ', 'Tham quan Đà Lạt với hướng dẫn viên', 'Tour Bà Nà Hills trọn ngày với bữa trưa buffet', 'Tour Bán đảo Sơn Trà & Hội An từ Đà Nẵng', 'Changed Attraction Lớp hướng dẫn làm lồng đèn', 'Changed Attraction Nấu ăn lúc hoàng hôn với chuyến đi thuyền ở Hội An', 'Changed Attraction Tham quan Phố Cổ và du ngoạn trên sông']"
Tham quan rừng cọ và làng thủ công mỹ nghệ,"['Du thuyền đêm trên sông Hàn', 'Học nấu món ăn nhà làm đặc trưng', 'Nấu ăn lúc hoàng hôn với chuyến đi thuyền ở Hội An', 'Tham quan Phố Cổ và du ngoạn trên sông', 'Tham quan Đà Lạt với hướng dẫn viên', 'Tour Bán đảo Sơn Trà & Hội An từ Đà Nẵng', 'Tour Cầu Vàng và Bà Nà Hills', 'Changed Attraction Tour Bà Nà Hills trọn ngày với bữa trưa buffet', 'Changed Attraction Lớp hướng dẫn làm lồng đèn', 'Changed Attraction Lớp nấu ăn và trải nghiệm làm nông']"
Nấu ăn lúc hoàng hôn với chuyến đi thuyền ở Hội An,"['Du thuyền đêm trên sông Hàn', 'Lớp hướng dẫn làm lồng đèn', 'Tham quan Phố Cổ và du ngoạn trên sông', 'Tham quan rừng cọ và làng thủ công mỹ nghệ', 'Tour Bà Nà Hills trọn ngày với bữa trưa buffet', 'Tour Bán đảo Sơn Trà & Hội An từ Đà Nẵng', 'Tour Cầu Vàng và Bà Nà Hills', 'Changed Attraction Lớp nấu ăn và trải nghiệm làm nông', 'Changed Attraction Tham quan Đà Lạt với hướng dẫn viên', 'Changed Attraction Học nấu món ăn nhà làm đặc trưng']"
Tour Phố cổ Hội An có hướng dẫn viên,"['Tour chèo thuyền kayak ngắm hoàng hôn tại Hội An', 'Tour đạp xe tham quan làng và ăn trưa', 'Học nấu món ăn nhà làm đặc trưng', 'Lớp hướng dẫn làm lồng đèn', 'Lớp nấu ăn và trải nghiệm làm nông', 'Tham quan Phố Cổ và du ngoạn trên sông', 'Tham quan rừng cọ và làng thủ công mỹ nghệ', 'Changed Attraction Nấu ăn lúc hoàng hôn với chuyến đi thuyền ở Hội An', 'Changed Attraction Du thuyền đêm trên sông Hàn', 'Changed Attraction Tour nửa ngày đi thuyền trên sông thời chiến có hướng dẫn']"
Tour buổi tối tham quan các điểm nổi bật ở Hội An theo đoàn,"['Du thuyền đêm trên sông Hàn', 'Lớp hướng dẫn làm lồng đèn', 'Lớp nấu ăn và trải nghiệm làm nông', 'Nấu ăn lúc hoàng hôn với chuyến đi thuyền ở Hội An', 'Tham quan Phố Cổ và du ngoạn trên sông', 'Tham quan rừng cọ và làng thủ công mỹ nghệ', 'Tour Bán đảo Sơn Trà & Hội An từ Đà Nẵng', 'Changed Attraction Tour Bà Nà Hills trọn ngày với bữa trưa buffet', 'Changed Attraction Học nấu món ăn nhà làm đặc trưng', 'Changed Attraction Tham quan Đà Lạt với hướng dẫn viên']"
Tour thuyền thúng riêng & trải nghiệm bắt cua,"['Lớp hướng dẫn làm lồng đèn', 'Lớp nấu ăn và trải nghiệm làm nông', 'Nấu ăn lúc hoàng hôn với chuyến đi thuyền ở Hội An', 'Tham quan Phố Cổ và du ngoạn trên sông', 'Tham quan Đà Lạt với hướng dẫn viên', 'Tour Bà Nà Hills trọn ngày với bữa trưa buffet', 'Tour Bán đảo Sơn Trà & Hội An từ Đà Nẵng', 'Changed Attraction Tham quan rừng cọ và làng thủ công mỹ nghệ', 'Changed Attraction Du thuyền đêm trên sông Hàn', 'Changed Attraction Học nấu món ăn nhà làm đặc trưng']"
Tour ẩm thực với hướng dẫn viên và đi thuyền trên sông,"['Tour Bán đảo Sơn Trà & Hội An từ Đà Nẵng', 'Du thuyền đêm trên sông Hàn', 'Học nấu món ăn nhà làm đặc trưng', 'Lớp nấu ăn và trải nghiệm làm nông', 'Nấu ăn lúc hoàng hôn với chuyến đi thuyền ở Hội An', 'Tham quan Phố Cổ và du ngoạn trên sông', 'Tham quan rừng cọ và làng thủ công mỹ nghệ', 'Changed Attraction Tour du lịch Đà Nẵng nửa ngày', 'Changed Attraction Lớp hướng dẫn làm lồng đèn', 'Changed Attraction Tham quan Đà Lạt với hướng dẫn viên']"
Tour riêng tham quan Hội An từ Đà Nẵng,"['Tour tham quan Thánh Địa Mỹ Sơn và Ngũ Hành Sơn', 'Tour thuyền thúng và lớp học nấu ăn thân thiện với môi trường', 'Lớp hướng dẫn làm lồng đèn', 'Nấu ăn lúc hoàng hôn với chuyến đi thuyền ở Hội An', 'Tham quan Phố Cổ và du ngoạn trên sông', 'Tham quan rừng cọ và làng thủ công mỹ nghệ', 'Tham quan Đà Lạt với hướng dẫn viên', 'Changed Attraction Du thuyền đêm trên sông Hàn', 'Changed Attraction Lớp nấu ăn và trải nghiệm làm nông', 'Changed Attraction Học nấu món ăn nhà làm đặc trưng']"
Trải nghiệm rang và thưởng thức cà phê,"['Lớp nấu ăn và trải nghiệm làm nông', 'Tour Ngũ Hành Sơn và Hội An', 'Du thuyền đêm trên sông Hàn', 'Học nấu món ăn nhà làm đặc trưng', 'Lớp hướng dẫn làm lồng đèn', 'Nấu ăn lúc hoàng hôn với chuyến đi thuyền ở Hội An', 'Tham quan rừng cọ và làng thủ công mỹ nghệ', 'Changed Attraction Tham quan Đà Lạt với hướng dẫn viên', 'Changed Attraction Tour Bà Nà Hills trọn ngày với bữa trưa buffet', 'Changed Attraction Tham quan Phố Cổ và du ngoạn trên sông']"
Tour tham gia lớp học nấu ăn và đi thuyền thúng,"['Du thuyền đêm trên sông Hàn', 'Lớp hướng dẫn làm lồng đèn', 'Lớp nấu ăn và trải nghiệm làm nông', 'Tham quan Phố Cổ và du ngoạn trên sông', 'Tham quan rừng cọ và làng thủ công mỹ nghệ', 'Tham quan Đà Lạt với hướng dẫn viên', 'Tour Bán đảo Sơn Trà & Hội An từ Đà Nẵng', 'Changed Attraction Nấu ăn lúc hoàng hôn với chuyến đi thuyền ở Hội An', 'Changed Attraction Học nấu món ăn nhà làm đặc trưng', 'Changed Attraction Tour Bà Nà Hills trọn ngày với bữa trưa buffet']"
Tour nửa ngày tham quan vùng quê bằng xe đạp,"['Du thuyền đêm trên sông Hàn', 'Lớp hướng dẫn làm lồng đèn', 'Lớp nấu ăn và trải nghiệm làm nông', 'Tham quan Phố Cổ và du ngoạn trên sông', 'Tham quan rừng cọ và làng thủ công mỹ nghệ', 'Tham quan Đà Lạt với hướng dẫn viên', 'Tour Bà Nà Hills trọn ngày với bữa trưa buffet', 'Changed Attraction Tour Bán đảo Sơn Trà & Hội An từ Đà Nẵng', 'Changed Attraction Nấu ăn lúc hoàng hôn với chuyến đi thuyền ở Hội An', 'Changed Attraction Học nấu món ăn nhà làm đặc trưng']"
Tour tham quan bằng xe máy và khám phá ẩm thực,"['Tour chèo kayak hoặc SUP tại Đà Lạt', 'Du thuyền đêm trên sông Hàn', 'Học nấu món ăn nhà làm đặc trưng', 'Lớp hướng dẫn làm lồng đèn', 'Lớp nấu ăn và trải nghiệm làm nông', 'Tham quan Đà Lạt với hướng dẫn viên', 'Tour Bà Nà Hills trọn ngày với bữa trưa buffet', 'Changed Attraction Tham quan rừng cọ và làng thủ công mỹ nghệ', 'Changed Attraction Nấu ăn lúc hoàng hôn với chuyến đi thuyền ở Hội An', 'Changed Attraction Tham quan Phố Cổ và du ngoạn trên sông']"
Tour đạp xe tham quan làng và ăn trưa,"['Tour chèo thuyền kayak ngắm hoàng hôn tại Hội An', 'Du thuyền đêm trên sông Hàn', 'Học nấu món ăn nhà làm đặc trưng', 'Lớp nấu ăn và trải nghiệm làm nông', 'Nấu ăn lúc hoàng hôn với chuyến đi thuyền ở Hội An', 'Tham quan Phố Cổ và du ngoạn trên sông', 'Tham quan rừng cọ và làng thủ công mỹ nghệ', 'Changed Attraction Lớp hướng dẫn làm lồng đèn', 'Changed Attraction Tour Phố cổ Hội An có hướng dẫn viên', 'Changed Attraction Tour nửa ngày đi thuyền trên sông thời chiến có hướng dẫn']"
Trải nghiệm cuộc sống thôn dã có ăn tối,"['Du thuyền đêm trên sông Hàn', 'Học nấu món ăn nhà làm đặc trưng', 'Lớp hướng dẫn làm lồng đèn', 'Tham quan Phố Cổ và du ngoạn trên sông', 'Tham quan rừng cọ và làng thủ công mỹ nghệ', 'Tham quan Đà Lạt với hướng dẫn viên', 'Tour Bán đảo Sơn Trà & Hội An từ Đà Nẵng', 'Changed Attraction Nấu ăn lúc hoàng hôn với chuyến đi thuyền ở Hội An', 'Changed Attraction Lớp nấu ăn và trải nghiệm làm nông', 'Changed Attraction Tour Bà Nà Hills trọn ngày với bữa trưa buffet']"
Tour du lịch Đà Nẵng nửa ngày,"['Tour ẩm thực với hướng dẫn viên và đi thuyền trên sông', 'Học nấu món ăn nhà làm đặc trưng', 'Lớp hướng dẫn làm lồng đèn', 'Nấu ăn lúc hoàng hôn với chuyến đi thuyền ở Hội An', 'Tham quan Phố Cổ và du ngoạn trên sông', 'Tham quan rừng cọ và làng thủ công mỹ nghệ', 'Tham quan Đà Lạt với hướng dẫn viên', 'Changed Attraction Lớp nấu ăn và trải nghiệm làm nông', 'Changed Attraction Du thuyền đêm trên sông Hàn', 'Changed Attraction Tour Bán đảo Sơn Trà & Hội An từ Đà Nẵng']"
Tour tham quan Thánh Địa Mỹ Sơn và Ngũ Hành Sơn,"['Tour riêng tham quan Hội An từ Đà Nẵng', 'Tour thuyền thúng và lớp học nấu ăn thân thiện với môi trường', 'Du thuyền đêm trên sông Hàn', 'Học nấu món ăn nhà làm đặc trưng', 'Lớp nấu ăn và trải nghiệm làm nông', 'Tham quan rừng cọ và làng thủ công mỹ nghệ', 'Tham quan Đà Lạt với hướng dẫn viên', 'Changed Attraction Lớp hướng dẫn làm lồng đèn', 'Changed Attraction Tham quan Phố Cổ và du ngoạn trên sông', 'Changed Attraction Nấu ăn lúc hoàng hôn với chuyến đi thuyền ở Hội An']"
Lớp nấu ăn và trải nghiệm làm nông,"['Tour Ngũ Hành Sơn và Hội An', 'Trải nghiệm rang và thưởng thức cà phê', 'Du thuyền đêm trên sông Hàn', 'Lớp hướng dẫn làm lồng đèn', 'Nấu ăn lúc hoàng hôn với chuyến đi thuyền ở Hội An', 'Tham quan Phố Cổ và du ngoạn trên sông', 'Tham quan rừng cọ và làng thủ công mỹ nghệ', 'Changed Attraction Tham quan Đà Lạt với hướng dẫn viên', 'Changed Attraction Học nấu món ăn nhà làm đặc trưng', 'Changed Attraction Tour Bà Nà Hills trọn ngày với bữa trưa buffet']"
