Attraction Name,Recommendations
Tour đi bộ tham quan Tử Cấm Thành ở Huế,"['Tour tham quan riêng trong thành phố', 'Tour tham quan thành phố Huế và đi thuyền rồng', 'Tour xe đạp nửa ngày qua vùng nông thôn ở Huế', 'Tour đi bộ và đi xích lô ở Kinh thành Huế có hướng dẫn', 'Chuyến đi trong ngày đến thăm Khu phi quân sự của Việt Nam', 'Cả ngày: Đèo Hải Vân, biển Lăng Cô, hồ Truồi', 'Ga Bà Nà Hills từ Huế', 'Changed Attraction Tour văn hóa và ẩm thực Huế trong 2,5 giờ', 'Changed Attraction Tour xe máy Easy Rider', 'Changed Attraction Tour riêng về ẩm thực đường phố có hướng dẫn và đi xích lô']"
Tour tham quan thành phố bằng xe máy có hướng dẫn viên,"['Chuyến đi trong ngày đến thăm Khu phi quân sự của Việt Nam', 'Cả ngày: Đèo Hải Vân, biển Lăng Cô, hồ Truồi', 'Ga Bà Nà Hills từ Huế', 'Tour Huế buổi tối và bữa tối trên thuyền', 'Tour Phá Tam Giang và dùng bữa tối', 'Tour cả ngày đi núi Ngũ Hành Sơn và Hội An', 'Tour nhóm nhỏ tham quan Thành phố Huế kèm bữa trưa', 'Changed Attraction Tour nửa ngày tham quan Cố đô và đi thuyền', 'Changed Attraction Tour Huế nguyên ngày, khởi hành từ Hội An', 'Changed Attraction Tour ngắm hoàng hôn hoặc bình minh ở Huế']"
Tour tham quan các địa danh ở Huế,"['Cả ngày: Đèo Hải Vân, biển Lăng Cô, hồ Truồi', 'Ga Bà Nà Hills từ Huế', 'Tour Huế buổi tối và bữa tối trên thuyền', 'Tour Huế nguyên ngày, khởi hành từ Hội An', 'Tour Phá Tam Giang và dùng bữa tối', 'Tour ngắm hoàng hôn hoặc bình minh ở Huế', 'Tour nửa ngày tham quan Cố đô và đi thuyền', 'Changed Attraction Tour nhóm nhỏ tham quan Thành phố Huế kèm bữa trưa', 'Changed Attraction Tour cả ngày đi núi Ngũ Hành Sơn và Hội An', 'Changed Attraction Chuyến đi trong ngày đến thăm Khu phi quân sự của Việt Nam']"
Tour tham quan thành phố Huế trong 1 ngày,"['Tour nhóm nhỏ tham quan Thành phố Huế kèm bữa trưa', 'Cả ngày: Đèo Hải Vân, biển Lăng Cô, hồ Truồi', 'Ga Bà Nà Hills từ Huế', 'Tour Huế buổi tối và bữa tối trên thuyền', 'Tour Phá Tam Giang và dùng bữa tối', 'Tour cả ngày đi núi Ngũ Hành Sơn và Hội An', 'Tour ngắm hoàng hôn hoặc bình minh ở Huế', 'Changed Attraction Chuyến đi trong ngày đến thăm Khu phi quân sự của Việt Nam', 'Changed Attraction Tour Huế nguyên ngày, khởi hành từ Hội An', 'Changed Attraction Tour nửa ngày tham quan Cố đô và đi thuyền']"
Tour tham quan Huế cả ngày,"['Chuyến đi trong ngày đến thăm Khu phi quân sự của Việt Nam', 'Cả ngày: Đèo Hải Vân, biển Lăng Cô, hồ Truồi', 'Tour Huế nguyên ngày, khởi hành từ Hội An', 'Tour Phá Tam Giang và dùng bữa tối', 'Tour ngắm hoàng hôn hoặc bình minh ở Huế', 'Tour nhóm nhỏ tham quan Thành phố Huế kèm bữa trưa', 'Tour nửa ngày tham quan Cố đô và đi thuyền', 'Changed Attraction Tour Huế buổi tối và bữa tối trên thuyền', 'Changed Attraction Tour cả ngày đi núi Ngũ Hành Sơn và Hội An', 'Changed Attraction Ga Bà Nà Hills từ Huế']"
Tour nửa ngày đến làng Sình & làng Thủy Xuân,"['Cả ngày: Đèo Hải Vân, biển Lăng Cô, hồ Truồi', 'Ga Bà Nà Hills từ Huế', 'Tour Huế buổi tối và bữa tối trên thuyền', 'Tour Huế nguyên ngày, khởi hành từ Hội An', 'Tour cả ngày đi núi Ngũ Hành Sơn và Hội An', 'Tour ngắm hoàng hôn hoặc bình minh ở Huế', 'Tour nhóm nhỏ tham quan Thành phố Huế kèm bữa trưa', 'Changed Attraction Tour nửa ngày tham quan Cố đô và đi thuyền', 'Changed Attraction Chuyến đi trong ngày đến thăm Khu phi quân sự của Việt Nam', 'Changed Attraction Tour Phá Tam Giang và dùng bữa tối']"
Tour ẩm thực riêng vào buổi tối,"['Chuyến đi trong ngày đến thăm Khu phi quân sự của Việt Nam', 'Cả ngày: Đèo Hải Vân, biển Lăng Cô, hồ Truồi', 'Ga Bà Nà Hills từ Huế', 'Tour Phá Tam Giang và dùng bữa tối', 'Tour cả ngày đi núi Ngũ Hành Sơn và Hội An', 'Tour ngắm hoàng hôn hoặc bình minh ở Huế', 'Tour nửa ngày tham quan Cố đô và đi thuyền', 'Changed Attraction Tour nhóm nhỏ tham quan Thành phố Huế kèm bữa trưa', 'Changed Attraction Tour Huế buổi tối và bữa tối trên thuyền', 'Changed Attraction Tour Huế nguyên ngày, khởi hành từ Hội An']"
"Tour văn hóa và ẩm thực Huế trong 2,5 giờ","['Tour riêng về ẩm thực đường phố có hướng dẫn và đi xích lô', 'Tour xe máy Easy Rider', 'Tour xe đạp nửa ngày qua vùng nông thôn ở Huế', 'Tour đi bộ tham quan Tử Cấm Thành ở Huế', 'Tour đi bộ và đi xích lô ở Kinh thành Huế có hướng dẫn', 'Cả ngày: Đèo Hải Vân, biển Lăng Cô, hồ Truồi', 'Ga Bà Nà Hills từ Huế', 'Changed Attraction Tour tham quan riêng trong thành phố', 'Changed Attraction Chuyến đi trong ngày đến thăm Khu phi quân sự của Việt Nam', 'Changed Attraction Tour tham quan thành phố Huế và đi thuyền rồng']"
Tour tham quan Huế và Hội An,"['Tour cả ngày đi núi Ngũ Hành Sơn và Hội An', 'Cả ngày: Đèo Hải Vân, biển Lăng Cô, hồ Truồi', 'Ga Bà Nà Hills từ Huế', 'Tour Phá Tam Giang và dùng bữa tối', 'Tour ngắm hoàng hôn hoặc bình minh ở Huế', 'Tour nhóm nhỏ tham quan Thành phố Huế kèm bữa trưa', 'Tour nửa ngày tham quan Cố đô và đi thuyền', 'Changed Attraction Chuyến đi trong ngày đến thăm Khu phi quân sự của Việt Nam', 'Changed Attraction Tour Huế buổi tối và bữa tối trên thuyền', 'Changed Attraction Tour Huế nguyên ngày, khởi hành từ Hội An']"
Tour nửa ngày tham quan lăng tẩm triều đình Huế,"['Cả ngày: Đèo Hải Vân, biển Lăng Cô, hồ Truồi', 'Ga Bà Nà Hills từ Huế', 'Tour Huế buổi tối và bữa tối trên thuyền', 'Tour Huế nguyên ngày, khởi hành từ Hội An', 'Tour Phá Tam Giang và dùng bữa tối', 'Tour ngắm hoàng hôn hoặc bình minh ở Huế', 'Tour nhóm nhỏ tham quan Thành phố Huế kèm bữa trưa', 'Changed Attraction Tour cả ngày đi núi Ngũ Hành Sơn và Hội An', 'Changed Attraction Chuyến đi trong ngày đến thăm Khu phi quân sự của Việt Nam', 'Changed Attraction Tour nửa ngày tham quan Cố đô và đi thuyền']"
Tour nửa ngày tham quan Cố đô và đi thuyền,"['Chuyến đi trong ngày đến thăm Khu phi quân sự của Việt Nam', 'Tour Huế buổi tối và bữa tối trên thuyền', 'Tour Huế nguyên ngày, khởi hành từ Hội An', 'Tour cả ngày đi núi Ngũ Hành Sơn và Hội An', 'Tour ngắm hoàng hôn hoặc bình minh ở Huế', 'Tour nhóm nhỏ tham quan Thành phố Huế kèm bữa trưa', 'Tour nửa ngày tham quan lăng tẩm triều đình Huế', 'Changed Attraction Tour Phá Tam Giang và dùng bữa tối', 'Changed Attraction Ga Bà Nà Hills từ Huế', 'Changed Attraction Cả ngày: Đèo Hải Vân, biển Lăng Cô, hồ Truồi']"
Tour xe máy Easy Rider,"['Tour riêng về ẩm thực đường phố có hướng dẫn và đi xích lô', 'Tour tham quan riêng trong thành phố', 'Tour tham quan thành phố Huế và đi thuyền rồng', 'Tour văn hóa và ẩm thực Huế trong 2,5 giờ', 'Tour xe đạp nửa ngày qua vùng nông thôn ở Huế', 'Tour đi bộ tham quan Tử Cấm Thành ở Huế', 'Tour đi bộ và đi xích lô ở Kinh thành Huế có hướng dẫn', 'Changed Attraction Cả ngày: Đèo Hải Vân, biển Lăng Cô, hồ Truồi', 'Changed Attraction Chuyến đi trong ngày đến thăm Khu phi quân sự của Việt Nam', 'Changed Attraction Ga Bà Nà Hills từ Huế']"
Tour đạp xe tham quan Huế cổ kính & sông Hương lúc hoàng hôn,"['Cả ngày: Đèo Hải Vân, biển Lăng Cô, hồ Truồi', 'Tour Huế buổi tối và bữa tối trên thuyền', 'Tour Huế nguyên ngày, khởi hành từ Hội An', 'Tour Phá Tam Giang và dùng bữa tối', 'Tour cả ngày đi núi Ngũ Hành Sơn và Hội An', 'Tour nhóm nhỏ tham quan Thành phố Huế kèm bữa trưa', 'Tour nửa ngày tham quan Cố đô và đi thuyền', 'Changed Attraction Ga Bà Nà Hills từ Huế', 'Changed Attraction Chuyến đi trong ngày đến thăm Khu phi quân sự của Việt Nam', 'Changed Attraction Tour ngắm hoàng hôn hoặc bình minh ở Huế']"
Tour ngắm hoàng hôn hoặc bình minh ở Huế,"['Chuyến đi trong ngày đến thăm Khu phi quân sự của Việt Nam', 'Ga Bà Nà Hills từ Huế', 'Tour Huế nguyên ngày, khởi hành từ Hội An', 'Tour Phá Tam Giang và dùng bữa tối', 'Tour cả ngày đi núi Ngũ Hành Sơn và Hội An', 'Tour nhóm nhỏ tham quan Thành phố Huế kèm bữa trưa', 'Tour nửa ngày tham quan Cố đô và đi thuyền', 'Changed Attraction Tour nửa ngày tham quan lăng tẩm triều đình Huế', 'Changed Attraction Cả ngày: Đèo Hải Vân, biển Lăng Cô, hồ Truồi', 'Changed Attraction Tour Huế buổi tối và bữa tối trên thuyền']"
Tour đi bộ và đi xích lô ở Kinh thành Huế có hướng dẫn,"['Tour riêng về ẩm thực đường phố có hướng dẫn và đi xích lô', 'Tour tham quan riêng trong thành phố', 'Tour tham quan thành phố Huế và đi thuyền rồng', 'Tour xe máy Easy Rider', 'Tour xe đạp nửa ngày qua vùng nông thôn ở Huế', 'Tour đi bộ tham quan Tử Cấm Thành ở Huế', 'Ga Bà Nà Hills từ Huế', 'Changed Attraction Tour văn hóa và ẩm thực Huế trong 2,5 giờ', 'Changed Attraction Cả ngày: Đèo Hải Vân, biển Lăng Cô, hồ Truồi', 'Changed Attraction Chuyến đi trong ngày đến thăm Khu phi quân sự của Việt Nam']"
Tour ẩm thực buổi tối,"['Chuyến đi trong ngày đến thăm Khu phi quân sự của Việt Nam', 'Cả ngày: Đèo Hải Vân, biển Lăng Cô, hồ Truồi', 'Ga Bà Nà Hills từ Huế', 'Tour Huế buổi tối và bữa tối trên thuyền', 'Tour ngắm hoàng hôn hoặc bình minh ở Huế', 'Tour nhóm nhỏ tham quan Thành phố Huế kèm bữa trưa', 'Tour nửa ngày tham quan Cố đô và đi thuyền', 'Changed Attraction Tour Huế nguyên ngày, khởi hành từ Hội An', 'Changed Attraction Tour cả ngày đi núi Ngũ Hành Sơn và Hội An', 'Changed Attraction Tour Phá Tam Giang và dùng bữa tối']"
Tour Huế buổi tối và bữa tối trên thuyền,"['Chuyến đi trong ngày đến thăm Khu phi quân sự của Việt Nam', 'Cả ngày: Đèo Hải Vân, biển Lăng Cô, hồ Truồi', 'Ga Bà Nà Hills từ Huế', 'Tour Huế nguyên ngày, khởi hành từ Hội An', 'Tour ngắm hoàng hôn hoặc bình minh ở Huế', 'Tour nhóm nhỏ tham quan Thành phố Huế kèm bữa trưa', 'Tour nửa ngày tham quan lăng tẩm triều đình Huế', 'Changed Attraction Tour nửa ngày tham quan Cố đô và đi thuyền', 'Changed Attraction Tour cả ngày đi núi Ngũ Hành Sơn và Hội An', 'Changed Attraction Tour Phá Tam Giang và dùng bữa tối']"
Tour xe đạp đến làng Thanh Toàn,"['Ga Bà Nà Hills từ Huế', 'Tour Huế buổi tối và bữa tối trên thuyền', 'Tour Huế nguyên ngày, khởi hành từ Hội An', 'Tour Phá Tam Giang và dùng bữa tối', 'Tour cả ngày đi núi Ngũ Hành Sơn và Hội An', 'Tour ngắm hoàng hôn hoặc bình minh ở Huế', 'Tour nhóm nhỏ tham quan Thành phố Huế kèm bữa trưa', 'Changed Attraction Tour nửa ngày tham quan Cố đô và đi thuyền', 'Changed Attraction Cả ngày: Đèo Hải Vân, biển Lăng Cô, hồ Truồi', 'Changed Attraction Chuyến đi trong ngày đến thăm Khu phi quân sự của Việt Nam']"
Tour tham quan Khu phi quân sự vĩ tuyến 17,"['Cả ngày: Đèo Hải Vân, biển Lăng Cô, hồ Truồi', 'Chuyến đi trong ngày đến thăm Khu phi quân sự của Việt Nam', 'Tour Huế buổi tối và bữa tối trên thuyền', 'Tour Huế nguyên ngày, khởi hành từ Hội An', 'Tour Phá Tam Giang và dùng bữa tối', 'Tour cả ngày đi núi Ngũ Hành Sơn và Hội An', 'Tour ngắm hoàng hôn hoặc bình minh ở Huế', 'Changed Attraction Ga Bà Nà Hills từ Huế', 'Changed Attraction Tour nửa ngày tham quan Cố đô và đi thuyền', 'Changed Attraction Tour nhóm nhỏ tham quan Thành phố Huế kèm bữa trưa']"
Tour trọn ngày tìm hiểu văn vóa với bữa trưa & du thuyền trên sông,"['Cả ngày: Đèo Hải Vân, biển Lăng Cô, hồ Truồi', 'Ga Bà Nà Hills từ Huế', 'Tour Huế nguyên ngày, khởi hành từ Hội An', 'Tour cả ngày đi núi Ngũ Hành Sơn và Hội An', 'Tour ngắm hoàng hôn hoặc bình minh ở Huế', 'Tour nhóm nhỏ tham quan Thành phố Huế kèm bữa trưa', 'Tour nửa ngày tham quan Cố đô và đi thuyền', 'Changed Attraction Tour Huế buổi tối và bữa tối trên thuyền', 'Changed Attraction Chuyến đi trong ngày đến thăm Khu phi quân sự của Việt Nam', 'Changed Attraction Tour Phá Tam Giang và dùng bữa tối']"
Tour xe đạp nửa ngày qua vùng nông thôn ở Huế,"['Tour riêng về ẩm thực đường phố có hướng dẫn và đi xích lô', 'Tour tham quan riêng trong thành phố', 'Tour văn hóa và ẩm thực Huế trong 2,5 giờ', 'Tour xe máy Easy Rider', 'Tour đi bộ và đi xích lô ở Kinh thành Huế có hướng dẫn', 'Cả ngày: Đèo Hải Vân, biển Lăng Cô, hồ Truồi', 'Ga Bà Nà Hills từ Huế', 'Changed Attraction Chuyến đi trong ngày đến thăm Khu phi quân sự của Việt Nam', 'Changed Attraction Tour tham quan thành phố Huế và đi thuyền rồng', 'Changed Attraction Tour đi bộ tham quan Tử Cấm Thành ở Huế']"
"Tour suối nước nóng, zipline và đi dây trên cao","['Chuyến đi trong ngày đến thăm Khu phi quân sự của Việt Nam', 'Tour Huế buổi tối và bữa tối trên thuyền', 'Tour Huế nguyên ngày, khởi hành từ Hội An', 'Tour Phá Tam Giang và dùng bữa tối', 'Tour ngắm hoàng hôn hoặc bình minh ở Huế', 'Tour nhóm nhỏ tham quan Thành phố Huế kèm bữa trưa', 'Tour nửa ngày tham quan Cố đô và đi thuyền', 'Changed Attraction Cả ngày: Đèo Hải Vân, biển Lăng Cô, hồ Truồi', 'Changed Attraction Ga Bà Nà Hills từ Huế', 'Changed Attraction Tour cả ngày đi núi Ngũ Hành Sơn và Hội An']"
Tour tham quan thành phố Huế trong nửa ngày có hướng dẫn,"['Chuyến đi trong ngày đến thăm Khu phi quân sự của Việt Nam', 'Cả ngày: Đèo Hải Vân, biển Lăng Cô, hồ Truồi', 'Tour Huế buổi tối và bữa tối trên thuyền', 'Tour Huế nguyên ngày, khởi hành từ Hội An', 'Tour Phá Tam Giang và dùng bữa tối', 'Tour cả ngày đi núi Ngũ Hành Sơn và Hội An', 'Tour ngắm hoàng hôn hoặc bình minh ở Huế', 'Changed Attraction Tour nhóm nhỏ tham quan Thành phố Huế kèm bữa trưa', 'Changed Attraction Tour nửa ngày tham quan Cố đô và đi thuyền', 'Changed Attraction Ga Bà Nà Hills từ Huế']"
Tour Phá Tam Giang và dùng bữa tối,"['Tour tham quan Huế trong nửa ngày', 'Chuyến đi trong ngày đến thăm Khu phi quân sự của Việt Nam', 'Ga Bà Nà Hills từ Huế', 'Tour Huế buổi tối và bữa tối trên thuyền', 'Tour cả ngày đi núi Ngũ Hành Sơn và Hội An', 'Tour ngắm hoàng hôn hoặc bình minh ở Huế', 'Tour nhóm nhỏ tham quan Thành phố Huế kèm bữa trưa', 'Changed Attraction Cả ngày: Đèo Hải Vân, biển Lăng Cô, hồ Truồi', 'Changed Attraction Tour Huế nguyên ngày, khởi hành từ Hội An', 'Changed Attraction Tour nửa ngày tham quan Cố đô và đi thuyền']"
Tour tham quan thành phố Huế và đi thuyền rồng,"['Tour riêng về ẩm thực đường phố có hướng dẫn và đi xích lô', 'Tour tham quan riêng trong thành phố', 'Tour văn hóa và ẩm thực Huế trong 2,5 giờ', 'Tour xe máy Easy Rider', 'Chuyến đi trong ngày đến thăm Khu phi quân sự của Việt Nam', 'Cả ngày: Đèo Hải Vân, biển Lăng Cô, hồ Truồi', 'Ga Bà Nà Hills từ Huế', 'Changed Attraction Tour đi bộ tham quan Tử Cấm Thành ở Huế', 'Changed Attraction Tour đi bộ và đi xích lô ở Kinh thành Huế có hướng dẫn', 'Changed Attraction Tour xe đạp nửa ngày qua vùng nông thôn ở Huế']"
Tour ẩm thực Huế,"['Chuyến đi trong ngày đến thăm Khu phi quân sự của Việt Nam', 'Cả ngày: Đèo Hải Vân, biển Lăng Cô, hồ Truồi', 'Tour Phá Tam Giang và dùng bữa tối', 'Tour cả ngày đi núi Ngũ Hành Sơn và Hội An', 'Tour ngắm hoàng hôn hoặc bình minh ở Huế', 'Tour nhóm nhỏ tham quan Thành phố Huế kèm bữa trưa', 'Tour nửa ngày tham quan Cố đô và đi thuyền', 'Changed Attraction Tour Huế nguyên ngày, khởi hành từ Hội An', 'Changed Attraction Tour Huế buổi tối và bữa tối trên thuyền', 'Changed Attraction Ga Bà Nà Hills từ Huế']"
Tour riêng tham quan Lăng Hoàng Gia Huế,"['Cả ngày: Đèo Hải Vân, biển Lăng Cô, hồ Truồi', 'Ga Bà Nà Hills từ Huế', 'Tour Huế buổi tối và bữa tối trên thuyền', 'Tour Huế nguyên ngày, khởi hành từ Hội An', 'Tour cả ngày đi núi Ngũ Hành Sơn và Hội An', 'Tour nhóm nhỏ tham quan Thành phố Huế kèm bữa trưa', 'Tour nửa ngày tham quan Cố đô và đi thuyền', 'Changed Attraction Tour Phá Tam Giang và dùng bữa tối', 'Changed Attraction Tour ngắm hoàng hôn hoặc bình minh ở Huế', 'Changed Attraction Chuyến đi trong ngày đến thăm Khu phi quân sự của Việt Nam']"
Tour thành phố Huế cả ngày và đi thuyền trên sông Hương,"['Chuyến đi trong ngày đến thăm Khu phi quân sự của Việt Nam', 'Cả ngày: Đèo Hải Vân, biển Lăng Cô, hồ Truồi', 'Ga Bà Nà Hills từ Huế', 'Tour Phá Tam Giang và dùng bữa tối', 'Tour cả ngày đi núi Ngũ Hành Sơn và Hội An', 'Tour ngắm hoàng hôn hoặc bình minh ở Huế', 'Tour nhóm nhỏ tham quan Thành phố Huế kèm bữa trưa', 'Changed Attraction Tour nửa ngày tham quan Cố đô và đi thuyền', 'Changed Attraction Tour Huế nguyên ngày, khởi hành từ Hội An', 'Changed Attraction Tour Huế buổi tối và bữa tối trên thuyền']"
Tour nhóm nhỏ tham quan Thành phố Huế kèm bữa trưa,"['Tour tham quan thành phố Huế trong 1 ngày', 'Chuyến đi trong ngày đến thăm Khu phi quân sự của Việt Nam', 'Ga Bà Nà Hills từ Huế', 'Tour Huế nguyên ngày, khởi hành từ Hội An', 'Tour Phá Tam Giang và dùng bữa tối', 'Tour ngắm hoàng hôn hoặc bình minh ở Huế', 'Tour nửa ngày tham quan Cố đô và đi thuyền', 'Changed Attraction Tour Huế buổi tối và bữa tối trên thuyền', 'Changed Attraction Cả ngày: Đèo Hải Vân, biển Lăng Cô, hồ Truồi', 'Changed Attraction Tour cả ngày đi núi Ngũ Hành Sơn và Hội An']"
Tour tham quan riêng trong thành phố,"['Tour tham quan thành phố Huế và đi thuyền rồng', 'Tour văn hóa và ẩm thực Huế trong 2,5 giờ', 'Tour xe máy Easy Rider', 'Tour xe đạp nửa ngày qua vùng nông thôn ở Huế', 'Tour đi bộ và đi xích lô ở Kinh thành Huế có hướng dẫn', 'Chuyến đi trong ngày đến thăm Khu phi quân sự của Việt Nam', 'Cả ngày: Đèo Hải Vân, biển Lăng Cô, hồ Truồi', 'Changed Attraction Tour đi bộ tham quan Tử Cấm Thành ở Huế', 'Changed Attraction Tour riêng về ẩm thực đường phố có hướng dẫn và đi xích lô', 'Changed Attraction Ga Bà Nà Hills từ Huế']"
Tour cả ngày đi núi Ngũ Hành Sơn và Hội An,"['Chuyến đi trong ngày đến thăm Khu phi quân sự của Việt Nam', 'Ga Bà Nà Hills từ Huế', 'Tour Huế buổi tối và bữa tối trên thuyền', 'Tour Huế nguyên ngày, khởi hành từ Hội An', 'Tour Phá Tam Giang và dùng bữa tối', 'Tour ngắm hoàng hôn hoặc bình minh ở Huế', 'Tour nhóm nhỏ tham quan Thành phố Huế kèm bữa trưa', 'Changed Attraction Tour nửa ngày tham quan Cố đô và đi thuyền', 'Changed Attraction Cả ngày: Đèo Hải Vân, biển Lăng Cô, hồ Truồi', 'Changed Attraction Tour tham quan Huế và Hội An']"
"Cả ngày: Đèo Hải Vân, biển Lăng Cô, hồ Truồi","['Tour tham quan Khu phi quân sự vĩ tuyến 17', 'Chuyến đi trong ngày đến thăm Khu phi quân sự của Việt Nam', 'Ga Bà Nà Hills từ Huế', 'Tour Huế buổi tối và bữa tối trên thuyền', 'Tour Huế nguyên ngày, khởi hành từ Hội An', 'Tour Phá Tam Giang và dùng bữa tối', 'Tour ngắm hoàng hôn hoặc bình minh ở Huế', 'Changed Attraction Tour nửa ngày tham quan Cố đô và đi thuyền', 'Changed Attraction Tour nhóm nhỏ tham quan Thành phố Huế kèm bữa trưa', 'Changed Attraction Tour cả ngày đi núi Ngũ Hành Sơn và Hội An']"
Chuyến đi trong ngày đến thăm Khu phi quân sự của Việt Nam,"['Cả ngày: Đèo Hải Vân, biển Lăng Cô, hồ Truồi', 'Ga Bà Nà Hills từ Huế', 'Tour Huế buổi tối và bữa tối trên thuyền', 'Tour Phá Tam Giang và dùng bữa tối', 'Tour cả ngày đi núi Ngũ Hành Sơn và Hội An', 'Tour ngắm hoàng hôn hoặc bình minh ở Huế', 'Tour nửa ngày tham quan Cố đô và đi thuyền', 'Changed Attraction Tour nhóm nhỏ tham quan Thành phố Huế kèm bữa trưa', 'Changed Attraction Tour Huế nguyên ngày, khởi hành từ Hội An', 'Changed Attraction Tour trọn ngày tìm hiểu văn vóa với bữa trưa & du thuyền trên sông']"
Tour riêng về ẩm thực đường phố có hướng dẫn và đi xích lô,"['Tour tham quan thành phố Huế và đi thuyền rồng', 'Tour văn hóa và ẩm thực Huế trong 2,5 giờ', 'Tour đi bộ tham quan Tử Cấm Thành ở Huế', 'Tour đi bộ và đi xích lô ở Kinh thành Huế có hướng dẫn', 'Chuyến đi trong ngày đến thăm Khu phi quân sự của Việt Nam', 'Cả ngày: Đèo Hải Vân, biển Lăng Cô, hồ Truồi', 'Ga Bà Nà Hills từ Huế', 'Changed Attraction Tour xe máy Easy Rider', 'Changed Attraction Tour tham quan riêng trong thành phố', 'Changed Attraction Tour xe đạp nửa ngày qua vùng nông thôn ở Huế']"
Tour tham quan Huế trong nửa ngày,"['Tour Phá Tam Giang và dùng bữa tối', 'Chuyến đi trong ngày đến thăm Khu phi quân sự của Việt Nam', 'Ga Bà Nà Hills từ Huế', 'Tour Huế buổi tối và bữa tối trên thuyền', 'Tour Huế nguyên ngày, khởi hành từ Hội An', 'Tour cả ngày đi núi Ngũ Hành Sơn và Hội An', 'Tour nhóm nhỏ tham quan Thành phố Huế kèm bữa trưa', 'Changed Attraction Tour ngắm hoàng hôn hoặc bình minh ở Huế', 'Changed Attraction Tour nửa ngày tham quan Cố đô và đi thuyền', 'Changed Attraction Cả ngày: Đèo Hải Vân, biển Lăng Cô, hồ Truồi']"
"Tour Huế nguyên ngày, khởi hành từ Hội An","['Tour ẩm thực Huế', 'Cả ngày: Đèo Hải Vân, biển Lăng Cô, hồ Truồi', 'Tour Huế buổi tối và bữa tối trên thuyền', 'Tour Phá Tam Giang và dùng bữa tối', 'Tour cả ngày đi núi Ngũ Hành Sơn và Hội An', 'Tour nhóm nhỏ tham quan Thành phố Huế kèm bữa trưa', 'Tour nửa ngày tham quan Cố đô và đi thuyền', 'Changed Attraction Ga Bà Nà Hills từ Huế', 'Changed Attraction Tour ngắm hoàng hôn hoặc bình minh ở Huế', 'Changed Attraction Chuyến đi trong ngày đến thăm Khu phi quân sự của Việt Nam']"
Ga Bà Nà Hills từ Huế,"['Tour Huế nguyên ngày, khởi hành từ Hội An', 'Tour ẩm thực Huế', 'Chuyến đi trong ngày đến thăm Khu phi quân sự của Việt Nam', 'Tour Huế buổi tối và bữa tối trên thuyền', 'Tour cả ngày đi núi Ngũ Hành Sơn và Hội An', 'Tour ngắm hoàng hôn hoặc bình minh ở Huế', 'Tour nhóm nhỏ tham quan Thành phố Huế kèm bữa trưa', 'Changed Attraction Cả ngày: Đèo Hải Vân, biển Lăng Cô, hồ Truồi', 'Changed Attraction Tour nửa ngày tham quan Cố đô và đi thuyền', 'Changed Attraction Tour Phá Tam Giang và dùng bữa tối']"
Tour thành phố có hướng dẫn viên cả ngày,"['Chuyến đi trong ngày đến thăm Khu phi quân sự của Việt Nam', 'Cả ngày: Đèo Hải Vân, biển Lăng Cô, hồ Truồi', 'Ga Bà Nà Hills từ Huế', 'Tour Huế nguyên ngày, khởi hành từ Hội An', 'Tour Phá Tam Giang và dùng bữa tối', 'Tour cả ngày đi núi Ngũ Hành Sơn và Hội An', 'Tour nhóm nhỏ tham quan Thành phố Huế kèm bữa trưa', 'Changed Attraction Tour Huế buổi tối và bữa tối trên thuyền', 'Changed Attraction Tour ngắm hoàng hôn hoặc bình minh ở Huế', 'Changed Attraction Tour nửa ngày tham quan Cố đô và đi thuyền']"
Đi trekking ở vườn quốc gia Bạch Mã,"['Ga Bà Nà Hills từ Huế', 'Tour Huế buổi tối và bữa tối trên thuyền', 'Tour Huế nguyên ngày, khởi hành từ Hội An', 'Tour Phá Tam Giang và dùng bữa tối', 'Tour ngắm hoàng hôn hoặc bình minh ở Huế', 'Tour nhóm nhỏ tham quan Thành phố Huế kèm bữa trưa', 'Tour nửa ngày tham quan Cố đô và đi thuyền', 'Changed Attraction Chuyến đi trong ngày đến thăm Khu phi quân sự của Việt Nam', 'Changed Attraction Tour cả ngày đi núi Ngũ Hành Sơn và Hội An', 'Changed Attraction Cả ngày: Đèo Hải Vân, biển Lăng Cô, hồ Truồi']"
Tour riêng tham quan thành phố Huế,"['Chuyến đi trong ngày đến thăm Khu phi quân sự của Việt Nam', 'Cả ngày: Đèo Hải Vân, biển Lăng Cô, hồ Truồi', 'Ga Bà Nà Hills từ Huế', 'Tour Huế nguyên ngày, khởi hành từ Hội An', 'Tour ngắm hoàng hôn hoặc bình minh ở Huế', 'Tour nhóm nhỏ tham quan Thành phố Huế kèm bữa trưa', 'Tour nửa ngày tham quan Cố đô và đi thuyền', 'Changed Attraction Tour Phá Tam Giang và dùng bữa tối', 'Changed Attraction Tour cả ngày đi núi Ngũ Hành Sơn và Hội An', 'Changed Attraction Tour Huế buổi tối và bữa tối trên thuyền']"
