User Name,Recommendations
Mỹ Trâm,"['Tham quan Hòn Tằm và tắm bùn tại resort', 'Tour thác Ba Hồ có hướng dẫn', 'Tour tham quan Nha Trang trải nghiệm tắm bùn', 'Trải nghiệm Spa có tắm bùn', 'Du thuyền trên sông trải nghiệm văn hóa Nha Trang', 'Tham quan vùng nông thôn Hội An', 'Tour riêng tham quan vùng quê Nha Trang có hướng dẫn', 'Changed Attraction Tour thành phố Nha Trang nửa ngày', 'Changed Attraction Tour riêng trên sông ngắm nhìn phong cảnh đồng quê', 'Changed Attraction Tour tham quan Hòn Mun, Làng Chài và Bãi Tranh']"
Bảo Tín,"['Trải nghiệm Spa có tắm bùn', 'Tham quan Hòn Tằm và tắm bùn tại resort', 'Tour thành phố Nha Trang nửa ngày', 'Tour riêng tìm hiểu văn hóa vùng quê ở Nha Trang', 'Trải nghiệm mát-xa toàn thân', 'Khóa học lái xe máy trong một giờ', 'Du thuyền trên sông trải nghiệm văn hóa Nha Trang', 'Changed Attraction Tour riêng khám phá lịch sử và văn hóa Nha Trang', 'Changed Attraction Tour du thuyền riêng trên sông với bữa trưa 1', 'Changed Attraction Tour tham quan Nha Trang trải nghiệm tắm bùn']"
Triều Thành,"['Tour thác Ba Hồ có hướng dẫn', 'Tour riêng khám phá vùng nông thôn Nha Trang', 'Trải nghiệm mát-xa toàn thân', 'Tour trekking đi thác với bữa trưa', 'Tour Thác Ba Hồ khởi hành từ Nha Trang', 'Trải nghiệm đi trekking & bơi lội ở thác Ba Hồ', 'Tour riêng tìm hiểu văn hóa vùng quê Nha Trang', 'Changed Attraction Tour ba thác trong rừng', 'Changed Attraction Tham quan Hòn Tằm và tắm bùn tại resort', 'Changed Attraction Tour thành phố Nha Trang nửa ngày']"
Xuân Dung,"['Tour tham quan Hòn Mun, Làng Chài và Bãi Tranh', 'Tham quan Hòn Tằm và tắm bùn tại resort', 'Tour riêng tham quan vùng quê Nha Trang có hướng dẫn', 'Tour riêng tìm hiểu văn hóa vùng quê Nha Trang', 'Tour ba thác trong rừng', 'Du thuyền trên sông trải nghiệm văn hóa Nha Trang', 'Tour du thuyền riêng trên sông với bữa trưa', 'Changed Attraction Tour riêng về văn hóa nông thôn và đi thuyền trên sông', 'Changed Attraction Tour riêng khám phá thành phố kèm bữa trưa', 'Changed Attraction Tour thành phố Nha Trang nửa ngày']"
Hải Long,"['Tour tham quan nửa Ngày', 'Tour riêng tìm hiểu văn hóa vùng quê ở Nha Trang', 'Tour trekking đi thác với bữa trưa', 'Tour riêng khám phá văn hóa Nha Trang bằng ô tô', 'Tour du thuyền riêng trên sông với bữa trưa 1', 'Tour riêng tham quan vùng quê Nha Trang có hướng dẫn', 'Tour vùng nông thôn với bữa trưa', 'Changed Attraction Tour tham quan Nha Trang trải nghiệm tắm bùn', 'Changed Attraction Tour riêng khám phá lịch sử và văn hóa Nha Trang', 'Changed Attraction Tour riêng về văn hóa nông thôn và đi thuyền trên sông']"
Ðông Quân,"['Đi du thuyền sang trọng có hướng dẫn và ngắm hoàng hôn', 'Tour riêng trên sông ngắm nhìn phong cảnh đồng quê', 'Tham quan vùng nông thôn Hội An', 'Tour ngắm hoàng hôn trên sông ở Nha Trang', 'Du thuyền hoàng hôn với bữa tối', 'Tour du lịch miền quê bằng ô tô', 'Tour du thuyền riêng trên sông với bữa trưa', 'Changed Attraction Tour riêng khám phá văn hóa Nha Trang bằng ô tô', 'Changed Attraction Tour riêng khám phá thành phố kèm bữa trưa 1', 'Changed Attraction Tour riêng tham quan vùng quê Nha Trang có hướng dẫn']"
Ly,"['Khóa học lái xe máy trong một giờ', 'Tour vùng nông thôn với bữa trưa', 'Tour riêng khám phá thành phố kèm bữa trưa', 'Tour riêng có bữa trưa thăm vùng nông thôn bằng xe hơi', 'Tour riêng tìm hiểu văn hóa vùng quê ở Nha Trang', 'Tham quan vùng nông thôn Hội An', 'Tour thành phố Nha Trang nửa ngày', 'Changed Attraction Tour trekking đi thác với bữa trưa', 'Changed Attraction Tour Thác Ba Hồ khởi hành từ Nha Trang', 'Changed Attraction Tour riêng khám phá thành phố kèm bữa trưa 1']"
Thế Minh,"['Tour ngắm hoàng hôn trên sông ở Nha Trang', 'Đi du thuyền sang trọng có hướng dẫn và ngắm hoàng hôn', 'Du thuyền trên sông trải nghiệm văn hóa Nha Trang', 'Du thuyền hoàng hôn với bữa tối', 'Tour riêng về văn hóa nông thôn và đi thuyền trên sông', 'Tour riêng tham quan vùng quê Nha Trang có hướng dẫn', 'Tour du thuyền riêng trên sông với bữa trưa', 'Changed Attraction Tour riêng trên sông ngắm nhìn phong cảnh đồng quê', 'Changed Attraction Tour thành phố Nha Trang nửa ngày', 'Changed Attraction Du thuyền trên sông nửa ngày với bữa trưa hoặc bữa tối']"
Mạnh Dũng,"['Tour du thuyền riêng trên sông với bữa trưa', 'Tour riêng tìm hiểu văn hóa vùng quê ở Nha Trang', 'Tour du lịch miền quê bằng ô tô', 'Tour vùng nông thôn với bữa trưa', 'Tour riêng khám phá vùng nông thôn Nha Trang', 'Tour riêng tìm hiểu văn hóa vùng quê Nha Trang', 'Du thuyền trên sông trải nghiệm văn hóa Nha Trang', 'Changed Attraction Tour du thuyền riêng trên sông với bữa trưa 1', 'Changed Attraction Tour riêng có bữa trưa thăm vùng nông thôn bằng xe hơi', 'Changed Attraction Tour riêng về văn hóa nông thôn và đi thuyền trên sông']"
Hương Lan,"['Du thuyền trên sông trải nghiệm văn hóa Nha Trang', 'Tour riêng có bữa trưa thăm vùng nông thôn bằng xe hơi', 'Tour riêng khám phá văn hóa Nha Trang bằng ô tô', 'Tour riêng trên sông ngắm nhìn phong cảnh đồng quê', 'Tour tham quan Nha Trang trải nghiệm tắm bùn', 'Tour riêng tham quan vùng quê Nha Trang có hướng dẫn', 'Tour ngắm hoàng hôn trên sông ở Nha Trang', 'Changed Attraction Tour thành phố Nha Trang nửa ngày', 'Changed Attraction Tour vùng nông thôn với bữa trưa', 'Changed Attraction Tour du thuyền riêng trên sông với bữa trưa 1']"
Kim Lan,"['Tour riêng khám phá thành phố kèm bữa trưa', 'Tour riêng khám phá thành phố kèm bữa trưa 1', 'Tour tham quan Nha Trang trải nghiệm tắm bùn', 'Tour riêng có bữa trưa thăm vùng nông thôn bằng xe hơi', 'Tour thành phố Nha Trang nửa ngày', 'Tour riêng khám phá vùng quê và làng mạc', 'Khóa học lái xe máy trong một giờ', 'Changed Attraction Tour riêng khám phá văn hóa Nha Trang bằng ô tô', 'Changed Attraction Tour riêng khám phá lịch sử và văn hóa Nha Trang', 'Changed Attraction Tour riêng tham quan vùng quê Nha Trang có hướng dẫn']"
Thiếu,"['Tour riêng trên sông ngắm nhìn phong cảnh đồng quê', 'Du thuyền trên sông trải nghiệm văn hóa Nha Trang', 'Tour ngắm hoàng hôn trên sông ở Nha Trang', 'Du thuyền trên sông nửa ngày với bữa trưa hoặc bữa tối', 'Tour du thuyền riêng trên sông với bữa trưa 1', 'Tour riêng về văn hóa nông thôn và đi thuyền trên sông', 'Tour du thuyền riêng trên sông với bữa trưa', 'Changed Attraction Tham quan vùng nông thôn Hội An', 'Changed Attraction Đi du thuyền sang trọng có hướng dẫn và ngắm hoàng hôn', 'Changed Attraction Tour riêng khám phá văn hóa Nha Trang bằng ô tô']"
Thu Thuận,"['Du thuyền hoàng hôn với bữa tối', 'Du thuyền trên sông nửa ngày với bữa trưa hoặc bữa tối', 'Tour ngắm hoàng hôn trên sông ở Nha Trang', 'Trải nghiệm đi trekking & bơi lội ở thác Ba Hồ', 'Tour du thuyền riêng trên sông với bữa trưa 1', 'Tour du thuyền riêng trên sông với bữa trưa', 'Tour riêng có bữa trưa thăm vùng nông thôn bằng xe hơi', 'Changed Attraction Du thuyền trên sông trải nghiệm văn hóa Nha Trang', 'Changed Attraction Tour riêng về văn hóa nông thôn và đi thuyền trên sông', 'Changed Attraction Đi du thuyền sang trọng có hướng dẫn và ngắm hoàng hôn']"
Nghi Xuân,"['Tour riêng có bữa trưa thăm vùng nông thôn bằng xe hơi', 'Tour vùng nông thôn với bữa trưa', 'Tour riêng về văn hóa nông thôn và đi thuyền trên sông', 'Tour du thuyền riêng trên sông với bữa trưa', 'Tham quan vùng nông thôn Hội An', 'Tour riêng khám phá vùng nông thôn Nha Trang', 'Tour riêng khám phá thành phố kèm bữa trưa', 'Changed Attraction Tour du lịch miền quê bằng ô tô', 'Changed Attraction Tour riêng khám phá văn hóa Nha Trang bằng ô tô', 'Changed Attraction Du thuyền trên sông trải nghiệm văn hóa Nha Trang']"
Tân Long,"['Tour riêng tham quan vùng quê Nha Trang có hướng dẫn', 'Tour riêng tìm hiểu văn hóa vùng quê Nha Trang', 'Tour riêng khám phá lịch sử và văn hóa Nha Trang', 'Tour riêng khám phá thành phố kèm bữa trưa', 'Tour riêng về văn hóa nông thôn và đi thuyền trên sông', 'Tour riêng khám phá thành phố kèm bữa trưa 1', 'Tour tham quan Hòn Mun, Làng Chài và Bãi Tranh', 'Changed Attraction Du thuyền trên sông trải nghiệm văn hóa Nha Trang', 'Changed Attraction Tour riêng khám phá văn hóa Nha Trang bằng ô tô', 'Changed Attraction Tour thành phố Nha Trang nửa ngày']"
Thiện Ngôn,"['Tour du thuyền riêng trên sông với bữa trưa', 'Tour vùng nông thôn với bữa trưa', 'Tour riêng có bữa trưa thăm vùng nông thôn bằng xe hơi', 'Tour riêng khám phá vùng quê và làng mạc', 'Tour riêng khám phá văn hóa Nha Trang bằng ô tô', 'Tour riêng khám phá thành phố kèm bữa trưa 1', 'Tour du thuyền riêng trên sông với bữa trưa 1', 'Changed Attraction Tour du lịch miền quê bằng ô tô', 'Changed Attraction Tour riêng khám phá vùng nông thôn Nha Trang', 'Changed Attraction Tour riêng tìm hiểu văn hóa vùng quê ở Nha Trang']"
Chí Khang,"['Tour vùng nông thôn với bữa trưa', 'Tour riêng về văn hóa nông thôn và đi thuyền trên sông', 'Tour du lịch miền quê bằng ô tô', 'Tour du thuyền riêng trên sông với bữa trưa', 'Tour riêng khám phá lịch sử và văn hóa Nha Trang', 'Tour riêng khám phá vùng nông thôn Nha Trang', 'Khóa học lái xe máy trong một giờ', 'Changed Attraction Tour riêng có bữa trưa thăm vùng nông thôn bằng xe hơi', 'Changed Attraction Du thuyền trên sông trải nghiệm văn hóa Nha Trang', 'Changed Attraction Tour du thuyền riêng trên sông với bữa trưa 1']"
Nương,"['Tour trekking đi thác với bữa trưa', 'Tour riêng tìm hiểu văn hóa vùng quê ở Nha Trang', 'Tour tham quan nửa Ngày', 'Tour thác Ba Hồ có hướng dẫn', 'Tour Thác Ba Hồ khởi hành từ Nha Trang', 'Tour ba thác trong rừng', 'Tham quan vùng nông thôn Hội An', 'Changed Attraction Khóa học lái xe máy trong một giờ', 'Changed Attraction Trải nghiệm đi trekking & bơi lội ở thác Ba Hồ', 'Changed Attraction Tour vùng nông thôn với bữa trưa']"
Xuân Nhi,"['Du thuyền trên sông nửa ngày với bữa trưa hoặc bữa tối', 'Tour ngắm hoàng hôn trên sông ở Nha Trang', 'Tour du thuyền riêng trên sông với bữa trưa 1', 'Tour du thuyền riêng trên sông với bữa trưa', 'Tour riêng về văn hóa nông thôn và đi thuyền trên sông', 'Tour riêng trên sông ngắm nhìn phong cảnh đồng quê', 'Tour riêng có bữa trưa thăm vùng nông thôn bằng xe hơi', 'Changed Attraction Du thuyền hoàng hôn với bữa tối', 'Changed Attraction Tour riêng khám phá lịch sử và văn hóa Nha Trang', 'Changed Attraction Du thuyền trên sông trải nghiệm văn hóa Nha Trang']"
Hồng Thảo,"['Tour du thuyền riêng trên sông với bữa trưa 1', 'Tour riêng tìm hiểu văn hóa vùng quê ở Nha Trang', 'Tour du thuyền riêng trên sông với bữa trưa', 'Tour vùng nông thôn với bữa trưa', 'Tour riêng về văn hóa nông thôn và đi thuyền trên sông', 'Du thuyền trên sông trải nghiệm văn hóa Nha Trang', 'Tour riêng khám phá vùng nông thôn Nha Trang', 'Changed Attraction Tham quan vùng nông thôn Hội An', 'Changed Attraction Tour riêng khám phá văn hóa Nha Trang bằng ô tô', 'Changed Attraction Du thuyền trên sông nửa ngày với bữa trưa hoặc bữa tối']"
Sông,"['Trải nghiệm mát-xa toàn thân', 'Tour riêng khám phá vùng nông thôn Nha Trang', 'Tour thác Ba Hồ có hướng dẫn', 'Trải nghiệm Spa có tắm bùn', 'Tham quan Hòn Tằm và tắm bùn tại resort', 'Tour riêng trên sông ngắm nhìn phong cảnh đồng quê', 'Trải nghiệm đi trekking & bơi lội ở thác Ba Hồ', 'Changed Attraction Tour riêng có bữa trưa thăm vùng nông thôn bằng xe hơi', 'Changed Attraction Tour tham quan Nha Trang trải nghiệm tắm bùn', 'Changed Attraction Tham quan vùng nông thôn Hội An']"
Sông Hương,"['Tour ba thác trong rừng', 'Tour riêng về văn hóa nông thôn và đi thuyền trên sông', 'Trải nghiệm đi trekking & bơi lội ở thác Ba Hồ', 'Tour thác Ba Hồ có hướng dẫn', 'Tour Thác Ba Hồ khởi hành từ Nha Trang', 'Tour tham quan Nha Trang trải nghiệm tắm bùn', 'Tour riêng có bữa trưa thăm vùng nông thôn bằng xe hơi', 'Changed Attraction Tour trekking đi thác với bữa trưa', 'Changed Attraction Tham quan vùng nông thôn Hội An', 'Changed Attraction Tour tham quan Hòn Mun, Làng Chài và Bãi Tranh']"
Vi Quyên,"['Tour riêng về văn hóa nông thôn và đi thuyền trên sông', 'Tour du thuyền riêng trên sông với bữa trưa 1', 'Tour ba thác trong rừng', 'Tour vùng nông thôn với bữa trưa', 'Tour riêng khám phá văn hóa Nha Trang bằng ô tô', 'Tour riêng có bữa trưa thăm vùng nông thôn bằng xe hơi', 'Tour riêng tìm hiểu văn hóa vùng quê Nha Trang', 'Changed Attraction Tour du thuyền riêng trên sông với bữa trưa', 'Changed Attraction Tour riêng khám phá vùng nông thôn Nha Trang', 'Changed Attraction Tham quan vùng nông thôn Hội An']"
Yến Phượng,"['Trải nghiệm đi trekking & bơi lội ở thác Ba Hồ', 'Tour thác Ba Hồ có hướng dẫn', 'Tour trekking đi thác với bữa trưa', 'Du thuyền hoàng hôn với bữa tối', 'Du thuyền trên sông trải nghiệm văn hóa Nha Trang', 'Tour tham quan Nha Trang trải nghiệm tắm bùn', 'Tour riêng khám phá vùng nông thôn Nha Trang', 'Changed Attraction Tour riêng trên sông ngắm nhìn phong cảnh đồng quê', 'Changed Attraction Tour Thác Ba Hồ khởi hành từ Nha Trang', 'Changed Attraction Tour ba thác trong rừng']"
Viễn Thông,"['Tour Thác Ba Hồ khởi hành từ Nha Trang', 'Tour trekking đi thác với bữa trưa', 'Tour riêng khám phá lịch sử và văn hóa Nha Trang', 'Du thuyền trên sông trải nghiệm văn hóa Nha Trang', 'Tour tham quan Nha Trang trải nghiệm tắm bùn', 'Tour riêng tìm hiểu văn hóa vùng quê ở Nha Trang', 'Tour du thuyền riêng trên sông với bữa trưa 1', 'Changed Attraction Trải nghiệm đi trekking & bơi lội ở thác Ba Hồ', 'Changed Attraction Tour ba thác trong rừng', 'Changed Attraction Tour thác Ba Hồ có hướng dẫn']"
