User Name,Recommendations
Minh Khai,"['Tour tham quan địa đạo Củ Chi trong nửa ngày', 'Tour tham quan Địa Đạo Củ Chi nửa ngày', 'Tour trọn ngày Địa Đạo Củ Chi và Đồng Bằng Sông Cửu Long 1', 'Tour trọn ngày Địa đạo Củ Chi và sông Sài Gòn', 'Địa đạo Củ Chi', 'Tour tham quan Địa đạo Củ Chi nửa ngày', 'Tour Địa đạo Củ Chi nửa ngày', 'Changed Attraction Tour VIP địa đạo Củ Chi với bữa trưa', 'Changed Attraction Tour tham quan Địa đạo Củ Chi trong nửa ngày', 'Changed Attraction Tour tham quan địa đạo Củ Chi theo nhóm nhỏ']"
Trọng Hà,"['Tour Đồng bằng sông Cửu Long trọn ngày với bữa trưa', 'Vé xem À Ố Show tại Nhà hát Thành phố Hồ Chí Minh', 'Du thuyền ăn tối trên sông Sài Gòn', 'Tour tham quan địa đạo Củ Chi trong nửa ngày', 'Tour địa đạo Củ Chi và Đồng bằng sông Cửu Long', 'Tour địa đạo Củ Chi và đồng bằng sông Cửu Long', 'Tour Đồng bằng sông Cửu Long trong ngày với bữa trưa', 'Changed Attraction Tour ẩm thực đường phố riêng bằng xe máy', 'Changed Attraction Tour riêng tham quan đồng bằng sông Cửu Long kèm bữa trưa', 'Changed Attraction Tour tham quan địa đạo Củ Chi trong nửa ngày 1']"
Gia Bình,"['Tour địa đạo Củ Chi và đồng bằng sông Cửu Long', 'Lớp học nấu món chay', 'Tour nguyên ngày có hướng dẫn viên', 'Tour tham quan Đồng bằng sông Cửu Long', 'Tour địa đạo Củ Chi và đồng bằng sông Cửu Long 1', 'Địa đạo Củ Chi', 'Tour Đồng Bằng Sông Cửu Long trọn ngày với bữa trưa', 'Changed Attraction Tour cả ngày tham quan Đồng bằng sông Cửu Long & Địa đạo Củ Chi có hướng dẫn viên', 'Changed Attraction Tour trọn ngày Địa Đạo Củ Chi và Đồng Bằng Sông Cửu Long', 'Changed Attraction Tour riêng tham quan thành phố bằng xe máy theo chủ đề ẩm thực']"
Phú Bình,"['Tour ẩm thực đường phố trên xe máy', 'Tour đi bộ thưởng thức ẩm thực đường phố Sài Gòn', 'Tour ẩm thực và ngắm cảnh Sài Gòn về đêm', 'Tour Công viên giải trí Suối Tiên', 'Tour đi bộ Sài Gòn', 'Tour ẩm thực đường phố bằng xe máy - tour riêng', 'Trải nghiệm ẩm thực đường phố với dân địa phương', 'Changed Attraction Tour đi bộ riêng khám phá ẩm thực', 'Changed Attraction Tour chiều thăm thú Sài Gòn', 'Changed Attraction Tour riêng Thành phố Hồ Chí Minh đi xe Jeep quân đội Mỹ']"
Chí Nam,"['Vé vào cửa Saigon Skydeck', 'Tour tham quan thành phố cả ngày', 'Tour trọn ngày Địa đạo Củ Chi và sông Sài Gòn', 'Đài quan sát Landmark 81 SkyView', 'Tour ẩm thực đường phố vào buổi sáng', 'Tour đi xích lô', 'Tour thành phố nửa ngày có hướng dẫn viên', 'Changed Attraction Địa đạo Củ Chi', 'Changed Attraction Tour Sài Gòn nửa đêm bằng xe máy', 'Changed Attraction Tour xe máy buổi tối ở Sài Gòn']"
Lệ Nhi,"['Tour Đồng bằng sông Cửu Long từ Hồ Chí Minh bằng xe limousine', 'Tour địa đạo Củ Chi và đồng bằng sông Cửu Long 1', 'Tour trọn ngày Địa Đạo Củ Chi và Đồng Bằng Sông Cửu Long', 'Tour trong ngày tham quan Đồng bằng sông Cửu Long, đi du thuyền trên sông & ăn trưa', 'Tour cả ngày tham quan Đồng bằng sông Cửu Long & Địa đạo Củ Chi có hướng dẫn viên', 'Tour Đồng bằng sông Cửu Long cả ngày', 'Tour riêng tham quan đồng bằng sông Cửu Long kèm bữa trưa', 'Changed Attraction Tour Đồng bằng sông Cửu Long trong ngày với bữa trưa', 'Changed Attraction Tour đồng bằng sông Cửu Long', 'Changed Attraction Tour tham quan Đồng bằng sông Cửu Long']"
Công Luận,"['Tour cả ngày tham quan Đồng bằng sông Cửu Long & Địa đạo Củ Chi có hướng dẫn viên', 'Tour Đồng bằng sông Cửu Long cả ngày', 'Tour trọn ngày Địa Đạo Củ Chi và Đồng Bằng Sông Cửu Long', 'Tour địa đạo Củ Chi và đồng bằng sông Cửu Long', 'Tour địa đạo Củ Chi và đồng bằng sông Cửu Long 1', 'Tour tham quan Thành phố Hồ Chí Minh và Địa đạo Củ Chi cả ngày', 'Tour tham quan Đồng bằng sông Cửu Long', 'Changed Attraction Tour Đồng bằng sông Cửu Long trong ngày với bữa trưa', 'Changed Attraction Tour riêng tham quan đồng bằng sông Cửu Long kèm bữa trưa', 'Changed Attraction Địa đạo Củ Chi']"
Xuân Thái,"['Đi du thuyền và ăn tối trên sông Sài Gòn', 'Tour địa đạo Củ Chi', 'Ăn tối trên du thuyền và tùy chọn xem múa rối nước', 'Tour đi xích lô, xem múa rối và ăn tối trên du thuyền', 'Tham quan thành phố về đêm và chuyến đi khám phá ẩm thực bằng xe máy', 'Tour trong ngày tham quan Đồng bằng sông Cửu Long, đi du thuyền trên sông & ăn trưa', 'Tour cuộc sống về đêm và ẩm thực bằng xe máy', 'Changed Attraction Tour cao cấp tham quan thành phố Hồ Chí Minh theo nhóm trong nửa ngày', 'Changed Attraction Tour xe máy buổi tối ở Sài Gòn', 'Changed Attraction Du thuyền ăn tối trên sông Sài Gòn']"
Phi Long,"['Du thuyền ăn tối trên sông Sài Gòn', 'Tour tham quan địa đạo Củ Chi trong nửa ngày 1', 'Tour Đồng bằng sông Cửu Long trọn ngày với bữa trưa', 'Tour ẩm thực đường phố riêng bằng xe máy', 'Vé vào nhà hát múa rối nước Rồng Vàng', 'Ăn tối trên du thuyền và tùy chọn xem múa rối nước', 'Tour khám phá văn hóa Sài Gòn bằng xe máy', 'Changed Attraction Tour tham quan địa đạo Củ Chi trong nửa ngày', 'Changed Attraction Vé xem À Ố Show tại Nhà hát Thành phố Hồ Chí Minh', 'Changed Attraction Tour địa đạo Củ Chi và Đồng bằng sông Cửu Long']"
Bích Chiêu,"['Tour cả ngày tham quan Đồng bằng sông Cửu Long & Địa đạo Củ Chi có hướng dẫn viên', 'Tour Đồng bằng sông Cửu Long cả ngày', 'Tour VIP địa đạo Củ Chi với bữa trưa', 'Tour tham quan địa đạo Củ Chi theo nhóm nhỏ', 'Tour tham quan Địa Đạo Củ Chi nửa ngày', 'Tour trọn ngày Địa đạo Củ Chi và sông Sài Gòn', 'Tour địa đạo Củ Chi và đồng bằng sông Cửu Long', 'Changed Attraction Tour tham quan địa đạo Củ Chi trong nửa ngày', 'Changed Attraction Địa đạo Củ Chi', 'Changed Attraction Tour tham quan Địa đạo Củ Chi nửa ngày']"
Thu Oanh,"['Tour tham quan Sài Gòn nửa ngày bằng xích lô', 'Tour ẩm thực đường phố 1', 'Tour tham quan Thành phố Hồ Chí Minh 2', 'Tour tham quan Thành phố Hồ Chí Minh 1', 'Tour tham quan thành phố cả ngày 1', 'Tour cao cấp tham quan thành phố Hồ Chí Minh theo nhóm trong nửa ngày', 'Tour ẩm thực và ngắm cảnh Sài Gòn về đêm', 'Changed Attraction Tour đi xích lô', 'Changed Attraction Tour riêng tham quan đồng bằng sông Cửu Long kèm bữa trưa', 'Changed Attraction Tour bằng xe máy khám phá lịch sử Sài Gòn']"
Tiến Ðức,"['Tour Đồng bằng sông Cửu Long kèm bữa trưa', 'Tour tham quan Thành phố Hồ Chí Minh', 'Tour địa đạo Củ Chi và đồng bằng sông Cửu Long cả ngày', 'Tour trong ngày tham quan Đồng bằng sông Cửu Long, đi du thuyền trên sông & ăn trưa', 'Tour tham quan thượng nguồn sông Mê Kông cả ngày, có bữa trưa', 'Tour trọn ngày Địa Đạo Củ Chi và Đồng Bằng Sông Cửu Long', 'Tour Đồng Bằng Sông Cửu Long trọn ngày với bữa trưa', 'Changed Attraction Tour khám phá Rooftop Bar, du thuyền ăn tối và đi xe máy ở Sài Gòn', 'Changed Attraction Tour Đồng bằng sông Cửu Long trong ngày với bữa trưa', 'Changed Attraction Tour Đồng bằng sông Cửu Long cả ngày']"
Mỹ Trâm,"['Du thuyền ăn tối trên sông Sài Gòn', 'Vé xem À Ố Show tại Nhà hát Thành phố Hồ Chí Minh', 'Tour tham quan địa đạo Củ Chi trong nửa ngày', 'Tour ẩm thực đường phố riêng bằng xe máy', 'Tour địa đạo Củ Chi và Đồng bằng sông Cửu Long', 'Đi du thuyền và ăn tối trên sông Sài Gòn', 'Trải nghiệm ăn tối trên du thuyền, đi xe máy & quán bar trên sân thượng', 'Changed Attraction Tour Đồng bằng sông Cửu Long trọn ngày với bữa trưa', 'Changed Attraction Ăn tối trên du thuyền và tùy chọn xem múa rối nước', 'Changed Attraction Tour tham quan địa đạo Củ Chi trong nửa ngày 1']"
Bảo Tín,"['Tour tham quan địa đạo Củ Chi trong nửa ngày', 'Tour Đồng bằng sông Cửu Long trọn ngày với bữa trưa', 'Du thuyền ăn tối trên sông Sài Gòn', 'Vé xem À Ố Show tại Nhà hát Thành phố Hồ Chí Minh', 'Tour ẩm thực đường phố riêng bằng xe máy', 'Tour tham quan địa đạo Củ Chi theo nhóm nhỏ', 'Tour tham quan Địa Đạo Củ Chi nửa ngày', 'Changed Attraction Tour địa đạo Củ Chi và Đồng bằng sông Cửu Long', 'Changed Attraction Tour tham quan địa đạo Củ Chi trong nửa ngày 1', 'Changed Attraction Tour trọn ngày Địa Đạo Củ Chi và Đồng Bằng Sông Cửu Long 1']"
Triều Thành,"['Ăn tối trên du thuyền và tùy chọn xem múa rối nước', 'Tour đi xích lô, xem múa rối và ăn tối trên du thuyền', 'Vé xem À Ố Show tại Nhà hát Thành phố Hồ Chí Minh', 'Tour trọn ngày Địa Đạo Củ Chi và Đồng Bằng Sông Cửu Long 1', 'Tour xe máy tìm hiểu tâm linh và tín ngưỡng địa phương', 'Tour trọn ngày Địa Đạo Củ Chi và Đồng Bằng Sông Cửu Long', 'Tour địa đạo Củ Chi và đồng bằng sông Cửu Long', 'Changed Attraction Vé vào nhà hát múa rối nước Rồng Vàng', 'Changed Attraction Biểu diễn múa rối nước Rồng Vàng', 'Changed Attraction Tour Đồng Bằng Sông Cửu Long trọn ngày với bữa trưa']"
Xuân Dung,"['Tour du lịch Mũi Né trong ngày', 'Tour cuộc sống về đêm và ẩm thực bằng xe máy', 'Tour đồng bằng sông Cửu Long trong ngày', 'Tour tham quan thành phố cả ngày', 'Tour Bảo tàng Chứng tích Chiến tranh kèm bữa trưa', 'Tour địa đạo Củ Chi và đồng bằng sông Cửu Long cả ngày', 'Tour Sài Gòn nửa đêm bằng xe máy', 'Changed Attraction Tour trong ngày tham quan Đồng bằng sông Cửu Long, đi du thuyền trên sông & ăn trưa', 'Changed Attraction Tour tham quan địa đạo Củ Chi trong nửa ngày 1', 'Changed Attraction Lớp học nấu các món ăn Việt Nam']"
Hải Long,"['Tour cao cấp tham quan thành phố Hồ Chí Minh theo nhóm trong nửa ngày', 'Đi du thuyền và ăn tối trên sông Sài Gòn', 'Chuyến tham quan các điểm nổi bật của thành phố trong nửa ngày', 'Tour khám phá văn hóa Sài Gòn bằng xe máy', 'Tour tham quan thành phố cả ngày', 'Tour thành phố nửa ngày có hướng dẫn viên', 'Tour bằng xe máy khám phá lịch sử Sài Gòn', 'Changed Attraction Tour tham quan Thành phố Hồ Chí Minh', 'Changed Attraction Tour tham quan Thành phố Hồ Chí Minh 1', 'Changed Attraction Tour địa đạo Củ Chi']"
Ðông Quân,"['Tour ẩm thực đường phố bằng xe máy - tour riêng', 'Tour ẩm thực đường phố trên xe máy', 'Tour đi bộ thưởng thức ẩm thực đường phố Sài Gòn', 'Tour ẩm thực đường phố bằng xe máy 1', 'Tour ẩm thực đường phố buổi sáng bằng xe máy', 'Tour ẩm thực chay', 'Lớp học nấu món chay', 'Changed Attraction Tour ẩm thực và ngắm cảnh Sài Gòn về đêm', 'Changed Attraction Tour ẩm thực đường phố bằng xe máy', 'Changed Attraction Tour đi bộ riêng khám phá ẩm thực']"
Ly,"['Tour xe máy buổi tối ở Sài Gòn', 'Tour trọn ngày Địa Đạo Củ Chi và Đồng Bằng Sông Cửu Long', 'Tour trọn ngày Địa Đạo Củ Chi và Đồng Bằng Sông Cửu Long 1', 'Tour Sài Gòn nửa đêm bằng xe máy', 'Tour cuộc sống về đêm và ẩm thực bằng xe máy', 'Tour ẩm thực đường phố 1', 'Trải nghiệm ăn tối trên du thuyền, đi xe máy & quán bar trên sân thượng', 'Changed Attraction Tour tham quan Thành phố Hồ Chí Minh và Địa đạo Củ Chi cả ngày', 'Changed Attraction Đi du thuyền và ăn tối trên sông Sài Gòn', 'Changed Attraction Tour ẩm thực và ngắm cảnh Sài Gòn về đêm']"
Mạnh Dũng,"['Tour trọn ngày Địa Đạo Củ Chi và Đồng Bằng Sông Cửu Long', 'Tour địa đạo Củ Chi và đồng bằng sông Cửu Long 1', 'Tour cả ngày tham quan Đồng bằng sông Cửu Long & Địa đạo Củ Chi có hướng dẫn viên', 'Tour trong ngày tham quan Đồng bằng sông Cửu Long, đi du thuyền trên sông & ăn trưa', 'Tour địa đạo Củ Chi và đồng bằng sông Cửu Long', 'Tour Đồng bằng sông Cửu Long trong ngày với bữa trưa', 'Tour tham quan thượng nguồn sông Mê Kông cả ngày, có bữa trưa', 'Changed Attraction Tour xe máy buổi tối ở Sài Gòn', 'Changed Attraction Tour trọn ngày Địa đạo Củ Chi và sông Sài Gòn', 'Changed Attraction Tour trọn ngày Địa Đạo Củ Chi và Đồng Bằng Sông Cửu Long 1']"
Hương Lan,"['Tour VIP địa đạo Củ Chi với bữa trưa', 'Tour ẩm thực đường phố 1', 'Tour tham quan thành phố cả ngày 1', 'Địa đạo Củ Chi', 'Tour tham quan Địa Đạo Củ Chi nửa ngày', 'Tour tham quan địa đạo Củ Chi theo nhóm nhỏ', 'Tour tham quan địa đạo Củ Chi trong nửa ngày', 'Changed Attraction Tour Sài Gòn về đêm bằng xe máy', 'Changed Attraction Tour tham quan Địa đạo Củ Chi trong nửa ngày', 'Changed Attraction Trải nghiệm ẩm thực đường phố với dân địa phương']"
Kim Lan,"['Tour sáng thăm thú Sài Gòn', 'Tham quan thành phố về đêm và chuyến đi khám phá ẩm thực bằng xe máy', 'Tour Sài Gòn nửa đêm bằng xe máy', 'Tour Sài Gòn về đêm', 'Tour ẩm thực và ngắm cảnh Sài Gòn về đêm', 'Tour ẩm thực chay', 'Tour Sài Gòn về đêm bằng xe máy', 'Changed Attraction Tour cuộc sống về đêm và ẩm thực bằng xe máy', 'Changed Attraction Tour ẩm thực đường phố buổi sáng bằng xe máy', 'Changed Attraction Tour chiều thăm thú Sài Gòn']"
Thiếu,"['Tour ẩm thực đường phố bằng xe máy - tour riêng', 'Tour ẩm thực đường phố bằng xe máy 1', 'Tour địa đạo Củ Chi và đồng bằng sông Cửu Long 1', 'Tour đi bộ riêng khám phá ẩm thực', 'Tour ẩm thực đường phố trên xe máy', 'Tour ẩm thực đường phố buổi sáng bằng xe máy', 'Tour Sài Gòn về đêm', 'Changed Attraction Tour ẩm thực và ngắm cảnh Sài Gòn về đêm', 'Changed Attraction Tour ẩm thực đường phố', 'Changed Attraction Tour cuộc sống về đêm và ẩm thực bằng xe máy']"
Thu Thuận,"['Biểu diễn múa rối nước Rồng Vàng', 'Tour Sài Gòn nửa đêm bằng xe máy', 'Tour sáng có hướng dẫn viên', 'Vé vào nhà hát múa rối nước Rồng Vàng', 'Tour đi xích lô, xem múa rối và ăn tối trên du thuyền', 'Tour Đồng Bằng Sông Cửu Long trọn ngày với bữa trưa', 'Tour tham quan Đồng bằng sông Cửu Long', 'Changed Attraction Ăn tối trên du thuyền và tùy chọn xem múa rối nước', 'Changed Attraction Tour xe máy tìm hiểu tâm linh và tín ngưỡng địa phương', 'Changed Attraction Tour trọn ngày Địa Đạo Củ Chi và Đồng Bằng Sông Cửu Long 1']"
Hồng Thảo,"['Tour thành phố nửa ngày có hướng dẫn viên', 'Tour địa đạo Củ Chi và Thành phố Hồ Chí Minh', 'Tour bằng xe máy khám phá lịch sử Sài Gòn', 'Chuyến tham quan các điểm nổi bật của thành phố trong nửa ngày', 'Tour tham quan thành phố cả ngày', 'Tour tham quan Thành phố Hồ Chí Minh 1', 'Tour tham quan Thành phố Hồ Chí Minh và Địa đạo Củ Chi cả ngày', 'Changed Attraction Tour cao cấp tham quan thành phố Hồ Chí Minh theo nhóm trong nửa ngày', 'Changed Attraction Tour tham quan Địa đạo Củ Chi nửa ngày', 'Changed Attraction Tour tham quan Thành phố Hồ Chí Minh 2']"
Sông,"['Tour chiều thăm thú Sài Gòn', 'Tour riêng Thành phố Hồ Chí Minh đi xe Jeep quân đội Mỹ', 'Tour ẩm thực và ngắm cảnh Sài Gòn về đêm', 'Tour đi bộ thưởng thức ẩm thực đường phố Sài Gòn', 'Tour đi bộ Sài Gòn', 'Tour Sài Gòn nửa đêm bằng xe máy', 'Tour sáng thăm thú Sài Gòn', 'Changed Attraction Tour Công viên giải trí Suối Tiên', 'Changed Attraction Tour ẩm thực đường phố trên xe máy', 'Changed Attraction Tour Sài Gòn về đêm']"
Bình,"['Tour ẩm thực đường phố', 'Du thuyền ăn tối trên sông Sài Gòn', 'Tour Sài Gòn nửa đêm bằng xe máy', 'Tour xe máy buổi tối ở Sài Gòn', 'Tour Sài Gòn về đêm', 'Tour ẩm thực và ngắm cảnh Sài Gòn về đêm', 'Tour cuộc sống về đêm và ẩm thực bằng xe máy', 'Changed Attraction Ăn tối trên du thuyền và tùy chọn xem múa rối nước', 'Changed Attraction Tour Sài Gòn về đêm bằng xe máy', 'Changed Attraction Trải nghiệm ăn tối trên du thuyền, đi xe máy & quán bar trên sân thượng']"
Hoàng Cúc,"['Tour Địa đạo Củ Chi nửa ngày', 'Tour nửa ngày tham quan Sài Gòn vào buổi chiều, có hướng dẫn', 'Tour nửa ngày tham quan Địa đạo Củ Chi lịch sử', 'Tour tham quan địa đạo Củ Chi theo nhóm nhỏ', 'Tour VIP địa đạo Củ Chi với bữa trưa', 'Tour tham quan Địa Đạo Củ Chi nửa ngày', 'Địa đạo Củ Chi', 'Changed Attraction Tour tham quan địa đạo Củ Chi trong nửa ngày 1', 'Changed Attraction Tour tham quan Địa đạo Củ Chi trong nửa ngày', 'Changed Attraction Tour Sài Gòn bằng xe máy']"
Hồng Nhung,"['Tour ẩm thực và ngắm cảnh Sài Gòn về đêm', 'Tour ẩm thực đường phố trên xe máy', 'Tour chiều thăm thú Sài Gòn', 'Tour Công viên giải trí Suối Tiên', 'Tham quan thành phố về đêm và chuyến đi khám phá ẩm thực bằng xe máy', 'Tour cuộc sống về đêm và ẩm thực bằng xe máy', 'Tour Sài Gòn về đêm bằng xe máy', 'Changed Attraction Tour riêng Thành phố Hồ Chí Minh đi xe Jeep quân đội Mỹ', 'Changed Attraction Tour đi bộ thưởng thức ẩm thực đường phố Sài Gòn', 'Changed Attraction Tour đi bộ Sài Gòn']"
Phương Ngọc,"['Tour Sài Gòn bằng xe máy', 'Tour Địa đạo Củ Chi nửa ngày', 'Tour đi bộ thưởng thức ẩm thực đường phố Sài Gòn', 'Tour thành phố nửa ngày có hướng dẫn viên', 'Tour sáng có hướng dẫn viên', 'Tour ẩm thực đường phố bằng xe máy - tour riêng', 'Tour ẩm thực đường phố buổi sáng bằng xe máy', 'Changed Attraction Tour nửa ngày tham quan Sài Gòn vào buổi chiều, có hướng dẫn', 'Changed Attraction Tour cuộc sống về đêm và ẩm thực bằng xe máy', 'Changed Attraction Tour trải nghiệm cà phê Việt Nam']"
Sông Hương,"['Tham quan đồng bằng sông Cửu Long theo đoàn', 'Ăn tối trên du thuyền và tùy chọn xem múa rối nước', 'Tour ẩm thực Sài Gòn về đêm', 'Tour ẩm thực đường phố bằng xe máy', 'Tour ẩm thực đường phố với bữa tối tại Thành phố Hồ Chí Minh', 'Tour tham quan thượng nguồn sông Mê Kông cả ngày, có bữa trưa', 'Tour trọn ngày Địa Đạo Củ Chi và Đồng Bằng Sông Cửu Long', 'Changed Attraction Tour trong ngày tham quan Đồng bằng sông Cửu Long, đi du thuyền trên sông & ăn trưa', 'Changed Attraction Tour Đồng Bằng Sông Cửu Long trọn ngày với bữa trưa', 'Changed Attraction Tour Đồng bằng sông Cửu Long trong ngày với bữa trưa']"
Yến Phượng,"['Tour trải nghiệm cà phê Việt Nam', 'Tour sáng có hướng dẫn viên', 'Tour xe máy tìm hiểu tâm linh và tín ngưỡng địa phương', 'Tour Sài Gòn bằng xe máy', 'Tour bằng xe máy khám phá lịch sử Sài Gòn', 'Tour tham quan địa đạo Củ Chi trong nửa ngày 1', 'Tour ẩm thực đường phố vào buổi sáng', 'Changed Attraction Tham quan khu ổ chuột có hướng dẫn viên', 'Changed Attraction Tour ẩm thực đường phố 1', 'Changed Attraction Tour ẩm thực chay']"
Viễn Thông,"['Tour tham quan Địa đạo Củ Chi nửa ngày', 'Tour thành phố nửa ngày có hướng dẫn viên', 'Tour địa đạo Củ Chi và Thành phố Hồ Chí Minh', 'Tour tham quan địa đạo Củ Chi trong nửa ngày 1', 'Tour tham quan Thành phố Hồ Chí Minh và Địa đạo Củ Chi cả ngày', 'Tour tham quan địa đạo Củ Chi theo nhóm nhỏ', 'Tour tham quan địa đạo Củ Chi trong nửa ngày', 'Changed Attraction Địa đạo Củ Chi', 'Changed Attraction Tour tham quan Địa Đạo Củ Chi nửa ngày', 'Changed Attraction Tour nửa ngày tham quan Địa đạo Củ Chi lịch sử']"
Thương Thương,"['Tour Đồng bằng sông Cửu Long kèm bữa trưa', 'Tour khám phá Rooftop Bar, du thuyền ăn tối và đi xe máy ở Sài Gòn', 'Tour nửa ngày tham quan Sài Gòn vào buổi chiều, có hướng dẫn', 'Tour cao cấp tham quan thành phố Hồ Chí Minh theo nhóm trong nửa ngày', 'Chuyến tham quan các điểm nổi bật của thành phố trong nửa ngày', 'Tour tham quan Thành phố Hồ Chí Minh 1', 'Tour khám phá văn hóa Sài Gòn bằng xe máy', 'Changed Attraction Tour tham quan Thành phố Hồ Chí Minh', 'Changed Attraction Tour riêng Thành phố Hồ Chí Minh đi xe Jeep quân đội Mỹ', 'Changed Attraction Tour tham quan thành phố cả ngày']"
Hải Lý,"['Tour nửa ngày tham quan Địa đạo Củ Chi lịch sử', 'Tour tham quan Địa đạo Củ Chi nửa ngày', 'Tour tham quan Địa Đạo Củ Chi nửa ngày', 'Tour tham quan Địa đạo Củ Chi trong nửa ngày', 'Tour tham quan Thành phố Hồ Chí Minh 1', 'Tour địa đạo Củ Chi và đồng bằng sông Cửu Long cả ngày', 'Tour bằng xe máy khám phá lịch sử Sài Gòn', 'Changed Attraction Tour Địa đạo Củ Chi nửa ngày', 'Changed Attraction Tour tham quan địa đạo Củ Chi theo nhóm nhỏ', 'Changed Attraction Tour tham quan địa đạo Củ Chi trong nửa ngày 1']"
Vân Khanh,"['Tour tham quan Địa Đạo Củ Chi nửa ngày', 'Tour trọn ngày Địa đạo Củ Chi và sông Sài Gòn', 'Tham quan các chợ ở Sài Gòn', 'Tour tham quan Địa đạo Củ Chi trong nửa ngày', 'Tour tham quan Địa đạo Củ Chi nửa ngày', 'Tour trọn ngày Địa Đạo Củ Chi và Đồng Bằng Sông Cửu Long 1', 'Tour tham quan địa đạo Củ Chi trong nửa ngày', 'Changed Attraction Tour tham quan địa đạo Củ Chi theo nhóm nhỏ', 'Changed Attraction Địa đạo Củ Chi', 'Changed Attraction Tour VIP địa đạo Củ Chi với bữa trưa']"
Chi Mai,"['Tour tham quan thành phố cả ngày', 'Tour cuộc sống về đêm và ẩm thực bằng xe máy', 'Tour du lịch Mũi Né trong ngày', 'Tour đồng bằng sông Cửu Long trong ngày', 'Tour Bảo tàng Chứng tích Chiến tranh kèm bữa trưa', 'Tour tham quan Thành phố Hồ Chí Minh', 'Tour khám phá văn hóa Sài Gòn bằng xe máy', 'Changed Attraction Tour thành phố nửa ngày có hướng dẫn viên', 'Changed Attraction Tour tham quan Thành phố Hồ Chí Minh và Địa đạo Củ Chi cả ngày', 'Changed Attraction Lớp học nấu các món ăn Việt Nam']"
Phương Quân,"['Tour Đồng bằng sông Cửu Long kèm bữa trưa', 'Tham quan đồng bằng sông Cửu Long theo đoàn', 'Tour Đồng bằng sông Cửu Long cả ngày', 'Tour địa đạo Củ Chi và đồng bằng sông Cửu Long 1', 'Tour trong ngày tham quan Đồng bằng sông Cửu Long, đi du thuyền trên sông & ăn trưa', 'Tour trọn ngày Địa Đạo Củ Chi và Đồng Bằng Sông Cửu Long', 'Tour Đồng bằng sông Cửu Long từ Hồ Chí Minh bằng xe limousine', 'Changed Attraction Tour Đồng Bằng Sông Cửu Long trọn ngày với bữa trưa', 'Changed Attraction Tour Đồng bằng sông Cửu Long trong ngày với bữa trưa', 'Changed Attraction Du thuyền Đồng bằng sông Cửu Long với cưỡi ngựa và ăn trưa']"
Ái Hồng,"['Tour Địa đạo Củ Chi nửa ngày', 'Tour tham quan Thành phố Hồ Chí Minh', 'Tour khám phá văn hóa Sài Gòn bằng xe máy', 'Tour tham quan thành phố cả ngày', 'Chuyến tham quan các điểm nổi bật của thành phố trong nửa ngày', 'Tour tham quan Thành phố Hồ Chí Minh và Địa đạo Củ Chi cả ngày', 'Tour cao cấp tham quan thành phố Hồ Chí Minh theo nhóm trong nửa ngày', 'Changed Attraction Tour nửa ngày tham quan Sài Gòn vào buổi chiều, có hướng dẫn', 'Changed Attraction Tour Sài Gòn bằng xe máy', 'Changed Attraction Tour riêng Thành phố Hồ Chí Minh đi xe Jeep quân đội Mỹ']"
Lưu,"['Trải nghiệm ẩm thực đường phố với dân địa phương', 'Tour Sài Gòn về đêm bằng xe máy', 'Tour ẩm thực đường phố 1', 'Tour VIP địa đạo Củ Chi với bữa trưa', 'Tour ẩm thực đường phố trên xe máy', 'Tour ẩm thực và ngắm cảnh Sài Gòn về đêm', 'Tour đi bộ thưởng thức ẩm thực đường phố Sài Gòn', 'Changed Attraction Tour ẩm thực đường phố vào buổi sáng', 'Changed Attraction Tour ẩm thực đường phố bằng xe máy', 'Changed Attraction Tour tham quan thành phố cả ngày 1']"
Cát Uy,"['Tour ẩm thực và ngắm cảnh Sài Gòn về đêm', 'Tour đi bộ thưởng thức ẩm thực đường phố Sài Gòn', 'Tour Công viên giải trí Suối Tiên', 'Tour ẩm thực đường phố trên xe máy', 'Tour tham quan Thành phố Hồ Chí Minh và Địa đạo Củ Chi cả ngày', 'Tour khám phá văn hóa Sài Gòn bằng xe máy', 'Tour tham quan Thành phố Hồ Chí Minh', 'Changed Attraction Tour đi bộ Sài Gòn', 'Changed Attraction Tour riêng Thành phố Hồ Chí Minh đi xe Jeep quân đội Mỹ', 'Changed Attraction Tour chiều thăm thú Sài Gòn']"
Mỹ Hạnh,"['Tour xe máy tìm hiểu tâm linh và tín ngưỡng địa phương', 'Tour bằng xe máy khám phá lịch sử Sài Gòn', 'Tour nửa ngày tham quan Thành phố Hồ Chí Minh theo nhóm', 'Tour tham quan Thành phố Hồ Chí Minh 2', 'Tour riêng Thành phố Hồ Chí Minh đi xe Jeep quân đội Mỹ', 'Tour tham quan thành phố cả ngày', 'Tour tham quan thành phố cả ngày 1', 'Changed Attraction Tour tìm hiểu lịch sử thành phố bằng xe máy', 'Changed Attraction Chuyến tham quan các điểm nổi bật của thành phố trong nửa ngày', 'Changed Attraction Tour sáng có hướng dẫn viên']"
Tất Hiếu,"['Tour đồng bằng sông Cửu Long', 'Tour nửa ngày tham quan Địa đạo Củ Chi', 'Tour riêng tham quan đồng bằng sông Cửu Long kèm bữa trưa', 'Tour Đồng bằng sông Cửu Long cả ngày', 'Tour trọn ngày Địa Đạo Củ Chi và Đồng Bằng Sông Cửu Long', 'Tour địa đạo Củ Chi và đồng bằng sông Cửu Long 1', 'Tour cả ngày tham quan Đồng bằng sông Cửu Long & Địa đạo Củ Chi có hướng dẫn viên', 'Changed Attraction Tour Đồng bằng sông Cửu Long từ Hồ Chí Minh bằng xe limousine', 'Changed Attraction Tour Đồng bằng sông Cửu Long trong ngày với bữa trưa', 'Changed Attraction Tour địa đạo Củ Chi và đồng bằng sông Cửu Long cả ngày']"
Bá Thịnh,"['Tham quan đồng bằng sông Cửu Long theo đoàn', 'Tour ẩm thực đường phố với bữa tối tại Thành phố Hồ Chí Minh', 'Trải nghiệm ẩm thực đường phố với dân địa phương', 'Tour ẩm thực đường phố trên xe máy', 'Tour ẩm thực đường phố buổi sáng bằng xe máy', 'Tour đi bộ thưởng thức ẩm thực đường phố Sài Gòn', 'Tour cuộc sống về đêm và ẩm thực bằng xe máy', 'Changed Attraction Tour ẩm thực đường phố bằng xe máy', 'Changed Attraction Ăn tối trên du thuyền và tùy chọn xem múa rối nước', 'Changed Attraction Tour ẩm thực Sài Gòn về đêm']"
Minh Vũ,"['Tour cuộc sống về đêm và ẩm thực bằng xe máy', 'Lớp học nấu các món ăn Việt Nam', 'Tour Bảo tàng Chứng tích Chiến tranh kèm bữa trưa', 'Tour trong ngày tham quan Đồng bằng sông Cửu Long, đi du thuyền trên sông & ăn trưa', 'Tour Đồng Bằng Sông Cửu Long trọn ngày với bữa trưa', 'Tour Đồng bằng sông Cửu Long trong ngày với bữa trưa', 'Tour tham quan thượng nguồn sông Mê Kông cả ngày, có bữa trưa', 'Changed Attraction Tour du lịch Mũi Né trong ngày', 'Changed Attraction Tour tham quan thành phố cả ngày', 'Changed Attraction Tour đồng bằng sông Cửu Long trong ngày']"
Dạ Hương,"['Tour xe máy tìm hiểu tâm linh và tín ngưỡng địa phương', 'Tour tìm hiểu lịch sử thành phố bằng xe máy', 'Chuyến tham quan các điểm nổi bật của thành phố trong nửa ngày', 'Tour trải nghiệm cà phê Việt Nam', 'Tour cuộc sống về đêm và ẩm thực bằng xe máy', 'Tour ẩm thực và ngắm cảnh Sài Gòn về đêm', 'Tour Sài Gòn về đêm', 'Changed Attraction Tour khám phá văn hóa Sài Gòn bằng xe máy', 'Changed Attraction Tour tham quan Thành phố Hồ Chí Minh và Địa đạo Củ Chi cả ngày', 'Changed Attraction Tour tham quan Đồng bằng sông Cửu Long']"
Thái Tổ,"['Tour Sài Gòn nửa đêm bằng xe máy', 'Tour sáng có hướng dẫn viên', 'Biểu diễn múa rối nước Rồng Vàng', 'Tour chiều thăm thú Sài Gòn', 'Tour ẩm thực đường phố buổi sáng bằng xe máy', 'Trải nghiệm ăn tối trên du thuyền, đi xe máy & quán bar trên sân thượng', 'Tham quan thành phố về đêm và chuyến đi khám phá ẩm thực bằng xe máy', 'Changed Attraction Tour sáng thăm thú Sài Gòn', 'Changed Attraction Tour Sài Gòn về đêm', 'Changed Attraction Tour xe máy buổi tối ở Sài Gòn']"
Bình Minh,"['Tour trong ngày tham quan Đồng bằng sông Cửu Long, đi du thuyền trên sông & ăn trưa', 'Tour đồng bằng sông Cửu Long trong ngày', 'Tour Đồng bằng sông Cửu Long trong ngày với bữa trưa', 'Tour Đồng Bằng Sông Cửu Long trọn ngày với bữa trưa', 'Tour trọn ngày Địa Đạo Củ Chi và Đồng Bằng Sông Cửu Long', 'Tour Đồng bằng sông Cửu Long cả ngày', 'Tour địa đạo Củ Chi và đồng bằng sông Cửu Long 1', 'Changed Attraction Tham quan đồng bằng sông Cửu Long theo đoàn', 'Changed Attraction Tour địa đạo Củ Chi và đồng bằng sông Cửu Long cả ngày', 'Changed Attraction Tour tham quan thượng nguồn sông Mê Kông cả ngày, có bữa trưa']"
Ban Mai,"['Tham quan thành phố về đêm và chuyến đi khám phá ẩm thực bằng xe máy', 'Tour chiều thăm thú Sài Gòn', 'Tour cuộc sống về đêm và ẩm thực bằng xe máy', 'Tour ẩm thực đường phố buổi sáng bằng xe máy', 'Tour trong ngày tham quan Đồng bằng sông Cửu Long, đi du thuyền trên sông & ăn trưa', 'Tour ẩm thực đường phố bằng xe máy - tour riêng', 'Tour ẩm thực chay', 'Changed Attraction Tour Sài Gòn về đêm bằng xe máy', 'Changed Attraction Tour Sài Gòn về đêm', 'Changed Attraction Tour ẩm thực Sài Gòn về đêm']"
Mộng Long,"['Tham quan khu ổ chuột có hướng dẫn viên', 'Tour cuộc sống về đêm và ẩm thực bằng xe máy', 'Tour ẩm thực chay', 'Tour ẩm thực đường phố bằng xe máy - tour riêng', 'Tour Sài Gòn về đêm bằng xe máy', 'Tour Sài Gòn về đêm', 'Tour ẩm thực đường phố 1', 'Changed Attraction Tour ẩm thực đường phố buổi sáng bằng xe máy', 'Changed Attraction Tour ẩm thực đường phố vào buổi sáng', 'Changed Attraction Tour sáng có hướng dẫn viên']"
Khắc Công,"['Lớp học nấu món chay', 'Tour địa đạo Củ Chi và đồng bằng sông Cửu Long', 'Tour riêng tham quan thành phố bằng xe máy theo chủ đề ẩm thực', 'Tour nguyên ngày có hướng dẫn viên', 'Lớp học nấu ăn và tour tham quan chợ', 'Tour ẩm thực đường phố bằng xe máy - tour riêng', 'Tour ẩm thực đường phố', 'Changed Attraction Khóa học nấu ăn nâng cao & tham quan chợ', 'Changed Attraction Tour đi bộ riêng khám phá ẩm thực', 'Changed Attraction Lớp học nấu các món ăn Việt Nam']"
Lâm Tuyền,"['Tour tham quan Địa Đạo Củ Chi nửa ngày', 'Tham quan các chợ ở Sài Gòn', 'Tour tham quan địa đạo Củ Chi theo nhóm nhỏ', 'Tour tham quan địa đạo Củ Chi trong nửa ngày', 'Tour địa đạo Củ Chi và đồng bằng sông Cửu Long 1', 'Tour tham quan Địa đạo Củ Chi nửa ngày', 'Tour cả ngày tham quan Đồng bằng sông Cửu Long & Địa đạo Củ Chi có hướng dẫn viên', 'Changed Attraction Tour trọn ngày Địa Đạo Củ Chi và Đồng Bằng Sông Cửu Long', 'Changed Attraction Tour trọn ngày Địa đạo Củ Chi và sông Sài Gòn', 'Changed Attraction Tour trọn ngày Địa Đạo Củ Chi và Đồng Bằng Sông Cửu Long 1']"
Ðại Dương,"['Tour tham quan Thành phố Hồ Chí Minh 1', 'Tour bằng xe máy khám phá lịch sử Sài Gòn', 'Chuyến tham quan các điểm nổi bật của thành phố trong nửa ngày', 'Tour thành phố nửa ngày có hướng dẫn viên', 'Tour khám phá văn hóa Sài Gòn bằng xe máy', 'Tour tham quan thành phố cả ngày 1', 'Tour tham quan thành phố cả ngày', 'Changed Attraction Tour cao cấp tham quan thành phố Hồ Chí Minh theo nhóm trong nửa ngày', 'Changed Attraction Tour riêng Thành phố Hồ Chí Minh đi xe Jeep quân đội Mỹ', 'Changed Attraction Tour tham quan Thành phố Hồ Chí Minh']"
Phú Hải,"['Khóa học nấu ăn nâng cao & tham quan chợ', 'Lớp học nấu món chay', 'Lớp học nấu các món ăn Việt Nam', 'Tour ẩm thực đường phố bằng xe máy - tour riêng', 'Tour ẩm thực đường phố', 'Tour cuộc sống về đêm và ẩm thực bằng xe máy', 'Trải nghiệm ẩm thực đường phố với dân địa phương', 'Changed Attraction Tour xe máy tìm hiểu tâm linh và tín ngưỡng địa phương', 'Changed Attraction Lớp học nấu ăn và tour tham quan chợ', 'Changed Attraction Tour ẩm thực đường phố buổi sáng bằng xe máy']"
Khánh Ðan,"['Tour địa đạo Củ Chi và đồng bằng sông Cửu Long 1', 'Tour ẩm thực đường phố bằng xe máy 1', 'Tour ẩm thực đường phố bằng xe máy - tour riêng', 'Tour trọn ngày Địa Đạo Củ Chi và Đồng Bằng Sông Cửu Long', 'Tour Đồng Bằng Sông Cửu Long trọn ngày với bữa trưa', 'Tour Đồng bằng sông Cửu Long từ Hồ Chí Minh bằng xe limousine', 'Tour địa đạo Củ Chi và đồng bằng sông Cửu Long cả ngày', 'Changed Attraction Tour trong ngày tham quan Đồng bằng sông Cửu Long, đi du thuyền trên sông & ăn trưa', 'Changed Attraction Tour riêng tham quan đồng bằng sông Cửu Long kèm bữa trưa', 'Changed Attraction Tour tham quan Đồng bằng sông Cửu Long']"
Hiệp Hiền,"['Tour ẩm thực đường phố 1', 'Tour Sài Gòn về đêm bằng xe máy', 'Tour tham quan thành phố cả ngày 1', 'Tour cuộc sống về đêm và ẩm thực bằng xe máy', 'Tour tham quan địa đạo Củ Chi trong nửa ngày 1', 'Tour bằng xe máy khám phá lịch sử Sài Gòn', 'Tour đi xích lô', 'Changed Attraction Tour ẩm thực và ngắm cảnh Sài Gòn về đêm', 'Changed Attraction Trải nghiệm ẩm thực đường phố với dân địa phương', 'Changed Attraction Tour VIP địa đạo Củ Chi với bữa trưa']"
Hồng Xuân,"['Tour xe máy Sài Gòn', 'Tour trong ngày tham quan Đồng bằng sông Cửu Long, đi du thuyền trên sông & ăn trưa', 'Tour Đồng bằng sông Cửu Long cả ngày', 'Tour Đồng bằng sông Cửu Long kèm bữa trưa', 'Tour địa đạo Củ Chi và đồng bằng sông Cửu Long 1', 'Tour tham quan Đồng bằng sông Cửu Long', 'Tham quan thành phố về đêm và chuyến đi khám phá ẩm thực bằng xe máy', 'Changed Attraction Tham quan Địa Đạo Củ Chi, Bến Dược và chợ với bữa trưa', 'Changed Attraction Tour tham quan thượng nguồn sông Mê Kông cả ngày, có bữa trưa', 'Changed Attraction Tour địa đạo Củ Chi và đồng bằng sông Cửu Long cả ngày']"
Ðức Hòa,"['Ăn tối trên du thuyền và tùy chọn xem múa rối nước', 'Tham quan đồng bằng sông Cửu Long theo đoàn', 'Tour ẩm thực đường phố bằng xe máy', 'Tour ẩm thực Sài Gòn về đêm', 'Tour ẩm thực đường phố với bữa tối tại Thành phố Hồ Chí Minh', 'Tour đi xích lô, xem múa rối và ăn tối trên du thuyền', 'Du thuyền ăn tối trên sông Sài Gòn', 'Changed Attraction Biểu diễn múa rối nước Rồng Vàng', 'Changed Attraction Vé vào nhà hát múa rối nước Rồng Vàng', 'Changed Attraction Đi du thuyền và ăn tối trên sông Sài Gòn']"
Quỳnh Hà,"['Tour ẩm thực đường phố bằng xe máy', 'Tham quan đồng bằng sông Cửu Long theo đoàn', 'Tour ẩm thực đường phố với bữa tối tại Thành phố Hồ Chí Minh', 'Tour đi bộ thưởng thức ẩm thực đường phố Sài Gòn', 'Tour khám phá ẩm thực Sài Gòn bằng xe máy', 'Tour ẩm thực và ngắm cảnh Sài Gòn về đêm', 'Tour Sài Gòn về đêm', 'Changed Attraction Tour Sài Gòn về đêm bằng xe máy', 'Changed Attraction Ăn tối trên du thuyền và tùy chọn xem múa rối nước', 'Changed Attraction Tour ẩm thực Sài Gòn về đêm']"
Diệu Hương,"['Tour Đồng bằng sông Cửu Long trong ngày với bữa trưa', 'Tour đồng bằng sông Cửu Long', 'Tour nửa ngày tham quan Địa đạo Củ Chi', 'Tour tham quan thượng nguồn sông Mê Kông cả ngày, có bữa trưa', 'Tour riêng tham quan đồng bằng sông Cửu Long kèm bữa trưa', 'Tour Đồng bằng sông Cửu Long kèm bữa trưa', 'Tour trọn ngày Địa Đạo Củ Chi và Đồng Bằng Sông Cửu Long', 'Changed Attraction Tham quan đồng bằng sông Cửu Long theo đoàn', 'Changed Attraction Tour Đồng Bằng Sông Cửu Long trọn ngày với bữa trưa', 'Changed Attraction Tour trong ngày tham quan Đồng bằng sông Cửu Long, đi du thuyền trên sông & ăn trưa']"
Xuân Ngọc,"['Tour đi bộ Sài Gòn', 'Tour ẩm thực và ngắm cảnh Sài Gòn về đêm', 'Tour ẩm thực đường phố trên xe máy', 'Tour riêng Thành phố Hồ Chí Minh đi xe Jeep quân đội Mỹ', 'Tham quan Sài Gòn trong ngày', 'Tour xe máy Sài Gòn', 'Tham quan các chợ ở Sài Gòn', 'Changed Attraction Tour chiều thăm thú Sài Gòn', 'Changed Attraction Tour đi bộ thưởng thức ẩm thực đường phố Sài Gòn', 'Changed Attraction Tour Công viên giải trí Suối Tiên']"
Hiểu Lam,"['Tour khám phá Rooftop Bar, du thuyền ăn tối và đi xe máy ở Sài Gòn', 'Tour Đồng bằng sông Cửu Long kèm bữa trưa', 'Ăn tối trên du thuyền trong thành phố', 'Tour nửa ngày đi xe máy và ăn tối', 'Tour Thành phố Hồ Chí Minh có tham quan Địa đạo Củ Chi', 'Tour nguyên ngày có hướng dẫn viên', 'Tour địa đạo Củ Chi và Thành phố Hồ Chí Minh', 'Changed Attraction Tham quan Sài Gòn trong ngày', 'Changed Attraction Tour tham quan Thành phố Hồ Chí Minh', 'Changed Attraction Du thuyền ăn tối trên sông Sài Gòn 1']"
