Attraction Name,Title URL,Image URL,Location,Ratings,Reviews,Service1,Service2,Satisfaction,Detail,Du thuyền 45 phút,Nhạc sống,Nước đóng chai,Trái cây,Bảo hiểm,Máy hát karaoke,Góc selfie,Buffet trưa tại nhà hàng,Đi cáp treo,Đón và trả khách,Dịch vụ hướng dẫn,Phương tiện đi lại khứ hồi,Vé vào các điểm tham quan,Lớp học nấu ăn,Đầu bếp nói,Dịch vụ hướng dẫn bằng tiếng anh,Cà phê,Thuê xe đạp,Điểm tập trung,Thời lượng,Price,Extra Cost,User Name,User ID,Attraction ID
Du thuyền đêm trên sông Hàn,https://www.booking.com/attractions/vn/pra7fah7ikjw-han-river-night-cruise.html?label=msn-golPss9W5H1W4PKgfhrStw-80333161583921%25252525252525253Atikwd-16659120286%25252525252525253Aloc-166%25252525252525253Aneo%25252525252525253Amtp%25252525252525253Alp142897%25252525252525253Adec%25252525252525253Aqswebsite%25252525252525252520hotel%25252525252525252520in%25252525252525252520vietnamese&aid=393655&source=searchresults-product-card&start_date=2023-10-09&end_date=2023-10-09&lang=vi&date=2023-10-09&ufi=-3715584,https://q-xx.bstatic.com/xdata/images/xphoto/300x320/153567371.jpg?k=f2b4c987d7d6beb2f7ca3b192b6c14df849043981adb02296f5eaae169d2deeb&o=,Hội An,4.5,390,,,Tuyệt vời,"Với tour du lịch này, bạn sẽ được khám phá các thắng cảnh ở Đà Nẵng về đêm trong lúc du thuyền dọc sông Hàn.

Sau khi đến bến cảng, bạn sẽ lên thuyền để bắt đầu hành trình xuôi theo con sông. Xuyên suốt chuyến đi, bạn sẽ được ngắm nhìn quang cảnh thành phố và một số địa danh, bao gồm Cầu Tình yêu và Vòng quay Sun Wheel. Bạn cũng sẽ có cơ hội thưởng thức nhạc sống, biểu diễn ngay trên boong tàu.",0,1,1,1,0,1,0,1,0,0,0,1,0,0,1,0,0,1,"Điểm tập trung
My Xuan Cruise Port: 26 Bach Dang, Thach Thang, Da Nang",Thời lượng: 45 phút,111720,98000,Thái Tân,438,1
Tour Bà Nà Hills trọn ngày với bữa trưa buffet,https://www.booking.com/attractions/vn/prdcygydpy9o-full-day-tour-of-ba-na-hills-with-buffet-lunch.html?label=msn-golPss9W5H1W4PKgfhrStw-80333161583921%25252525252525253Atikwd-16659120286%25252525252525253Aloc-166%25252525252525253Aneo%25252525252525253Amtp%25252525252525253Alp142897%25252525252525253Adec%25252525252525253Aqswebsite%25252525252525252520hotel%25252525252525252520in%25252525252525252520vietnamese&aid=393655&source=searchresults-product-card&start_date=2023-10-09&end_date=2023-10-09&lang=vi&date=2023-10-09&ufi=-3715584,https://q-xx.bstatic.com/xdata/images/xphoto/300x320/130104902.jpg?k=8c85cf8238572ef0bbca2d846a9070b2c9844ec7e16f5ca01089cd1fa45cd265&o=,Hội An,4.4,50,,,Tuyệt vời,"Trong chuyến tham quan trong ngày này, bạn sẽ khám phá những nét nổi bật về văn hóa và lịch sử của Bà Nà Hills. Sau khi bạn được đón tại khách sạn hoặc gặp hướng dẫn viên, bạn sẽ di chuyển đến ga cáp treo Bà Nà. Trên tuyến cáp treo hiện đại, trước tiên bạn sẽ đến thăm Cầu Vàng, chiếc cầu nổi tiếng với hai bàn tay khổng lồ được điêu khắc tinh xảo. Sau đó, bạn sẽ tiếp tục đi cáp treo để khám phá 9 khu vườn của Le Jardin D'Amour và Chùa Linh Ứng. Từ đây, bạn sẽ đến thăm Làng Pháp, Thiền viện, Nhà Bia và Trà quán.

Sau đó bạn sẽ dùng buffet trưa tại một nhà hàng địa phương. Sau bữa trưa, bạn sẽ có thời gian tự do để khám phá Fantasy Park, nơi bạn có thể đi dạo trong khu rừng cổ tích, chơi nhiều trò chơi khác nhau và đi các chuyến tàu lượn của công viên giải trí. Sau đó bạn sẽ đi cáp treo trở lại nhà ga.",0,0,0,0,0,1,0,0,0,0,1,1,0,0,0,0,0,0,Điểm tập trung,Vô hạn,220500,73500,Nhân Sâm,439,2
Vé vào cửa công viên suối khoáng nóng Núi Thần Tài,https://www.booking.com/attractions/vn/prurkdjshqlh-admission-to-nui-than-tai-hot-springs-park.html?label=msn-golPss9W5H1W4PKgfhrStw-80333161583921%25252525252525253Atikwd-16659120286%25252525252525253Aloc-166%25252525252525253Aneo%25252525252525253Amtp%25252525252525253Alp142897%25252525252525253Adec%25252525252525253Aqswebsite%25252525252525252520hotel%25252525252525252520in%25252525252525252520vietnamese&aid=393655&source=searchresults-product-card&start_date=2023-10-09&end_date=2023-10-09&lang=vi&date=2023-10-09&ufi=-3715584,https://q-xx.bstatic.com/xdata/images/xphoto/300x320/153559475.jpg?k=821c73e3b16dc83d3fe5fd00d4d861b7c13e8b3cd62ccb0ac326b047211918cc&o=,Hội An,4.6,260,,,Xuất sắc,"Với vé vào công viên suối khoáng nóng Núi Thần Tài, bạn sẽ có trải nghiệm thư giãn tuyệt vời và trẻ hóa cùng thiên nhiên tại Đà Nẵng. Bạn sẽ tận hưởng khoảng thời gian tại một thiên đường cây xanh trải dài 60 ha với những con suối nước nóng thanh bình và giàu khoáng chất, cùng khu vực tắm bùn.

Trong chuyến thăm, bạn có thể trải nghiệm không gian tĩnh lặng trong Tháp Onsen với phong cách tắm kiểu Nhật truyền thống. Bạn cũng có thể tìm kiếm cảm giác phấn khích trong hang động của công viên nước, hồ châm cứu và các điểm tham quan khác.

Ngoài ra, bạn sẽ nhận được vé xem phim 9D đến 12D miễn phí tại tòa nhà có phục vụ ăn uống và rạp chiếu phim. Cuối cùng, bạn sẽ được đắm chìm trong cảm giác thư giãn toàn diện cho cả thể xác và tâm hồn.",0,1,1,0,1,0,0,1,1,1,0,0,0,1,0,1,1,0,Điểm tập trung,Vô hạn,196000,73500,Diệu Hằng,440,3
Lớp hướng dẫn làm lồng đèn,https://www.booking.com/attractions/vn/prpc0nrrr1qm-lantern-making-class.html?label=msn-golPss9W5H1W4PKgfhrStw-80333161583921%25252525252525253Atikwd-16659120286%25252525252525253Aloc-166%25252525252525253Aneo%25252525252525253Amtp%25252525252525253Alp142897%25252525252525253Adec%25252525252525253Aqswebsite%25252525252525252520hotel%25252525252525252520in%25252525252525252520vietnamese&aid=393655&source=searchresults-product-card&start_date=2023-10-09&end_date=2023-10-09&lang=vi&date=2023-10-09&ufi=-3715584,https://q-xx.bstatic.com/xdata/images/xphoto/300x320/182532747.jpg?k=a70d076a351ad06e0fc052dcc59547ab390515178f58ab1775717f6915f3927f&o=,Hội An,4.9,78,,,Xuất sắc,"Trong lớp học này, bạn sẽ chế tạo phiên bản đèn lồng truyền thống Việt Nam của riêng mình, một biểu tượng của sự may mắn, giàu có và hạnh phúc. Bạn sẽ được chào đón bằng trà Việt Nam thơm ngon, sau đó người hướng dẫn lành nghề sẽ hướng dẫn bạn các bước tạo ra đèn lồng. Bạn có thể thỏa sức sáng tạo với các chất liệu (như lụa, tre,...), hình dạng và màu sắc khác nhau, đồng thời được mang những sản phẩm đầu tay của mình về nhà như một món quà lưu niệm.",0,0,0,1,1,1,0,1,0,1,1,1,0,0,0,0,0,1,Điểm tập trung,Vô hạn,220500,122500,Mỹ Hường,441,4
Tour Cầu Vàng và Bà Nà Hills,https://www.booking.com/attractions/vn/prxyi1shkpfj-golden-bridge-and-ba-na-hills-tour-with-dinner.html?label=msn-golPss9W5H1W4PKgfhrStw-80333161583921%25252525252525253Atikwd-16659120286%25252525252525253Aloc-166%25252525252525253Aneo%25252525252525253Amtp%25252525252525253Alp142897%25252525252525253Adec%25252525252525253Aqswebsite%25252525252525252520hotel%25252525252525252520in%25252525252525252520vietnamese&aid=393655&source=searchresults-product-card&start_date=2023-10-09&end_date=2023-10-09&lang=vi&date=2023-10-09&ufi=-3715584,https://r-xx.bstatic.com/xdata/images/xphoto/300x320/153488549.jpg?k=41211ae8359bff230df4592e37e276be2d4eb432031783918400e6bb30479536&o=,Hội An,5.0,11,,,Xuất sắc,"Trong chuyến tham quan này, bạn sẽ có cơ hội khám phá các thắng cảnh của khu du lịch Bà Nà Hills, cũng như băng qua Cầu Vàng mang tính biểu tượng.

Sau khi được đón từ Hội An, bạn sẽ lên đường đến Bà Nà Hills, nơi bạn sẽ đi cáp treo lên khu nghỉ dưỡng. Trên đường lên núi, bạn sẽ thấy toàn cảnh Cầu Vàng với 2 trụ đỡ hình bàn tay, cũng như tầm nhìn ra khu vực rộng lớn xung quanh. Khi đến khu nghỉ dưỡng, bạn sẽ có thể ghé thăm một số điểm tham quan của Bà Nà, bao gồm hầm rượu của Pháp, các biệt thự đổ nát và vườn hoa Le Jardin D'amour.

Bạn sẽ đến Cầu Vàng, nơi bạn có thể đi dạo qua cầu và kết thúc chuyến tham quan của mình sau khi tản bộ qua làng Pháp.",0,0,1,0,0,0,1,0,0,0,0,1,1,1,0,0,0,1,Điểm tập trung,Bao gồm dịch vụ đón khách,147000,98000,Thái Tân,438,5
Tour nửa ngày Thánh Địa Mỹ Sơn,https://www.booking.com/attractions/vn/pr2b0shzsecu-half-day-tour-of-my-son-sanctuary.html?label=msn-golPss9W5H1W4PKgfhrStw-80333161583921%25252525252525253Atikwd-16659120286%25252525252525253Aloc-166%25252525252525253Aneo%25252525252525253Amtp%25252525252525253Alp142897%25252525252525253Adec%25252525252525253Aqswebsite%25252525252525252520hotel%25252525252525252520in%25252525252525252520vietnamese&aid=393655&source=searchresults-product-card&start_date=2023-10-09&end_date=2023-10-09&lang=vi&date=2023-10-09&ufi=-3715584,https://q-xx.bstatic.com/xdata/images/xphoto/300x320/157185164.jpg?k=8ea86f47f5ecdd8829bc9dcdc82bf86878acd35b132d2f2dda063b70824b8e71&o=,Hội An,4.6,78,,,Xuất sắc,"Trong tour này, bạn sẽ được khám phá một Mỹ Sơn ấn tượng, khu bảo tồn của những ngôi đền Hindu được xây dựng giữa thế kỷ 4 và 14. Bạn sẽ bắt đầu chuyến tham quan vào buổi sáng và khám phá khu đất rộng lớn được bao quanh bởi cảnh quan thiên nhiên tuyệt đẹp. Bạn cũng có thể chiêm ngưỡng các di tích lúc hoàng hôn và thưởng thức một điệu múa Chăm truyền thống.",1,1,1,1,0,1,1,0,0,0,0,0,1,1,0,0,1,0,Điểm tập trung,Vô hạn,196000,98000,Nhân Sâm,439,6
Tour Bán đảo Sơn Trà & Hội An từ Đà Nẵng,https://www.booking.com/attractions/vn/prqmksaheqxo-son-tra-peninsula-hoi-an-tour-from-da-nang.html?label=msn-golPss9W5H1W4PKgfhrStw-80333161583921%25252525252525253Atikwd-16659120286%25252525252525253Aloc-166%25252525252525253Aneo%25252525252525253Amtp%25252525252525253Alp142897%25252525252525253Adec%25252525252525253Aqswebsite%25252525252525252520hotel%25252525252525252520in%25252525252525252520vietnamese&aid=393655&source=searchresults-product-card&start_date=2023-10-09&end_date=2023-10-09&lang=vi&date=2023-10-09&ufi=-3715584,https://q-xx.bstatic.com/xdata/images/xphoto/300x320/153554750.jpg?k=ced199618ba8f0a4bb398430872c294cf4c318ca3bb1635b855c2eb01dd1ae65&o=,Hội An,4.4,142,,,Tuyệt vời,"Trong tour này, bạn sẽ tham quan bán đảo Sơn Trà, núi Ngũ Hành Sơn và thành phố Hội An nằm gần Đà Nẵng. Điểm dừng đầu tiên của bạn sẽ là bán đảo Sơn Trà, nơi có chùa Linh Ứng với tượng Phật rất cao. Bạn sẽ có thời gian chiêm ngưỡng quang cảnh thiên nhiên quanh khu vực bán đảo, được biết đến như lá phổi của Đà Nẵng.

Sau đó, bạn sẽ ghé thăm núi Ngũ Hành Sơn, nơi bạn có thể ngắm nhìn toàn cảnh đất trời và tìm hiểu về huyền thoại cũng như truyền thuyết của năm ngọn núi này. Bạn cũng sẽ có thời gian khám phá chùa Tam Thai trước khi di chuyển đến Làng đá mỹ nghệ Non Nước. Tại đây, bạn sẽ thấy các tác phẩm điêu khắc bằng đá được chạm khắc và chế tác bởi nghệ nhân địa phương.

Cuối cùng, bạn sẽ ghé thăm phố cổ Hội An, nơi được UNESCO công nhận là di sản thế giới. Bạn sẽ được trải nghiệm sự pha trộn của nhiều nền văn hóa trong lúc khám phá phố cổ.",0,1,0,0,0,0,0,0,0,0,0,1,0,1,1,0,0,1,"Điểm khởi hành
Novotel Danang, 36 Bach Dang, Thach Thang ward, Hai Chau district, Da Nang",Vô hạn,171500,122500,Thục,466,7
Tour thuyền thúng và lớp học nấu ăn thân thiện với môi trường,https://www.booking.com/attractions/vn/prijsfzjqcgp-eco-friendly-cooking-class-and-basket-boat-tour.html?label=msn-golPss9W5H1W4PKgfhrStw-80333161583921%25252525252525253Atikwd-16659120286%25252525252525253Aloc-166%25252525252525253Aneo%25252525252525253Amtp%25252525252525253Alp142897%25252525252525253Adec%25252525252525253Aqswebsite%25252525252525252520hotel%25252525252525252520in%25252525252525252520vietnamese&aid=393655&source=searchresults-product-card&start_date=2023-10-09&end_date=2023-10-09&lang=vi&date=2023-10-09&ufi=-3715584,https://q-xx.bstatic.com/xdata/images/xphoto/300x320/153543437.jpg?k=61208ca01865368a30afc6e2faee8973ebf0a9e1070ae729207cac1512d3f9ec&o=,Hội An,4.8,149,,,Xuất sắc,"Trong tour du lịch có hướng dẫn viên này, bạn sẽ có cơ hội khám phá ẩm thực Việt Nam và tham gia lớp học nấu ăn mang tính tương tác và thân thiện với môi trường. Cùng với người đầu bếp hướng dẫn của mình, bạn sẽ ghé thăm một chợ địa phương để mua sắm các sản phẩm hữu cơ tươi ngon. Sau đó, lớp học nấu ăn sẽ bắt đầu và bạn sẽ được hướng dẫn các công thức nấu ăn truyền thống của Việt Nam. Tiếp theo, bạn sẽ chèo thuyền thúng dọc theo dòng sông gần rừng Bảy Mẫu đẹp như tranh vẽ.",1,1,1,1,0,0,1,0,0,1,1,0,0,0,0,0,1,1,"Điểm tập trung
119 Tran Quang Khai, Cam Chau, Hoi An",Vô hạn,245000,122500,Tùng Quang,467,8
Tour Ngũ Hành Sơn và Hội An,https://www.booking.com/attractions/vn/prhohsnng6ws-marble-mountain-and-hoi-an-tour.html?label=msn-golPss9W5H1W4PKgfhrStw-80333161583921%25252525252525253Atikwd-16659120286%25252525252525253Aloc-166%25252525252525253Aneo%25252525252525253Amtp%25252525252525253Alp142897%25252525252525253Adec%25252525252525253Aqswebsite%25252525252525252520hotel%25252525252525252520in%25252525252525252520vietnamese&aid=393655&source=searchresults-product-card&start_date=2023-10-09&end_date=2023-10-09&lang=vi&date=2023-10-09&ufi=-3715584,https://r-xx.bstatic.com/xdata/images/xphoto/300x320/130075674.jpg?k=739397298f9d93d564e4185ebfbdc542df1ab91a1a6efb6f107ef46bf897697d&o=,Hội An,4.2,18,,,Rất tốt,"Chuyến tham quan này là sự kết hợp hoàn hảo giữa thiên nhiên và lịch sử của hai điểm tham quan tuyệt đẹp. Từ Đà Nẵng, xe sẽ đưa bạn đến Ngũ Hành Sơn. Tại đây, bạn sẽ khám phá cụm năm ngọn núi đá hình thành từ cẩm thạch và đá vôi được đặt tên theo các yếu tố trong văn hóa châu Á: kim, mộc, thủy, hỏa và thổ. Bạn cũng sẽ có cơ hội tham quan các công trình kiến trúc Phật giáo là chùa Tam Thai và chùa Linh Ứng, trước khi ghé qua Làng Non Nước để xem các tác phẩm điêu khắc bằng đá tinh xảo.

Điểm dừng chân tiếp theo sẽ là phố cổ Hội An, nơi bạn tận hưởng bữa tối với các món đặc sản ngon miệng. Sau khi no nê, bạn sẽ tiếp tục khám phá những điểm nổi bật chính của thành phố, bao gồm Cầu Nhật Bản và sông Hoài. Khép lại chuyến tham quan, bạn có thể thoải mái thư giãn trong lúc xe đưa bạn về lại khách sạn.",1,0,0,0,1,0,0,0,0,0,1,1,0,1,0,0,0,0,Điểm tập trung,Vô hạn,196000,49000,Phương Tâm,468,9
Tour riêng tham quan thành phố và du thuyền sông Hàn về đêm,https://www.booking.com/attractions/vn/pr8q3nndm8yj-city-private-tour-and-han-river-cruise-by-night.html?label=msn-golPss9W5H1W4PKgfhrStw-80333161583921%25252525252525253Atikwd-16659120286%25252525252525253Aloc-166%25252525252525253Aneo%25252525252525253Amtp%25252525252525253Alp142897%25252525252525253Adec%25252525252525253Aqswebsite%25252525252525252520hotel%25252525252525252520in%25252525252525252520vietnamese&aid=393655&source=searchresults-product-card&start_date=2023-10-09&end_date=2023-10-09&lang=vi&date=2023-10-09&ufi=-3715584,https://r-xx.bstatic.com/xdata/images/xphoto/300x320/154700538.jpg?k=bdb3a492913c93f910762e5cc41a696ef7b64912960585dc55382549d31219f4&o=,Hội An,4.7,18,,,Xuất sắc,"Tour này sẽ mang đến cho bạn cơ hội trải nghiệm Đà Nẵng từ đường bộ đến đường thủy. Bạn sẽ đi xe máy tham quan thành phố trước, tiếp đó là du ngoạn trên sông.

Tài xế nữ mặc áo dài sẽ chở bạn đến một số địa điểm đẹp nhất trong thành phố như Cầu Rồng, Cầu khóa tình yêu và Cầu sông Hàn. Bạn cũng sẽ mua sắm tại chợ đêm, nơi bạn được trải nghiệm cuộc sống địa phương và mua quà lưu niệm.

Tour sẽ kết thúc với chuyến du thuyền trên sông Hàn trong lúc thưởng thức đồ uống mà bạn chọn.",0,0,0,0,0,1,0,0,0,0,0,0,0,1,1,0,0,0,Điểm tập trung,Vô hạn,98000,73500,Hương Xuân,447,10
Tour ngoại ô Đà Lạt và Thác Voi,https://www.booking.com/attractions/vn/prwrjtlj0rbz-da-lat-countryside-and-elephant-falls-tour.html?label=msn-golPss9W5H1W4PKgfhrStw-80333161583921%25252525252525253Atikwd-16659120286%25252525252525253Aloc-166%25252525252525253Aneo%25252525252525253Amtp%25252525252525253Alp142897%25252525252525253Adec%25252525252525253Aqswebsite%25252525252525252520hotel%25252525252525252520in%25252525252525252520vietnamese&aid=393655&source=searchresults-product-card&start_date=2023-10-09&end_date=2023-10-09&lang=vi&date=2023-10-09&ufi=-3715584,https://q-xx.bstatic.com/xdata/images/xphoto/300x320/130103073.jpg?k=a0fd6499b34f21405e50877b48fd0c3974674268669ed1f06669ad4643bcd26b&o=,Hội An,5.0,23,,,Xuất sắc,"Trong chuyến tham quan này, bạn sẽ có cơ hội khám phá các vùng nông thôn và kỳ quan thiên nhiên của Đà Lạt.

Khởi hành từ khách sạn vào buổi sáng, trước tiên bạn sẽ đi bộ lên núi để khám phá một trang trại trồng rau và hoa. Sau đó, bạn sẽ đến một cơ sở sản xuất rượu gạo và nếm thử thức uống đặc sản của địa phương này.

Tiếp theo, bạn sẽ được tham quan Thác Voi mang tính biểu tượng trước khi ghé thăm xưởng tơ tằm. Bạn cũng sẽ nhìn thấy một ngôi chùa Phật giáo nổi tiếng và tìm hiểu về lịch sử và tôn giáo ở đây.",1,0,1,1,1,1,0,0,1,0,0,0,0,0,1,1,0,1,Điểm tập trung,Vô hạn,171500,73500,Quang Tuấn,448,11
Tour tham quan Mỹ Sơn lúc hoàng hôn,https://www.booking.com/attractions/vn/prdjb5tj6x49-my-son-sunset-tour.html?label=msn-golPss9W5H1W4PKgfhrStw-80333161583921%25252525252525253Atikwd-16659120286%25252525252525253Aloc-166%25252525252525253Aneo%25252525252525253Amtp%25252525252525253Alp142897%25252525252525253Adec%25252525252525253Aqswebsite%25252525252525252520hotel%25252525252525252520in%25252525252525252520vietnamese&aid=393655&source=searchresults-product-card&start_date=2023-10-09&end_date=2023-10-09&lang=vi&date=2023-10-09&ufi=-3715584,https://r-xx.bstatic.com/xdata/images/xphoto/300x320/127790248.jpg?k=916c2985c1b788ec5d14e4538c6851b347d310a0a827eb2d810aea9c16005a2b&o=,Hội An,4.2,58,,,Rất tốt,"Trong chuyến du lịch này, bạn sẽ được khám phá quần thể đền thờ Ấn Độ giáo cổ xưa ở Mỹ Sơn vào lúc hoàng hôn. Từ Hội An, xe sẽ đưa bạn đến với di sản thế giới được UNESCO công nhận thuộc tỉnh Quảng Nam. Tại đây, bạn sẽ thấy những ngôi đền bị đổ nát một phần được xây dựng từ thế kỷ 4 đến thế kỷ 14 bởi các vị vua Chăm Pa. Trong lúc bạn khám phá, hướng dẫn viên sẽ giới thiệu về bối cảnh lịch sử nơi đây, làm cho chuyến đi của bạn càng ý nghĩa hơn.

Sau đó, bạn sẽ đến cầu Câu Lâu, nơi bạn sẽ đi thuyền qua sông Thu Bồn. Khi đi thuyền dọc theo vùng nước, bạn sẽ có cơ hội thưởng ngoạn và chụp những bức ảnh đẹp. Sau đó, bạn sẽ được tận hưởng một hành trình thoải mái khi xe đưa bạn trở về Hội An. Tour này bao gồm một bữa ăn nhẹ với bánh mì Việt Nam và nước đóng chai.",0,1,0,1,0,0,1,1,0,1,0,0,1,0,0,0,1,0,Điểm tập trung,Vô hạn,196000,73500,Danh Văn,449,12
Tour chèo kayak hoặc SUP tại Đà Lạt,https://www.booking.com/attractions/vn/prc8wsmnfdag-da-lat-full-day-tour.html?label=msn-golPss9W5H1W4PKgfhrStw-80333161583921%25252525252525253Atikwd-16659120286%25252525252525253Aloc-166%25252525252525253Aneo%25252525252525253Amtp%25252525252525253Alp142897%25252525252525253Adec%25252525252525253Aqswebsite%25252525252525252520hotel%25252525252525252520in%25252525252525252520vietnamese&aid=393655&source=searchresults-product-card&start_date=2023-10-09&end_date=2023-10-09&lang=vi&date=2023-10-09&ufi=-3715584,https://r-xx.bstatic.com/xdata/images/xphoto/300x320/152441504.jpg?k=b47d4b08e58e9bd82bca95b29be39dc048f3cee1956543e8401b145129bf7d32&o=,Hội An,4.0,40,,,Rất tốt,"Trong chuyến tham quan có hướng dẫn này, bạn sẽ khám phá khu danh lam thắng cảnh Hồ Tuyền Lâm ở thành phố lịch sử Đà Lạt. Bạn sẽ có thể chọn giữa thuyền kayak hoặc ván chèo đứng làm phương tiện di chuyển của mình. Sau một buổi huấn luyện ngắn về kỹ thuật chèo thuyền, bạn sẽ bắt đầu chuyến đi ngắm cảnh xung quanh hồ.

Điểm nổi bật bao gồm tầm nhìn ra Happy Hill, Dalat Wonder Resort và trang trại hoa oải hương. Bạn cũng sẽ chèo thuyền ngang qua rừng thông tự nhiên và có cơ hội thưởng thức cà phê và bánh ngọt. Bạn có thể chọn thời gian của chuyến tham quan: hoàng hôn, bình minh và ban đêm.",1,0,0,0,0,1,0,0,1,0,0,0,0,0,1,0,0,0,Điểm tập trung,Vô hạn,220500,98000,Hải Duyên,450,13
Tour nửa ngày đi thuyền trên sông thời chiến có hướng dẫn,https://www.booking.com/attractions/vn/pr9rzlkqybbi-guided-half-day-waterways-of-a-past-war-boat-tour.html?label=msn-golPss9W5H1W4PKgfhrStw-80333161583921%25252525252525253Atikwd-16659120286%25252525252525253Aloc-166%25252525252525253Aneo%25252525252525253Amtp%25252525252525253Alp142897%25252525252525253Adec%25252525252525253Aqswebsite%25252525252525252520hotel%25252525252525252520in%25252525252525252520vietnamese&aid=393655&source=searchresults-product-card&start_date=2023-10-09&end_date=2023-10-09&lang=vi&date=2023-10-09&ufi=-3715584,https://q-xx.bstatic.com/xdata/images/xphoto/300x320/115758642.jpg?k=a139942967b9eaaa18c81be4b1e4b1299345e7f4e303c2c1b854ee93e796d964&o=,Hội An,4.9,26,,,Xuất sắc,"Trong chuyến đi kéo dài 5 giờ này, bạn sẽ được trải nghiệm lối sống của người dân Việt Nam và hiểu sâu hơn về văn hóa địa phương, từ việc học các kỹ thuật đánh bắt cá truyền thống cho đến đi thuyền thúng.

Bạn sẽ tham quan bằng thuyền làm từ vật liệu tự nhiên và khám phá vùng sông nước rợp bóng dừa tuyệt đẹp, trong lúc hướng dẫn viên chia sẻ câu chuyện thời chiến của những dòng sông yên ả thời bình.

Ngoài việc có nhiều thời gian để chụp ảnh, bạn còn được phục vụ bữa trưa trên thuyền do đầu bếp nấu.",1,1,0,1,1,0,1,0,1,0,0,1,1,1,0,0,1,0,Điểm tập trung,Vô hạn,147000,73500,Phương Thủy,446,14
Tour ẩm thực và ngắm cảnh về đêm bằng xe máy,https://www.booking.com/attractions/vn/prjwpcdugfmi-food-and-sightseeingnight-tour-by-motorbike.html?label=msn-golPss9W5H1W4PKgfhrStw-80333161583921%25252525252525253Atikwd-16659120286%25252525252525253Aloc-166%25252525252525253Aneo%25252525252525253Amtp%25252525252525253Alp142897%25252525252525253Adec%25252525252525253Aqswebsite%25252525252525252520hotel%25252525252525252520in%25252525252525252520vietnamese&aid=393655&source=searchresults-product-card&start_date=2023-10-09&end_date=2023-10-09&lang=vi&date=2023-10-09&ufi=-3715584,https://q-xx.bstatic.com/xdata/images/xphoto/300x320/154700535.jpg?k=95d70b587a27e0f480ee27d290c9eb855c591c4f7775c06b46b9c06cdcb584b6&o=,Hội An,4.9,36,,,Xuất sắc,"Trong tour du lịch buổi tối này, bạn sẽ khám phá văn hóa ẩm thực đường phố tuyệt vời ở Đà Nẵng trên một chiếc xe máy. Hướng dẫn viên nữ kiêm tài xế xe máy sẽ mặc trang phục áo dài và đưa bạn đến địa điểm đầu tiên là chợ hoa đêm, nơi bạn có thể mua quà lưu niệm.

Tài xế sẽ đưa bạn qua những con đường nhỏ để khám phá những nơi có món ngon ít ai biết đến cùng các địa điểm ăn đường phố nổi tiếng được người bản địa ưa thích. Bạn sẽ được thưởng thức 4 món bao gồm mì Quảng, nem lụi, thịt nướng Việt Nam và rau câu trái dừa. Dọc hành trình, bạn sẽ đi qua các địa danh mang tính biểu tượng gồm các cầu nổi tiếng và chùa Sư Nữ.",1,1,0,1,0,1,1,1,0,0,0,0,1,0,1,0,0,0,Điểm tập trung,Vô hạn,122500,98000,Phong,452,15
Tham quan Đà Lạt với hướng dẫn viên,https://www.booking.com/attractions/vn/prbi733cbkne-guided-da-lat-countryside-tour.html?label=msn-golPss9W5H1W4PKgfhrStw-80333161583921%25252525252525253Atikwd-16659120286%25252525252525253Aloc-166%25252525252525253Aneo%25252525252525253Amtp%25252525252525253Alp142897%25252525252525253Adec%25252525252525253Aqswebsite%25252525252525252520hotel%25252525252525252520in%25252525252525252520vietnamese&aid=393655&source=searchresults-product-card&start_date=2023-10-09&end_date=2023-10-09&lang=vi&date=2023-10-09&ufi=-3715584,https://q-xx.bstatic.com/xdata/images/xphoto/300x320/130078035.jpg?k=bd52a37af2bf567220be6ed03711e783def045cb38be51564df8f05a1a64d31c&o=,Hội An,4.0,49,,,Rất tốt,"Trong chuyến đi này, bạn sẽ có cơ hội tham quan một số địa điểm đáng chú ý nhất của Đà Lạt. Các hoạt động chính bao gồm dừng chân tại thác nước lớn thứ hai của Việt Nam, nếm thử rượu gạo, chơi môn cricket và uống cà phê địa phương. Trên đường đi, bạn sẽ có nhiều cơ hội chụp ảnh và hiểu rõ hơn về lịch sử và văn hóa của khu vực.",1,1,1,1,1,0,1,1,0,1,1,0,1,0,1,1,1,0,Điểm tập trung,Pickup included,220500,73500,Phương Quyên,453,16
Tham quan Phố Cổ và du ngoạn trên sông,https://www.booking.com/attractions/vn/prlbnqucsiwp-old-town-walking-tour-and-river-cruise.html?label=msn-golPss9W5H1W4PKgfhrStw-80333161583921%25252525252525253Atikwd-16659120286%25252525252525253Aloc-166%25252525252525253Aneo%25252525252525253Amtp%25252525252525253Alp142897%25252525252525253Adec%25252525252525253Aqswebsite%25252525252525252520hotel%25252525252525252520in%25252525252525252520vietnamese&aid=393655&source=searchresults-product-card&start_date=2023-10-09&end_date=2023-10-09&lang=vi&date=2023-10-09&ufi=-3715584,https://r-xx.bstatic.com/xdata/images/xphoto/300x320/115758580.jpg?k=78dc321503d2d4ace131b6b5af7ef80bd4e9a1b37e78a38ec8c6e1cd5cfea9b9&o=,Hội An,4.9,43,,,Xuất sắc,"Tour tham quan này sẽ bắt đầu bằng việc tản bộ qua cảng thị Hội An đầy mê hoặc. Bạn sẽ được khám phá những tòa nhà được bảo tồn nguyên vẹn, những con đường quanh co, chợ địa phương, phòng trưng bày nghệ thuật và các cửa hàng.

Sau khi dùng bữa ở nhà hàng địa phương, bạn sẽ lên thuyền đến làng gốm và làng mộc để tận mắt thấy những người thợ thủ công hành nghề. Trong chuyến đi, bạn còn được ghé làng chài truyền thống với hoạt động bắt cá bằng lưới. Bạn sẽ có cơ hội chụp những bức ảnh tuyệt đẹp trong chuyến du ngoạn trên sông.",1,0,1,0,0,0,0,1,1,1,0,0,0,0,0,0,1,0,Điểm tập trung,Có giảm giá cho nhóm,196000,122500,Song,454,17
Tour tham quan Đà Nẵng về đêm kèm bữa tối,https://www.booking.com/attractions/vn/prhxtfzcmtje-da-nang-by-night-tour-with-dinner.html?label=msn-golPss9W5H1W4PKgfhrStw-80333161583921%25252525252525253Atikwd-16659120286%25252525252525253Aloc-166%25252525252525253Aneo%25252525252525253Amtp%25252525252525253Alp142897%25252525252525253Adec%25252525252525253Aqswebsite%25252525252525252520hotel%25252525252525252520in%25252525252525252520vietnamese&aid=393655&source=searchresults-product-card&start_date=2023-10-09&end_date=2023-10-09&lang=vi&date=2023-10-09&ufi=-3715584,https://q-xx.bstatic.com/xdata/images/xphoto/300x320/127789802.jpg?k=d3f0927c901603c1882bfbc5cee85c946aed52e1900114eae51e5ec3cea6f602&o=,Hội An,3.8,52,,,Rất tốt,"Trong chuyến tham quan đi từ Hội An vào buổi tối này, bạn sẽ được khám phá Đà Nẵng cùng một hướng dẫn viên địa phương. Bạn sẽ ngồi sau xe máy của một người lái có kinh nghiệm và đi qua các địa điểm nổi bật trong thành phố bao gồm đường Bạch Đằng và những cây cầu tuyệt đẹp bắc qua sông. Bạn cũng sẽ được đi thăm chùa Linh Ứng, tham quan Cầu Rồng nổi tiếng và dùng bữa tối kiểu địa phương.",0,0,0,1,1,0,0,1,0,0,1,0,1,1,0,1,0,1,Điểm tập trung,Vô hạn,220500,73500,Ðình Ðôn,455,18
Trải nghiệm uống thử cà phê,https://www.booking.com/attractions/vn/prsjayiczyrt-coffee-tasting-experience.html?label=msn-golPss9W5H1W4PKgfhrStw-80333161583921%25252525252525253Atikwd-16659120286%25252525252525253Aloc-166%25252525252525253Aneo%25252525252525253Amtp%25252525252525253Alp142897%25252525252525253Adec%25252525252525253Aqswebsite%25252525252525252520hotel%25252525252525252520in%25252525252525252520vietnamese&aid=393655&source=searchresults-product-card&start_date=2023-10-09&end_date=2023-10-09&lang=vi&date=2023-10-09&ufi=-3715584,https://r-xx.bstatic.com/xdata/images/xphoto/300x320/130101910.jpg?k=5321da837574fa197e0c7c3b1055135fc1c76b6a797582d033a0641864bfdb67&o=,Hội An,4.1,29,,,Rất tốt,"Trong tour này, bạn sẽ tìm hiểu về di sản độc đáo của ngành cà phê Việt Nam tại một quán cà phê nổi tiếng ở Hội An. Bậc thầy pha chế của quán sẽ giới thiệu cho bạn về lịch sử cà phê Việt Nam, các loại hạt và phương pháp chế biến khác nhau cũng như ảnh hưởng của các yếu tố này lên hương vị cà phê.

Bạn sẽ học cách pha cà phê phổ biến nhất ở Việt Nam và nếm thử một số loại cà phê độc đáo do quán sáng chế, bao gồm cà phê cold brew được pha bằng nước cốt chanh và cà phê trứng với nguyên liệu nước dừa đặc biệt.",0,1,0,0,1,0,0,0,1,1,1,1,0,1,0,1,0,0,Điểm tập trung,Vô hạn,196000,122500,Vân Hà,456,19
Học nấu món ăn nhà làm đặc trưng,https://www.booking.com/attractions/vn/prsjlzhjfpfa-classic-home-food-cooking-class.html?label=msn-golPss9W5H1W4PKgfhrStw-80333161583921%25252525252525253Atikwd-16659120286%25252525252525253Aloc-166%25252525252525253Aneo%25252525252525253Amtp%25252525252525253Alp142897%25252525252525253Adec%25252525252525253Aqswebsite%25252525252525252520hotel%25252525252525252520in%25252525252525252520vietnamese&aid=393655&source=searchresults-product-card&start_date=2023-10-09&end_date=2023-10-09&lang=vi&date=2023-10-09&ufi=-3715584,https://r-xx.bstatic.com/xdata/images/xphoto/300x320/115811285.jpg?k=a91209e7b89ec4a15227cc03f046a5871f0240baa6d77b0ebf1735fe8baac05e&o=,Hội An,4.6,25,,,Xuất sắc,"Lớp học nấu ăn này sẽ giới thiệu những món ăn nhà làm đích thực. Tham gia cùng một nhóm nhỏ, bạn có thể thử nhiều công thức nấu ăn với thực phẩm tươi sống.

Trong lúc học nấu, bạn sẽ được nếm thử các loại rau tươi trong bầu không khí ấm cúng và ngắm nhìn cảnh vườn cùng hồ cá koi.",1,0,1,1,0,0,1,1,1,0,0,1,0,0,1,0,0,0,Điểm tập trung,Vô hạn,245000,122500,Khải Tâm,457,20
Tour chèo thuyền kayak ngắm hoàng hôn tại Hội An,https://www.booking.com/attractions/vn/prw76s7gygwj-hoi-an-sunset-kayak-tour.html?label=msn-golPss9W5H1W4PKgfhrStw-80333161583921%25252525252525253Atikwd-16659120286%25252525252525253Aloc-166%25252525252525253Aneo%25252525252525253Amtp%25252525252525253Alp142897%25252525252525253Adec%25252525252525253Aqswebsite%25252525252525252520hotel%25252525252525252520in%25252525252525252520vietnamese&aid=393655&source=searchresults-product-card&start_date=2023-10-09&end_date=2023-10-09&lang=vi&date=2023-10-09&ufi=-3715584,https://q-xx.bstatic.com/xdata/images/xphoto/300x320/115948468.jpg?k=56c0d52504769e7c2db03889cf1d74dc291ff47fe6e06c7594841d00d04f09c1&o=,Hội An,4.0,30,,,Rất tốt,"Trong tour chèo thuyền kayak ngắm hoàng hôn này, bạn sẽ chèo từ Cẩm Thanh đến Phố cổ Hội An. Từ dòng sông, bạn sẽ có thể chiêm ngưỡng vẻ đẹp của con đường đi bộ lịch sử của thị trấn.

Dọc đường đi, bạn có thể hiểu rõ hơn về cuộc sống trên sông Thu Bồn. Khi đến gần khu phố cổ, bạn có thể ngắm nhìn công trình kiến trúc nổi tiếng của Hội An lúc hoàng hôn. Được gọi là giờ vàng, đây là lúc những tia nắng chiều vàng rực chiếu vào những ngôi nhà truyền thống của Hội An.",1,1,0,1,0,1,0,0,0,1,0,0,1,0,0,0,0,0,Điểm tập trung,Vô hạn,98000,49000,Phương Thủy,446,21
Tour Ngũ Hành Sơn & Núi Khỉ với bữa trưa,https://www.booking.com/attractions/vn/prq7tybsnmcf-marble-mountains-monkey-mountain-tour-with-lunch.html?label=msn-golPss9W5H1W4PKgfhrStw-80333161583921%25252525252525253Atikwd-16659120286%25252525252525253Aloc-166%25252525252525253Aneo%25252525252525253Amtp%25252525252525253Alp142897%25252525252525253Adec%25252525252525253Aqswebsite%25252525252525252520hotel%25252525252525252520in%25252525252525252520vietnamese&aid=393655&source=searchresults-product-card&start_date=2023-10-09&end_date=2023-10-09&lang=vi&date=2023-10-09&ufi=-3715584,https://q-xx.bstatic.com/xdata/images/xphoto/300x320/130101779.jpg?k=5e3536b03aa539e904d822f5328319b1954026be350607517330c65b4a12ce1f&o=,Hội An,4.0,56,,,Rất tốt,"Trong chuyến đi này, bạn sẽ có cơ hội tham quan các địa danh của Ngũ Hành Sơn và Núi Khỉ. Từ Hội An, đầu tiên bạn sẽ đến thăm làng nghề điêu khắc đá mỹ nghệ dưới chân núi Ngũ Hành Sơn. Tại đây, bạn có thể mua sắm hàng thủ công mỹ nghệ và tham dự một buổi workshop về điêu khắc. Sau đó, bạn sẽ đến thăm Động Âm Phủ và tìm hiểu quan niệm của Phật giáo về địa ngục và thiên đường.

Bạn sẽ tiếp tục đến với Ngũ Hành Sơn, bao gồm năm ngọn núi được đặt tên theo năm nguyên tố tự nhiên. Đầu tiên, bạn sẽ leo lên 156 bậc đá của Thủy Sơn. Trên đỉnh, bạn có thể khám phá những hang động huyền bí và những ngôi chùa linh thiêng. Để kết thúc chuyến tham quan, bạn sẽ đi đến Núi Khỉ để thăm Chùa Linh Ứng có tượng Phật Bà cao 67 mét. Bạn cũng sẽ được phục vụ một bữa trưa với món Mì Quảng địa phương trong chuyến tham quan.",1,0,0,0,1,0,0,0,0,0,1,0,0,0,0,1,1,0,Điểm tập trung,Vô hạn,122500,98000,Thư Lâm,459,22
Tour ẩm thực chợ đêm,https://www.booking.com/attractions/vn/prmtre1d1yr6-night-market-food-tour.html?label=msn-golPss9W5H1W4PKgfhrStw-80333161583921%25252525252525253Atikwd-16659120286%25252525252525253Aloc-166%25252525252525253Aneo%25252525252525253Amtp%25252525252525253Alp142897%25252525252525253Adec%25252525252525253Aqswebsite%25252525252525252520hotel%25252525252525252520in%25252525252525252520vietnamese&aid=393655&source=searchresults-product-card&start_date=2023-10-09&end_date=2023-10-09&lang=vi&date=2023-10-09&ufi=-3715584,https://r-xx.bstatic.com/xdata/images/xphoto/300x320/115801977.jpg?k=9e83a91f20278d21bce099cfa53c83be2bd78418629f58d1f2dca26d7911eefa&o=,Hội An,3.9,22,,,Rất tốt,"Trong tour này, bạn sẽ cùng một nhóm nhỏ trải nghiệm những hương vị độc đáo của Hội An khi phố lên đèn. Hướng dẫn viên sẽ dẫn bạn đi tham quan những con đường ở khu phố cổ, đi qua những địa danh chính đẹp lung linh trong ánh đèn đêm.

Bạn sẽ ghé một tiệm bánh mì Việt Nam ngon nổi tiếng rồi dạo qua các quầy hàng ở chợ Hội An, nếm thử các món ăn như bánh tráng cuốn thịt heo. Hướng dẫn viên sẽ dẫn bạn đến một nhà hàng yêu thích để bạn có thể thử nhiều món hơn bao gồm gà, cơm, bánh bao, món tráng miệng và cà phê Việt Nam chính thống.",1,0,0,0,1,1,1,0,0,1,0,0,1,0,0,0,0,0,Điểm tập trung,Vô hạn,196000,98000,Chí Giang,460,23
Tham quan rừng cọ và làng thủ công mỹ nghệ,https://www.booking.com/attractions/vn/prmhawgr8che-palm-forest-and-handicraft-village-tour.html?label=msn-golPss9W5H1W4PKgfhrStw-80333161583921%25252525252525253Atikwd-16659120286%25252525252525253Aloc-166%25252525252525253Aneo%25252525252525253Amtp%25252525252525253Alp142897%25252525252525253Adec%25252525252525253Aqswebsite%25252525252525252520hotel%25252525252525252520in%25252525252525252520vietnamese&aid=393655&source=searchresults-product-card&start_date=2023-10-09&end_date=2023-10-09&lang=vi&date=2023-10-09&ufi=-3715584,https://q-xx.bstatic.com/xdata/images/xphoto/300x320/115948480.jpg?k=b6c752e81555fd88fae2f46e1137ea9834db65dd0954886ed7f94436c461b0bf&o=,Hội An,4.0,30,,,Rất tốt,"Trong chuyến du lịch này, bạn sẽ được khám phá rừng cọ ở Cẩm Thanh và làng nghề thủ công truyền thống Duy Vinh. Từ khách sạn ở Hội An, xe sẽ đưa bạn đến bến thuyền kayak ở Cẩm Thanh. Tại đây, bạn sẽ được hướng dẫn về an toàn khi chèo thuyền kayak. Sau đó, bạn sẽ khởi hành đến rừng ngập mặn và khám phá rừng cọ hay còn được người dân địa phương gọi là dừa nước.

Tiếp theo, bạn sẽ đi đến ngôi làng Duy Vinh yên bình để tản bộ và gặp gỡ người dân địa phương thân thiện. Bạn cũng có thể tìm hiểu các nghề thủ công truyền thống của họ, trong đó có dệt chiếu cói. Sau đó, bạn sẽ được thưởng thức một số món ăn nhẹ trước khi xe đưa bạn trở về Hội An.",1,1,0,0,0,1,1,0,0,0,0,0,1,0,0,0,0,1,Điểm tập trung,Vô hạn,98000,73500,Nguyệt Minh,461,24
Nấu ăn lúc hoàng hôn với chuyến đi thuyền ở Hội An,https://www.booking.com/attractions/vn/prep5nrml9uh-sunset-cooking-with-boat-trip-in-hoi-an.html?label=msn-golPss9W5H1W4PKgfhrStw-80333161583921%25252525252525253Atikwd-16659120286%25252525252525253Aloc-166%25252525252525253Aneo%25252525252525253Amtp%25252525252525253Alp142897%25252525252525253Adec%25252525252525253Aqswebsite%25252525252525252520hotel%25252525252525252520in%25252525252525252520vietnamese&aid=393655&source=searchresults-product-card&start_date=2023-10-09&end_date=2023-10-09&lang=vi&date=2023-10-09&ufi=-3715584,https://r-xx.bstatic.com/xdata/images/xphoto/300x320/115727635.jpg?k=d33f476aa4f9624d835286a1b541d6c45a6c4a8fd1acdc7a3c143315904c888d&o=,Hội An,4.8,35,,,Xuất sắc,"Trong chuyến tham quan này, bạn sẽ trổ tài nấu ăn và đi thuyền ở Hội An. Bạn sẽ bắt đầu bằng việc đi chợ và học một số mẹo để mặc cả từ hướng dẫn viên địa phương trong khi mua nguyên liệu cho lớp học nấu ăn của mình. Sau đó, bạn sẽ đi thuyền dọc theo dòng sông cạnh bãi biển qua một vùng nông thôn tuyệt đẹp.

Bạn sẽ chuyển sang thuyền thúng và chèo dọc theo các con kênh xuyên qua rừng cọ trước khi bắt đầu lớp học nấu ăn của mình. Bạn sẽ học cách nấu một số món ăn địa phương và thưởng thức thành quả chính tay mình làm trước khi quay trở lại Hội An.",1,0,1,1,0,0,1,1,0,1,1,1,1,0,0,0,1,0,Điểm tập trung,Vô hạn,196000,73500,Vân Ngọc,462,25
Tour Phố cổ Hội An có hướng dẫn viên,https://www.booking.com/attractions/vn/pr0pvzrfvcdh-guided-tour-of-hoi-an-old-town.html?label=msn-golPss9W5H1W4PKgfhrStw-80333161583921%25252525252525253Atikwd-16659120286%25252525252525253Aloc-166%25252525252525253Aneo%25252525252525253Amtp%25252525252525253Alp142897%25252525252525253Adec%25252525252525253Aqswebsite%25252525252525252520hotel%25252525252525252520in%25252525252525252520vietnamese&aid=393655&source=searchresults-product-card&start_date=2023-10-09&end_date=2023-10-09&lang=vi&date=2023-10-09&ufi=-3715584,https://q-xx.bstatic.com/xdata/images/xphoto/300x320/202345164.jpg?k=91dfbf77772f3d20776a930725524e4aceef035da69896efacd50d14150d2d5a&o=,Hội An,4.3,36,,,Tuyệt vời,"Trong tour có hướng dẫn này, bạn sẽ đến phố cổ Hội An và khám phá lịch sử của các di tích được UNESCO công nhận là Di sản Thế giới. Được dẫn dắt bởi hướng dẫn viên địa phương, bạn sẽ dạo quanh những con phố có tuổi đời hàng thế kỷ và chiêm ngưỡng những ngôi nhà cổ kính với nhiều phong cách kiến trúc khác nhau, chịu ảnh hưởng từ các nền văn hóa Trung Quốc, Nhật Bản và Pháp.

Bạn sẽ được tìm hiểu về lịch sử hấp dẫn của Hội An tại Bảo tàng Hội An và tham quan các địa danh nổi tiếng như Chùa Cầu Nhật Bản có tuổi đời 400 năm, Hội quán Phúc Kiến của người Hoa, cùng xưởng thủ công mỹ nghệ. Tùy vào tình trạng có sẵn, bạn có tùy chọn đến thăm Nhà Cổ Phùng Hưng để chiêm ngưỡng bộ sưu tập ấn tượng gồm các hiện vật cổ và ảnh chụp lịch sử.",0,0,0,1,0,0,1,1,0,0,0,1,0,1,1,1,0,0,Điểm tập trung,Vô hạn,147000,122500,Phương Thủy,446,26
Tour buổi tối tham quan các điểm nổi bật ở Hội An theo đoàn,https://www.booking.com/attractions/vn/pri6ypdkzq3h-hoi-an-highlights-evening-group-tour.html?label=msn-golPss9W5H1W4PKgfhrStw-80333161583921%25252525252525253Atikwd-16659120286%25252525252525253Aloc-166%25252525252525253Aneo%25252525252525253Amtp%25252525252525253Alp142897%25252525252525253Adec%25252525252525253Aqswebsite%25252525252525252520hotel%25252525252525252520in%25252525252525252520vietnamese&aid=393655&source=searchresults-product-card&start_date=2023-10-09&end_date=2023-10-09&lang=vi&date=2023-10-09&ufi=-3715584,https://r-xx.bstatic.com/xdata/images/xphoto/300x320/144065717.jpg?k=202cf5242041b89109c29a3d0e12d8c72adc0c70e0c09e4691403459f525d64e&o=,Hội An,4.4,42,,,Tuyệt vời,"Với tour đi bộ có hướng dẫn viên này, bạn sẽ được trải nghiệm Hội An về đêm.

Bạn sẽ đến các điểm tham quan nổi tiếng, khám phá sông Hoài và hòa mình vào hoạt động văn hóa nghệ thuật của Việt Nam với màn biểu diễn Bài Chòi. Trước khi kết thúc chuyến đi, bạn sẽ có cơ hội mua quà lưu niệm tại chợ đêm.",0,1,0,0,0,1,1,0,1,1,0,1,0,0,1,1,0,0,Điểm tập trung,Vô hạn,220500,73500,Xuân Nương,464,27
Tour thuyền thúng riêng & trải nghiệm bắt cua,https://www.booking.com/attractions/vn/pr1q0g4keqis-hoi-an-basket-boat-tour-and-crabbing-experience.html?label=msn-golPss9W5H1W4PKgfhrStw-80333161583921%25252525252525253Atikwd-16659120286%25252525252525253Aloc-166%25252525252525253Aneo%25252525252525253Amtp%25252525252525253Alp142897%25252525252525253Adec%25252525252525253Aqswebsite%25252525252525252520hotel%25252525252525252520in%25252525252525252520vietnamese&aid=393655&source=searchresults-product-card&start_date=2023-10-09&end_date=2023-10-09&lang=vi&date=2023-10-09&ufi=-3715584,https://q-xx.bstatic.com/xdata/images/xphoto/300x320/204590800.jpg?k=6d4cdb43bbceb0b0bc20e3d8efccabfb7cc0a80e66b40113ae48d7ade2bdaad3&o=,Hội An,3.9,29,,,Rất tốt,"Trong chuyến tham quan này, bạn sẽ đi thuyền thúng và tham gia các hoạt động hằng ngày của ngư dân địa phương. Bạn sẽ được trải nghiệm mò cua bằng cọc tre, học cách quăng và kéo lưới, cũng như xem cách làm đồ lưu niệm địa phương bằng lá dừa. Chuyến tham quan cũng bao gồm thức ăn và cà phê.",0,0,1,0,1,1,1,1,1,1,1,0,1,1,0,1,1,0,Điểm tập trung,Vô hạn,122500,73500,Khắc Triệu,465,28
Tour ẩm thực với hướng dẫn viên và đi thuyền trên sông,https://www.booking.com/attractions/vn/prhq3vzrlbml-guided-food-tour-with-a-river-cruise.html?label=msn-golPss9W5H1W4PKgfhrStw-80333161583921%25252525252525253Atikwd-16659120286%25252525252525253Aloc-166%25252525252525253Aneo%25252525252525253Amtp%25252525252525253Alp142897%25252525252525253Adec%25252525252525253Aqswebsite%25252525252525252520hotel%25252525252525252520in%25252525252525252520vietnamese&aid=393655&source=searchresults-product-card&start_date=2023-10-09&end_date=2023-10-09&lang=vi&date=2023-10-09&ufi=-3715584,https://r-xx.bstatic.com/xdata/images/xphoto/300x320/130036934.jpg?k=04be25d07524f7235211505bdf16b9f5850c8ba137508a7cd3f99d976ed5705a&o=,Hội An,4.4,20,,,Tuyệt vời,"Chuyến du lịch này sẽ cho bạn khám phá hoạt động ẩm thực đường phố ở Hội An. Cùng hướng dẫn viên địa phương, bạn sẽ đi dạo quanh Khu Phố Cổ và chiêm ngưỡng các kiến trúc lịch sử và địa danh xa xưa trước khi đến với một dãy hàng quán thức ăn đường phố hấp dẫn.

Trong chuyến tham quan này, bạn sẽ được thưởng thức các món súp, cà phê truyền thống và các món ăn độc đáo của Hội An. Bạn cũng sẽ đi thuyền dọc theo dòng sông trước khi tham gia một trò chơi cùng người dân địa phương. Trong suốt chuyến đi, bạn sẽ có cơ hội tìm hiểu về lịch sử, ẩm thực và văn hóa của khu vực mang tính biểu tượng này.",0,0,1,1,0,0,1,0,0,1,1,0,0,1,0,0,1,1,Điểm tập trung,Vô hạn,245000,98000,Thục,466,29
Tour riêng tham quan Hội An từ Đà Nẵng,https://www.booking.com/attractions/vn/prkl57gjukf4-hoi-an-private-tour-from-da-nang.html?label=msn-golPss9W5H1W4PKgfhrStw-80333161583921%25252525252525253Atikwd-16659120286%25252525252525253Aloc-166%25252525252525253Aneo%25252525252525253Amtp%25252525252525253Alp142897%25252525252525253Adec%25252525252525253Aqswebsite%25252525252525252520hotel%25252525252525252520in%25252525252525252520vietnamese&aid=393655&source=searchresults-product-card&start_date=2023-10-09&end_date=2023-10-09&lang=vi&date=2023-10-09&ufi=-3715584,https://q-xx.bstatic.com/xdata/images/xphoto/300x320/153579751.jpg?k=7c86ce41425f5e491e8072f01ac5866a0290dad7820d1407f155bfb027b1086e&o=,Hội An,4.8,30,,,Xuất sắc,"Tour riêng này sẽ khởi hành từ Đà Nẵng và đưa bạn đi khám phá Hội An xinh đẹp, một di sản thế giới được UNESCO công nhận và đồng thời là một trong những thành phố có lịch sử lâu đời nhất Đông Nam Á. Khi đến thành phố, bạn sẽ đồng hành cùng hướng dẫn viên trong tour đi bộ và tham quan các địa danh lịch sử.

Bên cạnh khu thương cảng được bảo tồn tốt, bạn sẽ ghé thăm các điểm đến nổi bật khác như Hội quán Phúc Kiến và Chùa Cầu. Tour cũng bao gồm tham quan nhà cổ Tấn Ký - vốn là nhà của một thương gia được bảo tồn - và nhà cổ Phùng Hưng. Bạn sẽ tìm hiểu thêm về phố cổ và sự kết hợp độc đáo giữa thiết kế Trung Quốc, Nhật Bản và Việt Nam tại nơi đây. Khi mặt trời lặn, bạn sẽ chiêm ngưỡng sự chuyển mình của khung cảnh, với những chiếc đèn lồng sặc sỡ chiếu sáng các lối đi rải sỏi.",0,0,0,0,0,0,0,1,0,0,1,0,0,0,1,0,0,1,"Điểm tập trung
8 An Cu 6, Son Tra, Da Nang, Da Nang",Vô hạn,196000,73500,Tùng Quang,467,30
Trải nghiệm rang và thưởng thức cà phê,https://www.booking.com/attractions/vn/pr8bw60jlwsu-coffee-roasting-and-tasting-experience.html?label=msn-golPss9W5H1W4PKgfhrStw-80333161583921%25252525252525253Atikwd-16659120286%25252525252525253Aloc-166%25252525252525253Aneo%25252525252525253Amtp%25252525252525253Alp142897%25252525252525253Adec%25252525252525253Aqswebsite%25252525252525252520hotel%25252525252525252520in%25252525252525252520vietnamese&aid=393655&source=searchresults-product-card&start_date=2023-10-09&end_date=2023-10-09&lang=vi&date=2023-10-09&ufi=-3715584,https://q-xx.bstatic.com/xdata/images/xphoto/300x320/130098721.jpg?k=b6a1a88f90e2c6d15baf9a842f51e1e3fa2fece8b9c0de08ca525d04d7d69037&o=,Hội An,4.4,29,,,Tuyệt vời,"Với tour tìm hiểu này, bạn sẽ đến thăm một xưởng rang xay ở địa phương để biết thêm về văn hóa cà phê của Việt Nam. Chuyên viên rang xay sẽ giới thiệu quy trình sản xuất và bạn sẽ quan sát những hạt cà phê xanh tươi qua từng giai đoạn rang để có được màu nâu sẫm sau cùng.

Bạn sẽ tìm hiểu về các cấp độ rang khác nhau và phương pháp pha để cho ra tách cà phê ngon nhất. Bạn sẽ áp dụng kiến thức mới học để nếm thử cà phê được pha theo kiểu phin truyền thống của Việt Nam.",1,0,1,1,0,1,0,0,0,0,1,0,1,1,1,0,0,0,Điểm tập trung,Vô hạn,147000,49000,Phương Tâm,468,31
Tour tham gia lớp học nấu ăn và đi thuyền thúng,https://www.booking.com/attractions/vn/prahh86ytuix-cooking-class-and-basket-boat-tour.html?label=msn-golPss9W5H1W4PKgfhrStw-80333161583921%25252525252525253Atikwd-16659120286%25252525252525253Aloc-166%25252525252525253Aneo%25252525252525253Amtp%25252525252525253Alp142897%25252525252525253Adec%25252525252525253Aqswebsite%25252525252525252520hotel%25252525252525252520in%25252525252525252520vietnamese&aid=393655&source=searchresults-product-card&start_date=2023-10-09&end_date=2023-10-09&lang=vi&date=2023-10-09&ufi=-3715584,https://r-xx.bstatic.com/xdata/images/xphoto/300x320/131519775.jpg?k=f3d465893132209c1cd8a5d98d06c425c9011280ad14231ca9bbf941f406bc50&o=,Hội An,4.9,9,,,Xuất sắc,"Bạn có thể tham gia tour vào buổi sáng hoặc buổi chiều để có cơ hội hòa mình vào văn hóa và ẩm thực Việt Nam.

Sau khi được đón tại khách sạn, bạn sẽ cùng đầu bếp ghé thăm chợ địa phương và mua nguyên liệu tươi sống để nấu bữa trưa hoặc bữa tối. Sau đó, bạn sẽ đến làng Cẩm Thanh và khám phá các con kênh trên một chiếc thuyền thúng truyền thống. Bạn cũng sẽ được xem cách bắt cua bằng một loại lưới đặc biệt.

Nửa sau của tour là thời gian cho lớp học nấu ăn. Đây là lúc để bạn tìm hiểu sâu hơn về nền ẩm thực Việt Nam và nấu bốn món ăn. Bạn sẽ thưởng thức một bữa ăn nóng hổi để kết thúc chuyến tham quan.",0,0,0,1,0,1,0,0,1,0,1,0,0,0,0,1,0,1,"Điểm khởi hành
Hoi An
Lưu ý rằng có dịch vụ đón khách tại các khách sạn ở Hội An. Vui lòng nhập thông tin đón khách ở bước thanh toán. Xin lưu ý, dịch vụ đón tại khách sạn sẽ bắt đầu 5 phút trước giờ khởi hành dự kiến.",Vô hạn,98000,73500,Tuyết Loan,469,32
Tour nửa ngày tham quan vùng quê bằng xe đạp,https://www.booking.com/attractions/vn/prembxoqnrnd-half-day-countryside-bike-tour.html?label=msn-golPss9W5H1W4PKgfhrStw-80333161583921%25252525252525253Atikwd-16659120286%25252525252525253Aloc-166%25252525252525253Aneo%25252525252525253Amtp%25252525252525253Alp142897%25252525252525253Adec%25252525252525253Aqswebsite%25252525252525252520hotel%25252525252525252520in%25252525252525252520vietnamese&aid=393655&source=searchresults-product-card&start_date=2023-10-09&end_date=2023-10-09&lang=vi&date=2023-10-09&ufi=-3715584,https://q-xx.bstatic.com/xdata/images/xphoto/300x320/115758583.jpg?k=f45710dfb2ad525f9c75cfb9ef9d7ff263187c188a7e9555bccbf44fa9930ded&o=,Hội An,4.7,49,,,Xuất sắc,"Trong tour du lịch có hướng dẫn viên này, bạn sẽ khám phá vùng quê Hội An bằng xe đạp. Bạn sẽ đạp xe qua những cánh đồng và ngắm nhìn cảnh đẹp xung quanh. Bạn cũng sẽ được tham quan các ngôi làng truyền thống và tương tác với người dân địa phương để tìm hiểu thêm về văn hóa và truyền thống Việt Nam. Nhà hàng địa phương cũng là một trong các điểm dừng chân để bạn thưởng thức bữa ăn đậm chất Việt.",0,1,1,1,0,0,0,0,1,0,1,0,0,1,1,0,1,0,Điểm tập trung,Vô hạn,147000,49000,Trúc Linh,470,33
Tour tham quan bằng xe máy và khám phá ẩm thực,https://www.booking.com/attractions/vn/pruispl3twfa-motorbike-sightseeing-tour-with-food-tasting.html?label=msn-golPss9W5H1W4PKgfhrStw-80333161583921%25252525252525253Atikwd-16659120286%25252525252525253Aloc-166%25252525252525253Aneo%25252525252525253Amtp%25252525252525253Alp142897%25252525252525253Adec%25252525252525253Aqswebsite%25252525252525252520hotel%25252525252525252520in%25252525252525252520vietnamese&aid=393655&source=searchresults-product-card&start_date=2023-10-09&end_date=2023-10-09&lang=vi&date=2023-10-09&ufi=-3715584,https://q-xx.bstatic.com/xdata/images/xphoto/300x320/154700554.jpg?k=a8900e302ed02ffc8cbe2c33329909cc1bd79950f679ecd3ab2a33009eeb97f8&o=,Hội An,5.0,8,,,Xuất sắc,"Khi tham gia tour, bạn sẽ được tham quan các địa danh ở Đà Nẵng bằng xe máy và thưởng thức ẩm thực truyền thống Việt Nam. Sau khi được đón tại khách sạn, bạn sẽ đến điểm xuất phát và được cung cấp một chiếc xe máy. Lúc này, bạn sẽ bắt đầu chuyến tham quan bằng xe máy cùng những tài xế chuyên nghiệp trong trang phục áo dài.

Trạm dừng chân đầu tiên là chùa Linh Ứng nhìn ra bán đảo Sơn Trà. Tại đây, bạn có thể ngắm nhìn tượng Phật Bà Quan Thế Âm Bồ Tát. Sau đó bạn sẽ đến bãi biển Mỹ Khê. Trên đường đi, bạn không thể bỏ qua những cây cầu biểu tượng của thành phố như cầu Rồng, cầu Tình Yêu và cầu sông Hàn nhìn ra sông Hàn.

Tour tham quan cũng bao gồm một số địa điểm tôn giáo của Đà Nẵng như Chùa Cao Đài và Nhà thờ Đà Nẵng. Ngoài ra, bạn có thể mua quà lưu niệm tại chợ Hàn, trước khi dừng chân để thưởng thức món mì Quảng, một món mì Việt Nam dân dã.",0,1,1,1,1,1,0,0,0,0,1,0,1,0,1,0,0,0,Điểm tập trung,Thời lượng: 4 giờ,918750,73500,Hải Duyên,450,34
Tour đạp xe tham quan làng và ăn trưa,https://www.booking.com/attractions/vn/przwp7vlillj-village-cycling-tour-with-lunch.html?label=msn-golPss9W5H1W4PKgfhrStw-80333161583921%25252525252525253Atikwd-16659120286%25252525252525253Aloc-166%25252525252525253Aneo%25252525252525253Amtp%25252525252525253Alp142897%25252525252525253Adec%25252525252525253Aqswebsite%25252525252525252520hotel%25252525252525252520in%25252525252525252520vietnamese&aid=393655&source=searchresults-product-card&start_date=2023-10-09&end_date=2023-10-09&lang=vi&date=2023-10-09&ufi=-3715584,https://q-xx.bstatic.com/xdata/images/xphoto/300x320/138913186.jpg?k=a56867ee631f86ee8683e9bb3ecc863026cf72227c588cecdc1c9ba350e8b12f&o=,Hội An,4.5,20,,,Tuyệt vời,"Tour tham quan có hướng dẫn này bao gồm 1 ngày đạp xe qua làng quê Việt Nam và nếm thử một số món ăn địa phương. Bạn sẽ bắt đầu hành trình khi đạp xe qua chợ địa phương, nơi bày bán một số món ăn và ăn thử chè mè đen. Sau đó, bạn có cơ hội ăn thử món cao lầu tại nhà người dân địa phương và học cách chế biến một loại bánh truyền thống.

Bạn sẽ được xem thợ thủ công làm gốm tại làng gốm, sau đó đến làng dừa Hội An để dùng bữa trong một nhà hàng ven sông. Trong tour tham quan này, bạn cũng có dịp đi dạo quanh làng bằng thuyền thúng truyền thống và thử câu cua. Ngoài ra bạn sẽ được cưỡi trâu nước.",0,0,0,0,0,0,1,1,1,1,0,1,0,0,1,0,0,0,Điểm tập trung,Vô hạn,98000,98000,Phương Thủy,446,35
Trải nghiệm cuộc sống thôn dã có ăn tối,https://www.booking.com/attractions/vn/prcnq3vxkmku-country-life-experience-with-dinner.html?label=msn-golPss9W5H1W4PKgfhrStw-80333161583921%25252525252525253Atikwd-16659120286%25252525252525253Aloc-166%25252525252525253Aneo%25252525252525253Amtp%25252525252525253Alp142897%25252525252525253Adec%25252525252525253Aqswebsite%25252525252525252520hotel%25252525252525252520in%25252525252525252520vietnamese&aid=393655&source=searchresults-product-card&start_date=2023-10-09&end_date=2023-10-09&lang=vi&date=2023-10-09&ufi=-3715584,https://q-xx.bstatic.com/xdata/images/xphoto/300x320/149433681.jpg?k=c2b3668ae4d37426f91d2ab106b4515c3d0f99c7ebdbe518571059e369a2d3e0&o=,Hội An,4.2,48,,,Rất tốt,"Trong chuyến tham quan này, bạn sẽ được trải nghiệm cuộc sống vùng quê ở vùng nông thôn xung quanh Hội An. Tour tham quan sẽ đưa bạn đi thăm một số ngôi làng, trong đó có làng gốm Thanh Hà nơi bạn sẽ xem các thợ thủ công chế tác theo cách truyền thống.

Tại một làng rau và một ruộng lúa, bạn sẽ tìm hiểu về quá trình sản xuất lương thực tại địa phương. Sau đó bạn sẽ được thử tự tay trồng lúa. Chuyến tham quan khép lại với bữa tối ngon lành kiểu Việt Nam.",0,0,0,0,1,0,0,1,0,0,0,0,0,1,1,1,1,0,Điểm tập trung,Vô hạn,196000,49000,Nguyên Khôi,473,36
Tour du lịch Đà Nẵng nửa ngày,https://www.booking.com/attractions/vn/prz0gwafadqz-half-day-tour-of-da-nang.html?label=msn-golPss9W5H1W4PKgfhrStw-80333161583921%25252525252525253Atikwd-16659120286%25252525252525253Aloc-166%25252525252525253Aneo%25252525252525253Amtp%25252525252525253Alp142897%25252525252525253Adec%25252525252525253Aqswebsite%25252525252525252520hotel%25252525252525252520in%25252525252525252520vietnamese&aid=393655&source=searchresults-product-card&start_date=2023-10-09&end_date=2023-10-09&lang=vi&date=2023-10-09&ufi=-3715584,https://q-xx.bstatic.com/xdata/images/xphoto/300x320/115943006.jpg?k=45e3d29ab88cb26ee74b42b6296ad3f88a2aed2f82b498d3a0fc2a924c52d379&o=,Hội An,3.9,47,,,Rất tốt,"Trong chuyến du lịch riêng này, bạn có thể trải nghiệm những điểm nổi bật ở Đà Nẵng. Bạn sẽ đến Ngũ Hành Sơn để khám phá các hang động tự nhiên, viếng thăm chùa và ngắm toàn cảnh thành phố cùng đại dương.

Sau đó, bạn sẽ được đưa đến Bán Đảo Sơn Trà để viếng thăm Tượng Phật Bà, bức tượng cao nhất Việt Nam. Bạn có thể khám phá 17 tầng của bức tượng khổng lồ, mỗi tầng đều có bàn thờ với 21 tượng Phật độc đáo. Trong khi đi dạo trên Cầu Rồng nổi tiếng, bạn có thể ngắm nhìn quang cảnh tuyệt vời của thành phố Đà Nẵng.

Trong suốt chuyến tham quan, hướng dẫn viên địa phương sẽ kể bạn nghe những câu chuyện về lịch sử và văn hóa của Đà Nẵng.",1,1,0,0,0,1,0,0,1,0,0,0,1,0,0,1,0,1,Điểm tập trung,Vô hạn,147000,49000,Thục,466,37
Tour tham quan Thánh Địa Mỹ Sơn và Ngũ Hành Sơn,https://www.booking.com/attractions/vn/pruyxo7m95ey-my-son-sanctuary-and-marble-mountain-tour.html?label=msn-golPss9W5H1W4PKgfhrStw-80333161583921%25252525252525253Atikwd-16659120286%25252525252525253Aloc-166%25252525252525253Aneo%25252525252525253Amtp%25252525252525253Alp142897%25252525252525253Adec%25252525252525253Aqswebsite%25252525252525252520hotel%25252525252525252520in%25252525252525252520vietnamese&aid=393655&source=searchresults-product-card&start_date=2023-10-09&end_date=2023-10-09&lang=vi&date=2023-10-09&ufi=-3715584,https://r-xx.bstatic.com/xdata/images/xphoto/300x320/131376842.jpg?k=e90558e4ed463adbe1ea66c6eb41a7e4ff5cbdff8d19826b1aeb957a83a979eb&o=,Hội An,4.7,46,,,Xuất sắc,"Khởi hành từ Hội An, tour có hướng dẫn viên trọn ngày đến Thánh địa Mỹ Sơn và Ngũ Hành Sơn này sẽ mang đến cho bạn cơ hội tham quan quần thể đền thờ và những ngọn núi hình thành từ đá vôi và cẩm thạch. Bạn sẽ được chiêm ngưỡng quần thể đền Mỹ Sơn, nhà thờ Trà Kiệu, làng bè Đông Hải và núi Ngũ Hành Sơn.

Bạn cũng sẽ được nghe kể về những sự kiện và câu chuyện đáng chú ý về các ngôi đền, đạo Hindu ở Đông Nam Á và nền văn minh Chăm Pa.",0,0,0,1,0,0,1,0,0,1,1,0,1,1,1,1,1,0,Điểm tập trung,Vô hạn,245000,98000,Tùng Quang,467,38
Lớp nấu ăn và trải nghiệm làm nông,https://www.booking.com/attractions/vn/prr11wjkva3u-a-farming-experience-in-a-local-village.html?label=msn-golPss9W5H1W4PKgfhrStw-80333161583921%25252525252525253Atikwd-16659120286%25252525252525253Aloc-166%25252525252525253Aneo%25252525252525253Amtp%25252525252525253Alp142897%25252525252525253Adec%25252525252525253Aqswebsite%25252525252525252520hotel%25252525252525252520in%25252525252525252520vietnamese&aid=393655&source=searchresults-product-card&start_date=2023-10-09&end_date=2023-10-09&lang=vi&date=2023-10-09&ufi=-3715584,https://r-xx.bstatic.com/xdata/images/xphoto/300x320/115758582.jpg?k=b56a463cd161a83e592328e97ec0ca59155e349b7b6d39776439b1ee970ec1f3&o=,Hội An,3.8,24,,,Rất tốt,"Trong chuyến tham quan này, bạn sẽ được trải nghiệm cuộc sống nông thôn tại một ngôi làng nhỏ gần Hội An. Sau khi đến Trà Quế, một nông dân địa phương sẽ đưa bạn đi tham quan vườn rau. Tại đây, bạn sẽ tìm hiểu về kỹ thuật trồng trọt và được tự tay thực hiện các thao tác.

Sau đó, bạn sẽ tham gia một lớp học nấu ăn cùng đầu bếp chuyên nghiệp, với các nguyên liệu tươi ngon được thu hoạch trong làng. Bạn còn được đạp xe quanh làng và tận hưởng dịch vụ mát-xa chân.",0,1,1,0,1,1,1,0,1,1,0,1,1,0,1,0,1,0,Điểm tập trung,Có giảm giá cho nhóm,245000,73500,Phương Tâm,468,39
