Attraction Name,Title URL,Image URL,Location,Ratings,Reviews,Service1,Service2,Satisfaction,Detail,Du thuyền 45 phút,Nhạc sống,Nước đóng chai,Trái cây,Bảo hiểm,Máy hát karaoke,Góc selfie,Buffet trưa tại nhà hàng,Đi cáp treo,Đón và trả khách,Dịch vụ hướng dẫn,Phương tiện đi lại khứ hồi,Vé vào các điểm tham quan,Lớp học nấu ăn,Đầu bếp nói,Dịch vụ hướng dẫn bằng tiếng anh,Cà phê,Thuê xe đạp,Điểm tập trung,Thời lượng,Price,Extra Cost,User Name,User ID,Attraction ID
Tour đi bộ tham quan Tử Cấm Thành ở Huế,https://www.booking.com/attractions/vn/pros3sdtnjie-walking-tour-of-the-forbidden-city-in-hue.html?label=msn-golPss9W5H1W4PKgfhrStw-80333161583921%2525252525252525253Atikwd-16659120286%2525252525252525253Aloc-166%2525252525252525253Aneo%2525252525252525253Amtp%2525252525252525253Alp142897%2525252525252525253Adec%2525252525252525253Aqswebsite%2525252525252525252520hotel%2525252525252525252520in%2525252525252525252520vietnamese&aid=393655&source=searchresults-product-card&ufi=-3715887,https://q-xx.bstatic.com/xdata/images/xphoto/300x320/134343127.jpg?k=7cae613fcec0099cbfc31b2994303505236c8709b2e88f859505e5ccabd7ea9f&o=,Huế,4.4,7,Tour đi bộ tham quan Tử Cấm Thành ở Huế,Tham quan cố đô của Việt Nam với hướng dẫn viên,Tuyệt vời,"Trong chuyến du lịch dài 2,5 giờ này, bạn sẽ có cơ hội tham quan Hoàng Thành và Tử Cấm Thành ở Huế.

Bạn sẽ cùng hướng dẫn viên đi bộ quanh quần thể kiến trúc uy nghi của hoàng gia để chiêm ngưỡng Cửu vị thần công, Kỳ đài, điện Thái Hòa, Thế Miếu và Tử Cấm Thành. Khi khám phá khu quần thể, bạn có thể tìm hiểu về cuộc sống trong cung, về những con người từng sống ở đó và lịch sử xứ Huế.",1,1,1,0,0,0,1,1,1,1,0,1,0,1,0,0,0,0,Điểm tập trung,Vô hạn,147000,98000,Lệ Băng,477,1
Tour tham quan thành phố bằng xe máy có hướng dẫn viên,https://www.booking.com/attractions/vn/prz19fqy1drz-guided-city-tour-on-a-motorbike.html?label=msn-golPss9W5H1W4PKgfhrStw-80333161583921%2525252525252525253Atikwd-16659120286%2525252525252525253Aloc-166%2525252525252525253Aneo%2525252525252525253Amtp%2525252525252525253Alp142897%2525252525252525253Adec%2525252525252525253Aqswebsite%2525252525252525252520hotel%2525252525252525252520in%2525252525252525252520vietnamese&aid=393655&source=searchresults-product-card&ufi=-3715887,https://q-xx.bstatic.com/xdata/images/xphoto/300x320/107699744.jpg?k=4f57a6bd4e6324836b2cddd0267b7ce8b3571700ead40527b046e7229f1f5405&o=,Huế,4.3,10,Tour tham quan thành phố bằng xe máy có hướng dẫn viên,Cơ hội tham quan các địa điểm lịch sử cùng điểm nổi bật ở Huế với hướng dẫn viên địa phương,Tuyệt vời,"Trong chuyến tham quan Huế bằng xe máy này, bạn sẽ có cơ hội khám phá những địa điểm nổi bật của thành phố với hướng dẫn viên là sinh viên địa phương. Các bạn sẽ trao đổi ý tưởng và trò chuyện với nhau trên đường đi, đồng thời tìm hiểu về văn hóa, lịch sử, cũng như cuộc sống ở địa phương.

Trong chuyến tham quan, bạn sẽ ghé qua công viên nước bỏ hoang ở Hồ Thủy Tiên để xem một công trình chưa hoàn thiện bên hồ. Sau đó, bạn sẽ lên đường đến Đồi Vọng Cảnh để có tầm nhìn bao quát cả khu vực đầy hoa cúc và rừng thông.

Ngoài ra, bạn cũng sẽ có cơ hội chiêm ngưỡng chùa Thiên Mụ, ngôi chùa cổ nhất của Huế mà chúa Nguyễn đầu tiên của Đàng Trong đã thành lập. Sau đó, bạn sẽ đến Cung An Định để tìm hiểu lịch sử nơi đây.",0,1,0,1,0,0,0,0,1,0,0,1,1,1,1,1,0,0,Điểm tập trung,Vô hạn,122500,73500,Sơn Trang,478,2
Tour tham quan các địa danh ở Huế,https://www.booking.com/attractions/vn/prdbvcouwedz-hue-highlights-tour.html?label=msn-golPss9W5H1W4PKgfhrStw-80333161583921%2525252525252525253Atikwd-16659120286%2525252525252525253Aloc-166%2525252525252525253Aneo%2525252525252525253Amtp%2525252525252525253Alp142897%2525252525252525253Adec%2525252525252525253Aqswebsite%2525252525252525252520hotel%2525252525252525252520in%2525252525252525252520vietnamese&aid=393655&source=searchresults-product-card&ufi=-3715887,https://q-xx.bstatic.com/xdata/images/xphoto/300x320/115751312.jpg?k=c72261ec7729a5e2b351f1f8bb7a49cacabc14e01682c86e1d6bc85ff6832fee&o=,Huế,4.0,2,Tour tham quan các địa danh ở Huế,Chuyến tham quan các địa điểm nổi tiếng và xinh đẹp của thành phố Huế kèm bữa trưa,Rất tốt,Đang cập nhật,0,0,1,0,0,0,0,0,0,1,1,1,0,1,1,1,0,0,Điểm tập trung,Vô hạn,122500,73500,Khuyến Học,479,3
Tour tham quan thành phố Huế trong 1 ngày,https://www.booking.com/attractions/vn/pr8fhz4nndiv-full-day-hue-city-tour.html?label=msn-golPss9W5H1W4PKgfhrStw-80333161583921%2525252525252525253Atikwd-16659120286%2525252525252525253Aloc-166%2525252525252525253Aneo%2525252525252525253Amtp%2525252525252525253Alp142897%2525252525252525253Adec%2525252525252525253Aqswebsite%2525252525252525252520hotel%2525252525252525252520in%2525252525252525252520vietnamese&aid=393655&source=searchresults-product-card&ufi=-3715887,https://r-xx.bstatic.com/xdata/images/xphoto/300x320/115803191.jpg?k=b6a0bfa78c405f229c55ecad115408c4abdf08303779c82fa3fdb120cf13fa5b&o=,Huế,5.0,1,Tour tham quan thành phố Huế trong 1 ngày,Chuyến tham quan có hướng dẫn viên khám phá các địa danh khác nhau trong thành phố và tìm hiểu lịch sử,Xuất sắc,Một nơi lý tưởng để tham gia các hoạt động thể thao ngoài trời.,0,1,0,1,1,0,1,1,1,0,1,0,1,0,1,0,0,1,Điểm tập trung,Vô hạn,171500,73500,Ðức Thắng,480,4
Tour tham quan Huế cả ngày,https://www.booking.com/attractions/vn/prso64onpbka-hue-full-day-sightseeing-tour.html?label=msn-golPss9W5H1W4PKgfhrStw-80333161583921%2525252525252525253Atikwd-16659120286%2525252525252525253Aloc-166%2525252525252525253Aneo%2525252525252525253Amtp%2525252525252525253Alp142897%2525252525252525253Adec%2525252525252525253Aqswebsite%2525252525252525252520hotel%2525252525252525252520in%2525252525252525252520vietnamese&aid=393655&source=searchresults-product-card&ufi=-3715887,https://r-xx.bstatic.com/xdata/images/xphoto/300x320/107847084.jpg?k=a6156d466462731b0861b94fd431d1407a82e606f611667082afa39a2f2be646&o=,Huế,5.0,10,Tour tham quan Huế cả ngày,Chuyến đi khám phá kinh đô và thôn làng địa phương,Xuất sắc,Khám phá những nét đẹp độc đáo và đa dạng của thế giới.,1,0,1,0,0,0,1,0,1,1,0,0,0,0,1,0,0,0,Điểm tập trung,Vô hạn,122500,98000,Tâm Thiện,481,5
Tour nửa ngày đến làng Sình & làng Thủy Xuân,https://www.booking.com/attractions/vn/prpgy39jy4wv-half-day-tour-to-sinh-village-thuy-xuan-village.html?label=msn-golPss9W5H1W4PKgfhrStw-80333161583921%2525252525252525253Atikwd-16659120286%2525252525252525253Aloc-166%2525252525252525253Aneo%2525252525252525253Amtp%2525252525252525253Alp142897%2525252525252525253Adec%2525252525252525253Aqswebsite%2525252525252525252520hotel%2525252525252525252520in%2525252525252525252520vietnamese&aid=393655&source=searchresults-product-card&ufi=-3715887,https://q-xx.bstatic.com/xdata/images/xphoto/300x320/148210006.jpg?k=396656285b191ef77e981e543132618a2c9672651757270b082604f41308c7eb&o=,Huế,4.0,1,Tour nửa ngày đến làng Sình & làng Thủy Xuân,Chuyến tham quan có hướng dẫn để tìm hiểu nghề làm tranh dân gian và sản xuất hương,Rất tốt,Lễ hội truyền thống với trình diễn âm nhạc và vũ đạo đặc sắc.,0,1,0,0,0,1,0,1,1,0,1,1,0,1,1,0,1,1,"Điểm đón kháchHueLưu ý rằng có dịch vụ đón khách từ các khách sạn ở Trung tâm Thành phố Huế (chỉ khu vực Vĩnh Ninh, Phú Nhuận, Phú Hội, Thuận Thành, Thuận Hoà và Phú Hoà). Vui lòng nhập chi tiết đón khách và số điện thoại liên hệ khi thanh toán. 

Vui lòng liên hệ với nhà cung cấp tour để sắp xếp đón khách sau khi đặt chỗ. 

Gặp hướng dẫn viên của bạn tại sảnh khách sạn. Vui lòng chuẩn bị sẵn sàng ít nhất 15 phút trước giờ đón đã định.",Vô hạn,147000,73500,Thế Anh,482,6
Tour ẩm thực riêng vào buổi tối,https://www.booking.com/attractions/vn/pr18ltquzipx-private-evening-food-tour.html?label=msn-golPss9W5H1W4PKgfhrStw-80333161583921%2525252525252525253Atikwd-16659120286%2525252525252525253Aloc-166%2525252525252525253Aneo%2525252525252525253Amtp%2525252525252525253Alp142897%2525252525252525253Adec%2525252525252525253Aqswebsite%2525252525252525252520hotel%2525252525252525252520in%2525252525252525252520vietnamese&aid=393655&source=searchresults-product-card&ufi=-3715887,https://q-xx.bstatic.com/xdata/images/xphoto/300x320/115947177.jpg?k=0f7dc720b795a291e8edbe3ed3ff63539b1a51f1ecad1e028dc4a88e40db9e89&o=,Huế,5.0,3,Tour ẩm thực riêng vào buổi tối,Tour khám phá các nhà hàng và ẩm thực đường phố thú vị nhất ở Huế vào buổi tối,Xuất sắc,Trung tâm văn hóa độc đáo với triển lãm nghệ thuật và sự đa dạng văn hóa.,0,0,1,1,1,0,0,1,0,1,1,0,0,1,0,0,0,1,Điểm tập trung,Vô hạn,196000,73500,Mai Quyên,483,7
"Tour văn hóa và ẩm thực Huế trong 2,5 giờ",https://www.booking.com/attractions/vn/prgnroyzewjp-25-hour-hue-cultural-and-food-tour.html?label=msn-golPss9W5H1W4PKgfhrStw-80333161583921%2525252525252525253Atikwd-16659120286%2525252525252525253Aloc-166%2525252525252525253Aneo%2525252525252525253Amtp%2525252525252525253Alp142897%2525252525252525253Adec%2525252525252525253Aqswebsite%2525252525252525252520hotel%2525252525252525252520in%2525252525252525252520vietnamese&aid=393655&source=searchresults-product-card&ufi=-3715887,https://r-xx.bstatic.com/xdata/images/xphoto/300x320/131447468.jpg?k=7afd0c07f57c89ee96b8e367f8befbfe46644e283dadbdbb02724fbf18c3d654&o=,Huế,5.0,1,"Tour văn hóa và ẩm thực Huế trong 2,5 giờ",Chuyến tham quan bằng xích lô có hướng dẫn viên và thử các món ăn truyền thống,Xuất sắc,Sự giao thoa giữa lịch sử và hiện đại.,0,0,0,1,1,0,1,1,1,0,1,1,0,0,0,1,0,1,Điểm tập trung,Vô hạn,122500,98000,Lệ Băng,477,8
Tour tham quan Huế và Hội An,https://www.booking.com/attractions/vn/prcefbkbaozu-hue-to-hoi-an-tour.html?label=msn-golPss9W5H1W4PKgfhrStw-80333161583921%2525252525252525253Atikwd-16659120286%2525252525252525253Aloc-166%2525252525252525253Aneo%2525252525252525253Amtp%2525252525252525253Alp142897%2525252525252525253Adec%2525252525252525253Aqswebsite%2525252525252525252520hotel%2525252525252525252520in%2525252525252525252520vietnamese&aid=393655&source=searchresults-product-card&ufi=-3715887,https://q-xx.bstatic.com/xdata/images/xphoto/300x320/157802537.jpg?k=23ea83002b54873d17abeb28a1582bc430699e746b5e568a3e7816a114aa8e4b&o=,Huế,5.0,2,Tour tham quan Huế và Hội An,Sự kết hợp hoàn hảo giữa đất và nước tại các thắng cảnh tự nhiên nổi bật của khu vực,Xuất sắc,Lập kỷ niệm và chia sẻ niềm vui cùng gia đình và bạn bè thân thương.,0,1,0,0,1,1,1,0,0,0,0,1,1,1,0,1,0,1,Điểm tập trung,Vô hạn,122500,73500,Thành Ý,485,9
Tour nửa ngày tham quan lăng tẩm triều đình Huế,https://www.booking.com/attractions/vn/prrbfzgb7lff-half-day-tour-of-hue-royal-tombs.html?label=msn-golPss9W5H1W4PKgfhrStw-80333161583921%2525252525252525253Atikwd-16659120286%2525252525252525253Aloc-166%2525252525252525253Aneo%2525252525252525253Amtp%2525252525252525253Alp142897%2525252525252525253Adec%2525252525252525253Aqswebsite%2525252525252525252520hotel%2525252525252525252520in%2525252525252525252520vietnamese&aid=393655&source=searchresults-product-card&ufi=-3715887,https://q-xx.bstatic.com/xdata/images/xphoto/300x320/129744821.jpg?k=ded776ce28c6ac96d5fe1ed2cfcfc9fe2ca4c9aa646122fe9da9ff9e00bfac53&o=,Huế,4.5,2,Tour nửa ngày tham quan lăng tẩm triều đình Huế,Tour tham quan 2 lăng mộ hoàng gia và 2 ngôi làng gần Huế,Tuyệt vời,"Tour ghép đoàn này sẽ đưa bạn đến thăm 2 trong số 7 lăng tẩm của triều Nguyễn nằm gần Huế.

Sau khi xe đến đón, bạn sẽ đi thăm Lăng Khải Định và Lăng Minh Mạng. Lăng Minh Mạng bao gồm 40 công trình kiến trúc tuyệt đẹp, bao gồm cung điện, đền thờ, gian đường và nhiều công trình khác. Lăng Khải Định là sự kết hợp giữa kiến trúc phương Đông và phương Tây. Cả hai lăng mộ cùng với cảnh quan xung quanh đều được xây dựng theo quan điểm phong thủy truyền thống của Việt Nam. Trước khi trở về, bạn sẽ đi thăm làng nghề nón lá và làng hương Thủy Xuân với nghề làm nhang truyền thống.",0,1,1,1,0,0,0,0,0,0,0,1,0,0,0,1,0,0,Điểm tập trung,Vô hạn,245000,98000,Diệu Lan,486,10
Tour nửa ngày tham quan Cố đô và đi thuyền,https://www.booking.com/attractions/vn/prjxqy85akxf-half-day-tour-of-the-imperial-city-with-boat-trip.html?label=msn-golPss9W5H1W4PKgfhrStw-80333161583921%2525252525252525253Atikwd-16659120286%2525252525252525253Aloc-166%2525252525252525253Aneo%2525252525252525253Amtp%2525252525252525253Alp142897%2525252525252525253Adec%2525252525252525253Aqswebsite%2525252525252525252520hotel%2525252525252525252520in%2525252525252525252520vietnamese&aid=393655&source=searchresults-product-card&ufi=-3715887,https://q-xx.bstatic.com/xdata/images/xphoto/300x320/148210202.jpg?k=6856511f524380460cb6788dcb2dbc87ef157f6900f546b30053b2d5a19c28ee&o=,Huế,5.0,1,Tour nửa ngày tham quan Cố đô và đi thuyền,Tour tham quan Cố đô với một chuyến đi thuyền dọc sông Hương,Xuất sắc,Thác nước cao vút và hùng vĩ.,0,0,0,0,0,0,0,1,1,0,0,0,1,0,1,1,0,0,"Điểm đón khách
Hue
Vui lòng có mặt ở sảnh khách sạn ít nhất 15 phút trước giờ đón đã định.",Thời lượng: 4 giờ,220500,98000,Thụy Miên,487,11
Tour xe máy Easy Rider,https://www.booking.com/attractions/vn/prtkht3q7uat-easy-rider-tour.html?label=msn-golPss9W5H1W4PKgfhrStw-80333161583921%2525252525252525253Atikwd-16659120286%2525252525252525253Aloc-166%2525252525252525253Aneo%2525252525252525253Amtp%2525252525252525253Alp142897%2525252525252525253Adec%2525252525252525253Aqswebsite%2525252525252525252520hotel%2525252525252525252520in%2525252525252525252520vietnamese&aid=393655&source=searchresults-product-card&ufi=-3715887,https://q-xx.bstatic.com/xdata/images/xphoto/300x320/111588253.jpg?k=462d24f409fac21586a6bc4b0da3c13c18823795343a5024670af8ab13493faa&o=,Huế,5.0,1,Tour xe máy Easy Rider,Chuyến tham quan các địa điểm nổi bật của khu vực bằng xe máy,Xuất sắc,Làng truyền thống với thủ công và sản phẩm nghệ thuật địa phương.,0,0,1,1,0,0,1,0,1,1,0,1,0,0,1,1,0,0,Điểm tập trung,Vô hạn,147000,49000,Lệ Băng,477,12
Tour đạp xe tham quan Huế cổ kính & sông Hương lúc hoàng hôn,https://www.booking.com/attractions/vn/prncsuip1fug-bike-tour-of-ancient-hue-perfume-river-at-sunset.html?label=msn-golPss9W5H1W4PKgfhrStw-80333161583921%2525252525252525253Atikwd-16659120286%2525252525252525253Aloc-166%2525252525252525253Aneo%2525252525252525253Amtp%2525252525252525253Alp142897%2525252525252525253Adec%2525252525252525253Aqswebsite%2525252525252525252520hotel%2525252525252525252520in%2525252525252525252520vietnamese&aid=393655&source=searchresults-product-card&ufi=-3715887,https://q-xx.bstatic.com/xdata/images/xphoto/300x320/127856447.jpg?k=55327116c2dc1192984b5594dff6af15595cb12b7620c175d77b1ba6efe3b47f&o=,Huế,5.0,1,Tour đạp xe tham quan Huế cổ kính & sông Hương lúc hoàng hôn,Chuyến đi xe đạp đến thành phố Huế và đi thuyền ngắm hoàng hôn trên sông Hương,Xuất sắc,Khu vực nhiều nhà hàng và quán bar độc đáo.,1,1,0,0,0,0,0,0,0,1,0,0,1,0,0,0,0,0,Điểm tập trung,Vô hạn,245000,98000,Quảng Ðại,489,13
Tour ngắm hoàng hôn hoặc bình minh ở Huế,https://www.booking.com/attractions/vn/prbx00mig2aa-hue-sunset-or-sunrise-tour.html?label=msn-golPss9W5H1W4PKgfhrStw-80333161583921%2525252525252525253Atikwd-16659120286%2525252525252525253Aloc-166%2525252525252525253Aneo%2525252525252525253Amtp%2525252525252525253Alp142897%2525252525252525253Adec%2525252525252525253Aqswebsite%2525252525252525252520hotel%2525252525252525252520in%2525252525252525252520vietnamese&aid=393655&source=searchresults-product-card&ufi=-3715887,https://r-xx.bstatic.com/xdata/images/xphoto/300x320/127856443.jpg?k=3b0f1fed6924e03d0a498b5861fbc3313634ed5b4bbe3dc4bff5fcd637c2f843&o=,Huế,3.8,50,Tour ngắm hoàng hôn hoặc bình minh ở Huế,"Đi thuyền trên phá Tam Giang, thăm các làng quê địa phương và thử câu cá theo phong cách bản địa",Rất tốt,Thành phố trẻ trung với đêm sôi động.,1,1,0,0,1,0,1,0,1,0,0,0,0,0,1,0,0,0,Điểm tập trung,Vô hạn,122500,122500,Phúc Thịnh,490,14
Tour đi bộ và đi xích lô ở Kinh thành Huế có hướng dẫn,https://www.booking.com/attractions/vn/prmzfvtvyaee-hue-citadel-walking-and-cyclo-guided-tour.html?label=msn-golPss9W5H1W4PKgfhrStw-80333161583921%2525252525252525253Atikwd-16659120286%2525252525252525253Aloc-166%2525252525252525253Aneo%2525252525252525253Amtp%2525252525252525253Alp142897%2525252525252525253Adec%2525252525252525253Aqswebsite%2525252525252525252520hotel%2525252525252525252520in%2525252525252525252520vietnamese&aid=393655&source=searchresults-product-card&ufi=-3715887,https://q-xx.bstatic.com/xdata/images/xphoto/300x320/130071422.jpg?k=fcf4229d4a208488faa52a4d44fee9fba2ed073c0fa56737e82e5d0afd5c6b3f&o=,Huế,5.0,1,Tour đi bộ và đi xích lô ở Kinh thành Huế có hướng dẫn,Chuyến tham quan Kinh thành Huế được UNESCO công nhận,Xuất sắc,Bảo tàng đặc biệt với các bảo vật lịch sử.,1,0,0,0,1,0,0,1,1,0,0,0,1,0,1,1,0,0,Điểm tập trung,Vô hạn,122500,73500,Lệ Băng,477,15
Tour ẩm thực buổi tối,https://www.booking.com/attractions/vn/prlenubjjznp-evening-food-tour.html?label=msn-golPss9W5H1W4PKgfhrStw-80333161583921%2525252525252525253Atikwd-16659120286%2525252525252525253Aloc-166%2525252525252525253Aneo%2525252525252525253Amtp%2525252525252525253Alp142897%2525252525252525253Adec%2525252525252525253Aqswebsite%2525252525252525252520hotel%2525252525252525252520in%2525252525252525252520vietnamese&aid=393655&source=searchresults-product-card&ufi=-3715887,https://q-xx.bstatic.com/xdata/images/xphoto/300x320/148210173.jpg?k=a1a22621ef84830e98d590919ee9c89e5070a62831af6a72f3a2b89ba689fb56&o=,Huế,2.0,1,Tour ẩm thực buổi tối,"Tour nếm thử các món đặc sản của Huế, có hướng dẫn viên",Tốt,Điểm đến cho những người đam mê lịch sử và văn hóa.,0,1,1,0,0,0,1,0,1,0,0,1,0,0,0,0,0,0,"Điểm đón kháchHueLưu ý rằng dịch vụ đưa đón khách có tại các khách sạn ở trung tâm thành phố Huế (chỉ khu vực Vĩnh Ninh, Phú Nhuận, Phú Hội, Thuận Thành, Thuận Hoà, Phú Hoà). 

Vui lòng cung cấp địa chỉ đón và số điện thoại liên lạc của bạn tại thời điểm đặt. 

Vui lòng chuẩn bị sẵn sàng tại sảnh khách sạn ít nhất 15 phút trước giờ đón.",Vô hạn,245000,98000,Bích San,492,16
Tour Huế buổi tối và bữa tối trên thuyền,https://www.booking.com/attractions/vn/prxylmhs4ybu-hue-night-tour-with-dinner-cruise.html?label=msn-golPss9W5H1W4PKgfhrStw-80333161583921%2525252525252525253Atikwd-16659120286%2525252525252525253Aloc-166%2525252525252525253Aneo%2525252525252525253Amtp%2525252525252525253Alp142897%2525252525252525253Adec%2525252525252525253Aqswebsite%2525252525252525252520hotel%2525252525252525252520in%2525252525252525252520vietnamese&aid=393655&source=searchresults-product-card&ufi=-3715887,https://r-xx.bstatic.com/xdata/images/xphoto/300x320/148210091.jpg?k=e152dfb5a1a4407fa72333df2dddbfb274b0e7e4a399fb96a0cc1e2b905792a1&o=,Huế,4.4,48,Tour Huế buổi tối và bữa tối trên thuyền,Tour thành phố có hướng dẫn viên và du thuyền sông Hương,Tuyệt vời,Hành trình đưa bạn đến những địa danh lịch sử và nổi tiếng.,0,0,1,0,0,0,1,1,1,1,0,1,0,1,0,0,1,0,"Điểm đón kháchHueXin lưu ý rằng dịch vụ đón và trả khách được cung cấp từ các khách sạn ở Vĩnh Ninh, Phú Nhuận, Phú Hội, Thuận Thành, Thuận Hòa và Phú Hòa ở trung tâm Huế. 

Vui lòng nhập thông tin đón khách của bạn ở bước thanh toán. 

Vui lòng liên hệ với nhà cung cấp tour để xác nhận thông tin đón khách. 

Vui lòng chuẩn bị sẵn sàng trước giờ xe đón 15 phút.",Vô hạn,122500,49000,Kim Khánh,493,17
Tour xe đạp đến làng Thanh Toàn,https://www.booking.com/attractions/vn/prqxmxhj2yas-cycling-tour-to-thanh-toan-village.html?label=msn-golPss9W5H1W4PKgfhrStw-80333161583921%2525252525252525253Atikwd-16659120286%2525252525252525253Aloc-166%2525252525252525253Aneo%2525252525252525253Amtp%2525252525252525253Alp142897%2525252525252525253Adec%2525252525252525253Aqswebsite%2525252525252525252520hotel%2525252525252525252520in%2525252525252525252520vietnamese&aid=393655&source=searchresults-product-card&ufi=-3715887,https://q-xx.bstatic.com/xdata/images/xphoto/300x320/134468006.jpg?k=82e36920313b527b2ee5afb0d731ec2a68984f119ab0bfece6727e8e6dc31da4&o=,Huế,1.0,1,Tour xe đạp đến làng Thanh Toàn,Chuyến tham quan bằng xe đạp với hướng dẫn viên từ Huế,Tốt,Công viên giải trí vui nhộn với các trò chơi thú vị.,0,1,0,1,0,0,0,0,1,1,0,1,0,0,0,1,0,1,"Điểm đón khách
Hue
Vui lòng nhập thông tin đón khách của bạn ở bước thanh toán. Lưu ý rằng thời gian đón tại khách sạn sẽ bắt đầu trước giờ tour khởi hành 45 phút.",Vô hạn,122500,49000,Huệ An,494,18
Tour tham quan Khu phi quân sự vĩ tuyến 17,https://www.booking.com/attractions/vn/prqwfqlbsetx-vietnam-dmz-tour.html?label=msn-golPss9W5H1W4PKgfhrStw-80333161583921%2525252525252525253Atikwd-16659120286%2525252525252525253Aloc-166%2525252525252525253Aneo%2525252525252525253Amtp%2525252525252525253Alp142897%2525252525252525253Adec%2525252525252525253Aqswebsite%2525252525252525252520hotel%2525252525252525252520in%2525252525252525252520vietnamese&aid=393655&source=searchresults-product-card&ufi=-3715887,https://r-xx.bstatic.com/xdata/images/xphoto/300x320/127856459.jpg?k=5138fb427a3e0019168569124be9ba3cb7cfad44bead23ce4eb7c350ce0fcf22&o=,Huế,5.0,1,Tour tham quan Khu phi quân sự vĩ tuyến 17,"Chuyến đi trong ngày đến Khu phi quân sự vĩ tuyến 17, xuất phát từ Huế",Xuất sắc,Công viên quốc gia với cảnh quan tự nhiên hoang sơ.,0,1,0,0,1,0,0,0,1,1,0,1,1,0,0,1,1,1,Điểm tập trung,Vô hạn,196000,49000,Hải Sơn,495,19
Tour trọn ngày tìm hiểu văn vóa với bữa trưa & du thuyền trên sông,https://www.booking.com/attractions/vn/prqjkmd89ag5-full-day-cultural-tour-with-river-cruise-lunch.html?label=msn-golPss9W5H1W4PKgfhrStw-80333161583921%2525252525252525253Atikwd-16659120286%2525252525252525253Aloc-166%2525252525252525253Aneo%2525252525252525253Amtp%2525252525252525253Alp142897%2525252525252525253Adec%2525252525252525253Aqswebsite%2525252525252525252520hotel%2525252525252525252520in%2525252525252525252520vietnamese&aid=393655&source=searchresults-product-card&ufi=-3715887,https://r-xx.bstatic.com/xdata/images/xphoto/300x320/143278057.jpg?k=1d889d754e903e8e3dc7cba6eedabcc4dad3be0b533141de9a94cca0a97116be&o=,Huế,5.0,42,Tour trọn ngày tìm hiểu văn vóa với bữa trưa & du thuyền trên sông,"Tour Hoàng Thành, đi thuyền thăm chùa Thiên Mụ và bữa trưa",Xuất sắc,Thảm hoa nở rộ màu sắc vào mùa xuân.,0,0,1,0,0,0,0,0,0,0,0,0,0,0,1,0,1,1,Điểm tập trung,Vô hạn,245000,98000,Thụy Du,496,20
Tour xe đạp nửa ngày qua vùng nông thôn ở Huế,https://www.booking.com/attractions/vn/pr6kklgmfc7c-half-day-bike-tour-through-hues-countryside.html?label=msn-golPss9W5H1W4PKgfhrStw-80333161583921%2525252525252525253Atikwd-16659120286%2525252525252525253Aloc-166%2525252525252525253Aneo%2525252525252525253Amtp%2525252525252525253Alp142897%2525252525252525253Adec%2525252525252525253Aqswebsite%2525252525252525252520hotel%2525252525252525252520in%2525252525252525252520vietnamese&aid=393655&source=searchresults-product-card&ufi=-3715887,https://r-xx.bstatic.com/xdata/images/xphoto/300x320/148210017.jpg?k=62d1a21fe49dcd739c892f4720c1f79a99ae0f0a24ab049f2953d3e6730d264e&o=,Huế,4.1,28,Tour xe đạp nửa ngày qua vùng nông thôn ở Huế,Chiêm ngưỡng các địa danh lịch sử và quang cảnh nông thôn với điểm dừng chân tại một nhà hàng ven sông,Rất tốt,"Trong tour xe đạp nửa ngày này, bạn sẽ được chiêm ngưỡng phong cảnh nông thôn ở ngoại ô Huế. Bạn cũng sẽ dừng chân tại một nhà hàng ven sông.

Bắt đầu từ làng Thủy Biều, bạn sẽ được chiêm ngưỡng đấu trường Hổ Quyền, Điện Voi Ré lịch sử và nghe kể những câu chuyện về thời phong kiến ở Việt Nam. Trên tuyến đường, bạn sẽ được ngắm nhìn những rặng tre, những cánh đồng cau và đồn điền trà Trung Hoa. Bạn cũng sẽ thấy những cánh đồng hoa loa kèn và vườn cây ăn trái Thanh Trà, có nguồn gốc từ Huế.

Bạn sẽ kết thúc chuyến tham quan tại một nhà hàng cổ kính bên sông Hương, nơi bạn có thể nghỉ ngơi và gọi một bữa ăn nhẹ.",0,0,1,0,0,1,0,1,0,0,1,0,1,0,0,0,0,0,Điểm tập trung,Thời lượng: 3 giờ 30 phút,220500,49000,Lệ Băng,477,21
"Tour suối nước nóng, zipline và đi dây trên cao",https://www.booking.com/attractions/vn/prajwxiuiuau-hot-spring-tour-zipline-and-high-wire-experience.html?label=msn-golPss9W5H1W4PKgfhrStw-80333161583921%2525252525252525253Atikwd-16659120286%2525252525252525253Aloc-166%2525252525252525253Aneo%2525252525252525253Amtp%2525252525252525253Alp142897%2525252525252525253Adec%2525252525252525253Aqswebsite%2525252525252525252520hotel%2525252525252525252520in%2525252525252525252520vietnamese&aid=393655&source=searchresults-product-card&ufi=-3715887,https://r-xx.bstatic.com/xdata/images/xphoto/300x320/148209999.jpg?k=dcd349c2854eaad29c4e5369d12876a86463efe1a376f02c59dd0e6b5498ced2&o=,Huế,3.9,45,"Tour suối nước nóng, zipline và đi dây trên cao",Chinh phục đường zipline treo tự do dài nhất nước,Rất tốt,Lễ hội truyền thống đặc sắc với âm nhạc và múa.,1,0,1,0,0,0,1,1,1,0,1,1,0,0,1,1,1,0,"Điểm đón kháchHueLưu ý rằng có dịch vụ đưa đón khách tại các khách sạn ở trung tâm thành phố Huế (chỉ khu vực Vĩnh Ninh, Phú Nhuận, Phú Hội, Thuận Thành, Thuận Hoà và Phú Hoà). Vui lòng cung cấp địa chỉ đón khách và số điện thoại liên lạc của bạn khi đặt tour. 

Vui lòng liên hệ nhà cung cấp tour để sắp xếp việc đón khách. Bạn sẽ thấy thông tin liên lạc của họ trên voucher nhận được sau khi đặt. 

Vui lòng chuẩn bị sẵn sàng và chờ tại sảnh khách sạn ít nhất 15 phút trước giờ đón.",Thời lượng: 7 giờ,196000,49000,Ðông Tuyền,498,22
Tour tham quan thành phố Huế trong nửa ngày có hướng dẫn,https://www.booking.com/attractions/vn/prbjbc9chycy-half-day-hue-city-guided-tour.html?label=msn-golPss9W5H1W4PKgfhrStw-80333161583921%2525252525252525253Atikwd-16659120286%2525252525252525253Aloc-166%2525252525252525253Aneo%2525252525252525253Amtp%2525252525252525253Alp142897%2525252525252525253Adec%2525252525252525253Aqswebsite%2525252525252525252520hotel%2525252525252525252520in%2525252525252525252520vietnamese&aid=393655&source=searchresults-product-card&ufi=-3715887,https://r-xx.bstatic.com/xdata/images/xphoto/300x320/119170030.jpg?k=c310530e90cd1917ce35ba6c395216ebeddb59e9b5985af604e091d418450b7a&o=,Huế,4.3,33,Tour tham quan thành phố Huế trong nửa ngày có hướng dẫn,"Một chuyến tham quan tìm hiểu lịch sử, được ngồi thuyền và đến thăm chùa Thiên Mụ",Tuyệt vời,Khu phố vui chơi với trò chơi và giải trí đa dạng.,0,1,0,0,0,1,0,0,1,1,1,0,1,1,1,1,0,1,Điểm tập trung,Vô hạn,147000,49000,Ca,499,23
Tour Phá Tam Giang và dùng bữa tối,https://www.booking.com/attractions/vn/prvfhtkuuwnu-tam-giang-lagoon-tour-with-dinner.html?label=msn-golPss9W5H1W4PKgfhrStw-80333161583921%2525252525252525253Atikwd-16659120286%2525252525252525253Aloc-166%2525252525252525253Aneo%2525252525252525253Amtp%2525252525252525253Alp142897%2525252525252525253Adec%2525252525252525253Aqswebsite%2525252525252525252520hotel%2525252525252525252520in%2525252525252525252520vietnamese&aid=393655&source=searchresults-product-card&ufi=-3715887,https://q-xx.bstatic.com/xdata/images/xphoto/300x320/134402255.jpg?k=0c7a406bda83be90f22c760890bff41509b5334ea9e50b4744dc1c1794e5a766&o=,Huế,3.9,58,Tour Phá Tam Giang và dùng bữa tối,Tour tham quan một số vùng nông thôn ở Huế,Rất tốt,Thành phố trẻ trung với sự pha trộn đa dạng về văn hóa.,0,0,1,0,1,0,1,0,0,0,0,0,0,0,0,0,0,1,Điểm tập trung,Vô hạn,147000,73500,Duy Tân,500,24
Tour tham quan thành phố Huế và đi thuyền rồng,https://www.booking.com/attractions/vn/prnhbyjbqsvr-city-highlights-tour-of-hue-with-dragon-boat-ride.html?label=msn-golPss9W5H1W4PKgfhrStw-80333161583921%2525252525252525253Atikwd-16659120286%2525252525252525253Aloc-166%2525252525252525253Aneo%2525252525252525253Amtp%2525252525252525253Alp142897%2525252525252525253Adec%2525252525252525253Aqswebsite%2525252525252525252520hotel%2525252525252525252520in%2525252525252525252520vietnamese&aid=393655&source=searchresults-product-card&ufi=-3715887,https://r-xx.bstatic.com/xdata/images/xphoto/300x320/258080338.jpg?k=eec65b110390780baad0553cda513e6d70090a2c5a153c6879191ea47afb0b66&o=,Huế,4.9,32,Tour tham quan thành phố Huế và đi thuyền rồng,"Tour cả ngày tham quan các ngôi đền, cung điện và lăng tẩm ở Huế và đi thuyền rồng",Xuất sắc,Các khu du lịch nghệ thuật với các triển lãm và biểu diễn.,1,1,0,0,1,1,0,0,0,0,1,0,1,1,1,1,1,0,"Điểm đón khách
Danang
Dịch vụ đưa đón có tại các chỗ nghỉ ở Đà Nẵng và khu vực lân cận. Vui lòng cung cấp thông tin đón khách khi đặt tour. Vui lòng liên hệ nhà cung cấp tour để sắp xếp việc đưa đón. Bạn sẽ thấy thông tin liên lạc của họ trên voucher nhận được sau khi đặt chỗ.",Vô hạn,98000,122500,Lệ Băng,477,25
Tour ẩm thực Huế,https://www.booking.com/attractions/vn/pr1fmebwjdyk-hue-food-tour.html?label=msn-golPss9W5H1W4PKgfhrStw-80333161583921%2525252525252525253Atikwd-16659120286%2525252525252525253Aloc-166%2525252525252525253Aneo%2525252525252525253Amtp%2525252525252525253Alp142897%2525252525252525253Adec%2525252525252525253Aqswebsite%2525252525252525252520hotel%2525252525252525252520in%2525252525252525252520vietnamese&aid=393655&source=searchresults-product-card&ufi=-3715887,https://r-xx.bstatic.com/xdata/images/xphoto/300x320/115737635.jpg?k=2dbfe59f90f474d08fabd2555db476b5dc968dc07d940906778d02dfd910db59&o=,Huế,4.9,23,Tour ẩm thực Huế,Một chuyến tham quan quanh thành phố và thưởng thức ẩm thực địa phương,Xuất sắc,"Một kỳ quan thiên nhiên tuyệt đẹp, nơi bạn có thể ngắm nhìn dãy núi hoặc biển bao la.",0,1,0,0,0,0,0,1,1,1,1,1,0,0,0,1,0,1,Điểm tập trung,Vô hạn,171500,122500,Minh Nhu,502,26
Tour riêng tham quan Lăng Hoàng Gia Huế,https://www.booking.com/attractions/vn/prhvfmfdhjru-hue-royal-tombs-private-tour.html?label=msn-golPss9W5H1W4PKgfhrStw-80333161583921%2525252525252525253Atikwd-16659120286%2525252525252525253Aloc-166%2525252525252525253Aneo%2525252525252525253Amtp%2525252525252525253Alp142897%2525252525252525253Adec%2525252525252525253Aqswebsite%2525252525252525252520hotel%2525252525252525252520in%2525252525252525252520vietnamese&aid=393655&source=searchresults-product-card&ufi=-3715887,https://r-xx.bstatic.com/xdata/images/xphoto/300x320/127856438.jpg?k=c9ae81b22346ca946898e939d3c9dd9d083db84356760878e6d8d3e4e202bd0c&o=,Huế,4.8,53,Tour riêng tham quan Lăng Hoàng Gia Huế,Thăm thú bảy ngôi mộ cổ dọc bờ sông Hương,Xuất sắc,Nơi tận hưởng không gian tự nhiên tươi đẹp và thanh bình.,0,1,1,0,0,1,0,0,1,0,0,0,0,0,0,0,1,0,Điểm tập trung,Vô hạn,147000,122500,Bích Hiền,503,27
Tour thành phố Huế cả ngày và đi thuyền trên sông Hương,https://www.booking.com/attractions/vn/prjdckcyss0c-full-day-hue-city-tour-and-perfume-river-boat-ride.html?label=msn-golPss9W5H1W4PKgfhrStw-80333161583921%2525252525252525253Atikwd-16659120286%2525252525252525253Aloc-166%2525252525252525253Aneo%2525252525252525253Amtp%2525252525252525253Alp142897%2525252525252525253Adec%2525252525252525253Aqswebsite%2525252525252525252520hotel%2525252525252525252520in%2525252525252525252520vietnamese&aid=393655&source=searchresults-product-card&ufi=-3715887,https://q-xx.bstatic.com/xdata/images/xphoto/300x320/148210094.jpg?k=113f97e12bd62317a7e0cfc9d9f868912c1566be79c23ce77f37b49be6296ce8&o=,Huế,4.8,20,Tour thành phố Huế cả ngày và đi thuyền trên sông Hương,Cùng hướng dẫn viên tìm hiểu về lịch sử và văn hóa của Huế,Xuất sắc,"Với tour cả ngày này, bạn sẽ có cơ hội khám phá những nét đẹp cổ truyền của Huế. Bạn được tìm hiểu về các làng nghề và có dịp khám phá chợ Đông Ba, ngôi chợ lớn nhất thành phố.

Cùng với hướng dẫn viên, bạn sẽ ghé thăm Bảo tàng Cổ vật Cung đình Huế và Đại nội. Bạn còn tham quan chùa Thiên Mụ trên đường đi thuyền xuôi sông Hương. Ngoài ra, bạn cũng sẽ ghé qua nhiều ngôi làng Việt Nam nổi tiếng với tranh dân gian, nón lá và trầm hương.",0,0,1,0,1,1,1,1,1,0,0,1,0,0,1,1,0,0,Điểm tập trung,Thời lượng: 8 giờ,245000,73500,Kim Ngọc,504,28
Tour nhóm nhỏ tham quan Thành phố Huế kèm bữa trưa,https://www.booking.com/attractions/vn/pr2zuwxbjgjr-hue-city-small-group-tour-with-lunch.html?label=msn-golPss9W5H1W4PKgfhrStw-80333161583921%2525252525252525253Atikwd-16659120286%2525252525252525253Aloc-166%2525252525252525253Aneo%2525252525252525253Amtp%2525252525252525253Alp142897%2525252525252525253Adec%2525252525252525253Aqswebsite%2525252525252525252520hotel%2525252525252525252520in%2525252525252525252520vietnamese&aid=393655&source=searchresults-product-card&ufi=-3715887,https://r-xx.bstatic.com/xdata/images/xphoto/300x320/134358309.jpg?k=e48481ac88ed0132a9b654c7bb6db8d0a91707585b54b8d5844f2295deab8b81&o=,Huế,4.6,43,Tour nhóm nhỏ tham quan Thành phố Huế kèm bữa trưa,Cùng hướng dẫn viên tham quan một số địa điểm nổi bật của Huế và đi thuyền rồng,Xuất sắc,Thác nước mạnh mẽ và sông đầy sức sống.,0,1,1,0,1,0,0,0,0,0,0,0,0,0,1,0,0,0,Điểm tập trung,Vô hạn,196000,49000,Ðức Thắng,480,29
Tour tham quan riêng trong thành phố,https://www.booking.com/attractions/vn/prqvlgmp2wae-private-tour-of-the-city.html?label=msn-golPss9W5H1W4PKgfhrStw-80333161583921%2525252525252525253Atikwd-16659120286%2525252525252525253Aloc-166%2525252525252525253Aneo%2525252525252525253Amtp%2525252525252525253Alp142897%2525252525252525253Adec%2525252525252525253Aqswebsite%2525252525252525252520hotel%2525252525252525252520in%2525252525252525252520vietnamese&aid=393655&source=searchresults-product-card&ufi=-3715887,https://q-xx.bstatic.com/xdata/images/xphoto/300x320/134438415.jpg?k=7dcf49fe20070999404892c636cf7b3b0bbcdbd5a82a3b6c02861f77c41c9b01&o=,Huế,4.7,50,Tour tham quan riêng trong thành phố,Đến thăm Lăng Minh Mạng và Hoàng Thành bằng thuyền trên sông Hương,Xuất sắc,Cảnh quan biển đẹp tại vùng biển nổi tiếng.,1,1,1,1,0,1,0,0,0,0,0,1,0,0,0,0,0,0,,Vô hạn,147000,98000,Lệ Băng,477,30
Tour cả ngày đi núi Ngũ Hành Sơn và Hội An,https://www.booking.com/attractions/vn/pr5adihqdh4h-full-day-tour-to-marble-mountains-and-hoi-an.html?label=msn-golPss9W5H1W4PKgfhrStw-80333161583921%2525252525252525253Atikwd-16659120286%2525252525252525253Aloc-166%2525252525252525253Aneo%2525252525252525253Amtp%2525252525252525253Alp142897%2525252525252525253Adec%2525252525252525253Aqswebsite%2525252525252525252520hotel%2525252525252525252520in%2525252525252525252520vietnamese&aid=393655&source=searchresults-product-card&ufi=-3715887,https://r-xx.bstatic.com/xdata/images/xphoto/300x320/148210013.jpg?k=8635cafee454cf5fab30b44b5bf9914bf27934c4b70c2a03b7ca99b94ee0613d&o=,Huế,4.8,56,Tour cả ngày đi núi Ngũ Hành Sơn và Hội An,Cơ hội khám phá phố cổ và dãy núi nổi tiếng,Xuất sắc,Một ngọn núi cao vút và đầy thách thức cho những ai yêu leo núi.,0,1,0,1,0,0,0,1,0,1,1,0,1,0,1,0,0,1,"Điểm đón kháchHueLưu ý rằng có dịch vụ đưa đón khách tại các khách sạn ở trung tâm thành phố Huế (chỉ khu vực Vĩnh Ninh, Phú Nhuận, Phú Hội, Thuận Thành, Thuận Hoà và Phú Hoà). Vui lòng cung cấp địa chỉ đón khách và số điện thoại liên lạc của bạn khi đặt tour. 

Vui lòng liên hệ nhà cung cấp tour để sắp xếp việc đón khách. Bạn sẽ thấy thông tin liên lạc của họ trên voucher nhận được sau khi đặt. 

Vui lòng chuẩn bị sẵn sàng và chờ tại sảnh khách sạn ít nhất 15 phút trước giờ đón.",Vô hạn,196000,49000,Thành Ý,485,31
"Cả ngày: Đèo Hải Vân, biển Lăng Cô, hồ Truồi",https://www.booking.com/attractions/vn/pranfwo00pm9-full-day-hai-van-pass-lang-co-beach-truoi-lake.html?label=msn-golPss9W5H1W4PKgfhrStw-80333161583921%2525252525252525253Atikwd-16659120286%2525252525252525253Aloc-166%2525252525252525253Aneo%2525252525252525253Amtp%2525252525252525253Alp142897%2525252525252525253Adec%2525252525252525253Aqswebsite%2525252525252525252520hotel%2525252525252525252520in%2525252525252525252520vietnamese&aid=393655&source=searchresults-product-card&ufi=-3715887,https://q-xx.bstatic.com/xdata/images/xphoto/300x320/148210111.jpg?k=eb213be3e38824e0ca6819a686470b9f624d4b72eaa445ea342c38f8372ef2a5&o=,Huế,4.4,27,"Cả ngày: Đèo Hải Vân, biển Lăng Cô, hồ Truồi","Du ngoạn vùng nông thôn với chuyến đi thuyền, thăm hồ, bãi biển, tu viện và đầm phá",Tuyệt vời,Cầu nghệ thuật nổi tiếng với kiến trúc độc đáo.,1,0,0,0,0,0,1,1,0,1,0,0,0,0,1,0,0,0,"Điểm đón khách
Hue
Lưu ý rằng dịch vụ đưa đón khách có tại các chỗ nghỉ và khách sạn ở trung tâm thành phố Huế (chỉ khu vực Vĩnh Ninh, Phú Nhuận, Phú Hội, Thuận Thành, Thuận Hoà, Phú Hoà). Vui lòng nhập thông tin đón khách của bạn ở bước thanh toán. Vui lòng có mặt ở sảnh khách sạn ít nhất 15 phút trước giờ đón đã định.",Thời lượng: 8 giờ,147000,73500,Hải Sơn,495,32
Chuyến đi trong ngày đến thăm Khu phi quân sự của Việt Nam,https://www.booking.com/attractions/vn/praqsdlejy9m-day-trip-to-vietnams-demilitarized-zone.html?label=msn-golPss9W5H1W4PKgfhrStw-80333161583921%2525252525252525253Atikwd-16659120286%2525252525252525253Aloc-166%2525252525252525253Aneo%2525252525252525253Amtp%2525252525252525253Alp142897%2525252525252525253Adec%2525252525252525253Aqswebsite%2525252525252525252520hotel%2525252525252525252520in%2525252525252525252520vietnamese&aid=393655&source=searchresults-product-card&ufi=-3715887,https://r-xx.bstatic.com/xdata/images/xphoto/300x320/148210218.jpg?k=a293b4ef35fbe2cc6c3695cd73a935e8ddb888fbd65c0dc5df2b484e1de2826f&o=,Huế,5.0,25,Chuyến đi trong ngày đến thăm Khu phi quân sự của Việt Nam,Một tour du lịch kéo dài cả ngày khám phá Khu phi quân sự dọc theo biên giới cũ giữa miền Bắc và miền Nam Việt Nam,Xuất sắc,Điểm đến cho những người đam mê khám phá và phiêu lưu.,0,0,1,0,1,0,1,1,1,1,0,1,1,0,1,0,1,1,"Điểm đón khách
Hue
Lưu ý rằng dịch vụ đưa đón khách miễn phí áp dụng tại các khách sạn ở Vĩnh Ninh, Phú Nhuận, Phú Hội, Thuận Thành, Thuận Hòa và Phú Hòa. Vui lòng có mặt ở sảnh khách sạn ít nhất 15 phút trước giờ đón đã định.",Thời lượng: 12 giờ,220500,49000,Thụy Du,496,33
Tour riêng về ẩm thực đường phố có hướng dẫn và đi xích lô,https://www.booking.com/attractions/vn/prb3gnjyjefo-private-guided-street-food-tour-by-cyclo.html?label=msn-golPss9W5H1W4PKgfhrStw-80333161583921%2525252525252525253Atikwd-16659120286%2525252525252525253Aloc-166%2525252525252525253Aneo%2525252525252525253Amtp%2525252525252525253Alp142897%2525252525252525253Adec%2525252525252525253Aqswebsite%2525252525252525252520hotel%2525252525252525252520in%2525252525252525252520vietnamese&aid=393655&source=searchresults-product-card&ufi=-3715887,https://q-xx.bstatic.com/xdata/images/xphoto/300x320/127856464.jpg?k=d46c5cad15e3e9fc59bba8dca724ade7810e6d18fb761627131902d90d0a8f61&o=,Huế,4.4,26,Tour riêng về ẩm thực đường phố có hướng dẫn và đi xích lô,Tour tham quan bằng xích lô với nhiều điểm dừng để trải nghiệm các món ăn truyền thống của Việt Nam,Tuyệt vời,Lễ hội nghệ thuật và văn hóa với các biểu diễn đa dạng.,0,0,1,0,0,1,1,0,0,0,1,1,1,1,1,1,1,0,Điểm tập trung,Vô hạn,122500,49000,Lệ Băng,477,34
Tour tham quan Huế trong nửa ngày,https://www.booking.com/attractions/vn/prg76jcsdqzt-hue-half-day-tour.html?label=msn-golPss9W5H1W4PKgfhrStw-80333161583921%2525252525252525253Atikwd-16659120286%2525252525252525253Aloc-166%2525252525252525253Aneo%2525252525252525253Amtp%2525252525252525253Alp142897%2525252525252525253Adec%2525252525252525253Aqswebsite%2525252525252525252520hotel%2525252525252525252520in%2525252525252525252520vietnamese&aid=393655&source=searchresults-product-card&ufi=-3715887,https://r-xx.bstatic.com/xdata/images/xphoto/300x320/119184849.jpg?k=d29cd4a3a3b4e8fc1b199abe4125d7d23ffd1622604124fc0129caceea9fe3c4&o=,Huế,4.1,58,Tour tham quan Huế trong nửa ngày,Ghé thăm các điểm nổi bật ở thành phố Huế,Rất tốt,Công viên quốc gia rộng lớn với đa dạng động vật hoang dã.,0,0,0,0,1,1,0,1,0,0,1,0,0,0,0,1,0,0,Điểm tập trung,Vô hạn,122500,73500,Duy Tân,500,35
"Tour Huế nguyên ngày, khởi hành từ Hội An",https://www.booking.com/attractions/vn/prqns9ktomvj-full-day-tour-of-hue-from-hoi-an.html?label=msn-golPss9W5H1W4PKgfhrStw-80333161583921%2525252525252525253Atikwd-16659120286%2525252525252525253Aloc-166%2525252525252525253Aneo%2525252525252525253Amtp%2525252525252525253Alp142897%2525252525252525253Adec%2525252525252525253Aqswebsite%2525252525252525252520hotel%2525252525252525252520in%2525252525252525252520vietnamese&aid=393655&source=searchresults-product-card&ufi=-3715887,https://r-xx.bstatic.com/xdata/images/xphoto/300x320/119211611.jpg?k=08336cf17b84e35af667b43d2b051003c8c34130f0c09d0b3aba477f28c8079c&o=,Huế,5.0,59,"Tour Huế nguyên ngày, khởi hành từ Hội An",Cùng hướng dẫn viên khám phá các điểm đến biểu tượng ở Huế,Xuất sắc,Đảo hoang dã với cát trắng và dải biển tuyệt đẹp.,1,0,0,1,0,1,0,0,1,0,0,1,0,0,1,1,0,1,Điểm tập trung,Vô hạn,220500,49000,Minh Nhu,502,36
Ga Bà Nà Hills từ Huế,https://www.booking.com/attractions/vn/prmepcjkb41l-ba-na-hill-station-from-hue.html?label=msn-golPss9W5H1W4PKgfhrStw-80333161583921%2525252525252525253Atikwd-16659120286%2525252525252525253Aloc-166%2525252525252525253Aneo%2525252525252525253Amtp%2525252525252525253Alp142897%2525252525252525253Adec%2525252525252525253Aqswebsite%2525252525252525252520hotel%2525252525252525252520in%2525252525252525252520vietnamese&aid=393655&source=searchresults-product-card&ufi=-3715887,https://q-xx.bstatic.com/xdata/images/xphoto/300x320/115931465.jpg?k=db1d20784bcaebb886f8a95901798d21e4dd90bd4105276cd363cc077aab1808&o=,Huế,4.4,57,Ga Bà Nà Hills từ Huế,Đi cáp treo và khám phá các điểm tham quan của khu nghỉ mát trên đồi,Tuyệt vời,Những điểm đến thần thánh của mọi đoàn tụ và lãng mạn.,0,1,1,1,0,1,1,0,1,0,1,0,1,1,1,1,0,1,Điểm tập trung,Vô hạn,245000,73500,Minh Nhu,502,37
Tour thành phố có hướng dẫn viên cả ngày,https://www.booking.com/attractions/vn/prifmcq2uhkd-full-day-guided-city-tour.html?label=msn-golPss9W5H1W4PKgfhrStw-80333161583921%2525252525252525253Atikwd-16659120286%2525252525252525253Aloc-166%2525252525252525253Aneo%2525252525252525253Amtp%2525252525252525253Alp142897%2525252525252525253Adec%2525252525252525253Aqswebsite%2525252525252525252520hotel%2525252525252525252520in%2525252525252525252520vietnamese&aid=393655&source=searchresults-product-card&ufi=-3715887,https://r-xx.bstatic.com/xdata/images/xphoto/300x320/131524407.jpg?k=e9f37396b6ce1fae916db41cb41658492a9060a315d471bf23f19479fc7620be&o=,Huế,4.2,34,Tour thành phố có hướng dẫn viên cả ngày,Chuyến du ngoạn cả ngày đến một số thắng cảnh và địa danh có lịch sử nổi tiếng nhất tại Huế,Rất tốt,Một thế giới đầy màu sắc và kỳ diệu chờ đợi bạn khám phá.,0,0,1,1,1,1,1,0,0,1,1,0,0,0,1,0,0,0,Điểm tập trung,Vô hạn,245000,98000,Mỹ Khuyên,514,38
Đi trekking ở vườn quốc gia Bạch Mã,https://www.booking.com/attractions/vn/prm0oz3ib38q-bach-ma-national-park-trekking-trip.html?label=msn-golPss9W5H1W4PKgfhrStw-80333161583921%2525252525252525253Atikwd-16659120286%2525252525252525253Aloc-166%2525252525252525253Aneo%2525252525252525253Amtp%2525252525252525253Alp142897%2525252525252525253Adec%2525252525252525253Aqswebsite%2525252525252525252520hotel%2525252525252525252520in%2525252525252525252520vietnamese&aid=393655&source=searchresults-product-card&ufi=-3715887,https://q-xx.bstatic.com/xdata/images/xphoto/300x320/148210172.jpg?k=9f9a4ebef84a446a9812ccc7e660b5a1937c19690ee1c8d7820e5920a31d6179&o=,Huế,4.1,59,Đi trekking ở vườn quốc gia Bạch Mã,"Phong cảnh mê ly, tàn tích biệt thự, hệ động thực vật đa dạng và một bãi biển cát trắng hoang sơ",Rất tốt,Khu vườn hoa tươi thắm và hương thơm quyến rũ.,0,0,0,0,0,0,1,0,1,0,1,1,0,0,0,1,0,1,"Điểm đón kháchHueXin lưu ý rằng dịch vụ đón và trả khách miễn phí được cung cấp từ các khách sạn ở trung tâm thành phố Huế (Vĩnh Ninh, Phú Thuận, Phú Hội, Thuận Thành, Thuận Hòa và Phú Hòa). 

Vui lòng nhập thông tin đón và số điện thoại liên lạc khi đặt. 

Vui lòng liên hệ với nhà cung cấp tour ít nhất 24 giờ trước chuyến đi để xác nhận thông tin đón khách. Bạn sẽ thấy thông tin liên lạc của họ trên voucher nhận được sau khi đặt. 

Vui lòng chuẩn bị sẵn sàng trước giờ xe đón 15 phút.",Thời lượng: 9 giờ,122500,73500,Trí Hùng,515,39
Tour riêng tham quan thành phố Huế,https://www.booking.com/attractions/vn/prxplwtooofg-hue-city-private-tour.html?label=msn-golPss9W5H1W4PKgfhrStw-80333161583921%2525252525252525253Atikwd-16659120286%2525252525252525253Aloc-166%2525252525252525253Aneo%2525252525252525253Amtp%2525252525252525253Alp142897%2525252525252525253Adec%2525252525252525253Aqswebsite%2525252525252525252520hotel%2525252525252525252520in%2525252525252525252520vietnamese&aid=393655&source=searchresults-product-card&ufi=-3715887,https://r-xx.bstatic.com/xdata/images/xphoto/300x320/134361181.jpg?k=1cef93836f4ca617a1686a0de298f93ec2b80a59cd6531569ba5b47d36a8b5ae&o=,Huế,3.8,60,Tour riêng tham quan thành phố Huế,Tour có hướng dẫn viên khám phá các địa danh văn hóa biểu tượng của thành phố,Rất tốt,Công viên giải trí với các cuộc phiêu lưu thú vị.,1,1,1,1,0,0,0,1,0,0,0,1,1,1,0,1,0,1,Điểm tập trung,,220500,122500,Quốc Phong,516,40
