Attraction Name,Title URL,Image URL,Location,Ratings,Reviews,Service1,Service2,Satisfaction,Detail,Du thuyền 45 phút,Nhạc sống,Nước đóng chai,Trái cây,Bảo hiểm,Máy hát karaoke,Góc selfie,Buffet trưa tại nhà hàng,Đi cáp treo,Đón và trả khách,Dịch vụ hướng dẫn,Phương tiện đi lại khứ hồi,Vé vào các điểm tham quan,Lớp học nấu ăn,Đầu bếp nói,Dịch vụ hướng dẫn bằng tiếng anh,Cà phê,Thuê xe đạp,Điểm tập trung,Thời lượng,Price,Extra Cost,User Name,User ID,Attraction ID
Tham quan Hòn Tằm và tắm bùn tại resort,https://www.booking.com/attractions/vn/pr6ierxzwjyo-hon-tam-island-visit-with-mud-bath-at-a-resort.html?label=msn-golPss9W5H1W4PKgfhrStw-80333161583921%25252525252525252525252525253Atikwd-16659120286%25252525252525252525252525253Aloc-166%25252525252525252525252525253Aneo%25252525252525252525252525253Amtp%25252525252525252525252525253Alp142897%25252525252525252525252525253Adec%25252525252525252525252525253Aqswebsite%25252525252525252525252525252520hotel%25252525252525252525252525252520in%25252525252525252525252525252520vietnamese&aid=393655&source=searchresults-product-card&ufi=-3723998,https://q-xx.bstatic.com/xdata/images/xphoto/300x320/153570945.jpg?k=25e418facc32cd5dc4b5aaa1d6cf7eb5341892215c4a5715cab8ce3edefa7d3b&o=,Nha Trang,3.9,71,Tham quan Hòn Tằm và tắm bùn tại resort,Thư giãn trên bãi biển và ngâm bùn trị liệu,Rất tốt,"Trong tour này, bạn sẽ ghé thăm Hòn Tằm bằng tàu cao tốc, đồng thời ngắm cảnh đẹp trong lúc vi vu trên biển.

Khi đến đảo, bạn sẽ có dịp thư giãn trên bãi biển cát trắng, tắm biển và xả stress ở suối khoáng nóng. Bãi biển có sẵn ghế và dù để du khách thoải mái nghỉ ngơi.

Sau đó, bạn sẽ được trải nghiệm các liệu pháp trẻ hóa và hòa mình vào hồ bơi vô cực tại MerPerle Hon Tam Resort.",0,0,0,0,1,1,1,1,1,0,0,1,1,1,1,1,1,1,"Điểm tập trung
Vinpearl Land Terminal, Vinh Truong, Nha Trang, Khanh Hoa, Nha Trang",Vô hạn,171500,73500,Mỹ Trâm,517,1
Trải nghiệm Spa có tắm bùn,https://www.booking.com/attractions/vn/pr6zy11dvyjr-spa-experience-including-mud-bath.html?label=msn-golPss9W5H1W4PKgfhrStw-80333161583921%25252525252525252525252525253Atikwd-16659120286%25252525252525252525252525253Aloc-166%25252525252525252525252525253Aneo%25252525252525252525252525253Amtp%25252525252525252525252525253Alp142897%25252525252525252525252525253Adec%25252525252525252525252525253Aqswebsite%25252525252525252525252525252520hotel%25252525252525252525252525252520in%25252525252525252525252525252520vietnamese&aid=393655&source=searchresults-product-card&ufi=-3723998,https://r-xx.bstatic.com/xdata/images/xphoto/300x320/153577070.jpg?k=233a43bc0a6dd8f4986edf54925bdf26616990fed80b9d621d83f19c045b9a85&o=,Nha Trang,4.4,89,Trải nghiệm Spa có tắm bùn,Một ngày thư giãn tại spa và được sử dụng một số dịch vụ,Tuyệt vời,Đang cập nhật,1,0,1,1,0,0,1,1,1,0,0,1,0,1,0,1,1,1,Điểm tập trung,Vô hạn,220500,98000,Bảo Tín,518,2
Tour thác Ba Hồ có hướng dẫn,https://www.booking.com/attractions/vn/prvjuibqhg8y-guided-ba-ho-waterfall-with-massage-experience.html?label=msn-golPss9W5H1W4PKgfhrStw-80333161583921%25252525252525252525252525253Atikwd-16659120286%25252525252525252525252525253Aloc-166%25252525252525252525252525253Aneo%25252525252525252525252525253Amtp%25252525252525252525252525253Alp142897%25252525252525252525252525253Adec%25252525252525252525252525253Aqswebsite%25252525252525252525252525252520hotel%25252525252525252525252525252520in%25252525252525252525252525252520vietnamese&aid=393655&source=searchresults-product-card&ufi=-3723998,https://q-xx.bstatic.com/xdata/images/xphoto/300x320/130025183.jpg?k=52c920bf0053df653100f9511bb34f40526fe7d4ea7fef40b71ac1d97f2ebe1c&o=,Nha Trang,4.9,19,Tour thác Ba Hồ có hướng dẫn,"Khám phá thác Ba Hồ, đi bộ đường dài và bơi lội",Xuất sắc,"Chuyến đi trong ngày có hướng dẫn này sẽ đưa bạn đến với thác Ba Hồ tuyệt đẹp. Khởi hành từ Nha Trang, bạn sẽ được đưa đến thác và bắt đầu cuộc phiêu lưu của mình. Tại đây, bạn sẽ có cơ hội đi hiking ở khu vực xung quanh, bơi trong làn nước mát lạnh hoặc nhảy từ trên thác xuống. Bạn sẽ dùng bữa trưa trên đường trở về trung tâm thành phố.",0,1,0,1,0,0,0,0,1,1,0,1,1,1,1,0,1,0,Điểm tập trung,Vô hạn,196000,122500,Triều Thành,519,3
"Tour tham quan Hòn Mun, Làng Chài và Bãi Tranh",https://www.booking.com/attractions/vn/prxm4l98a5gf-mun-island-fishing-village-and-tranh-beach-tour.html?label=msn-golPss9W5H1W4PKgfhrStw-80333161583921%25252525252525252525252525253Atikwd-16659120286%25252525252525252525252525253Aloc-166%25252525252525252525252525253Aneo%25252525252525252525252525253Amtp%25252525252525252525252525253Alp142897%25252525252525252525252525253Adec%25252525252525252525252525253Aqswebsite%25252525252525252525252525252520hotel%25252525252525252525252525252520in%25252525252525252525252525252520vietnamese&aid=393655&source=searchresults-product-card&ufi=-3723998,https://r-xx.bstatic.com/xdata/images/xphoto/300x320/153547626.jpg?k=cba19790d6025b9aa7bcad795d5cddc9274d9b7f0f74dd782e07861180e9b1bd&o=,Nha Trang,3.4,15,"Tour tham quan Hòn Mun, Làng Chài và Bãi Tranh","Tour du lịch bằng thuyền cao tốc đến các hòn đảo và bãi biển nổi tiếng, có kèm lặn biển, ăn trưa và phương tiện đi lại",Tốt,Thảm hoa nở rộ màu sắc vào mùa xuân.,1,0,0,0,0,0,0,1,1,0,0,0,1,0,0,0,0,0,Điểm tập trung,Vô hạn,196000,98000,Xuân Dung,520,4
Tour tham quan nửa Ngày,https://www.booking.com/attractions/vn/prsjudendxoe-half-day-sightseeing-tour.html?label=msn-golPss9W5H1W4PKgfhrStw-80333161583921%25252525252525252525252525253Atikwd-16659120286%25252525252525252525252525253Aloc-166%25252525252525252525252525253Aneo%25252525252525252525252525253Amtp%25252525252525252525252525253Alp142897%25252525252525252525252525253Adec%25252525252525252525252525253Aqswebsite%25252525252525252525252525252520hotel%25252525252525252525252525252520in%25252525252525252525252525252520vietnamese&aid=393655&source=searchresults-product-card&ufi=-3723998,https://q-xx.bstatic.com/xdata/images/xphoto/300x320/180325981.jpg?k=40da683a9581f8fb037d0f623d4b22ed29488607d67837a7c93296366519b1f6&o=,Nha Trang,4.4,37,Tour tham quan nửa Ngày,"Các địa danh lịch sử và văn hóa, xưởng thêu và quần thể đền cổ xưa",Tuyệt vời,Công viên quốc gia với hệ sinh thái đa dạng.,0,1,0,0,1,0,0,0,1,0,0,1,1,1,0,0,0,0,"Tour tham quan nửa NgàyNha TrangCó dịch vụ đưa đón từ các khách sạn ở khu vực Lộc Thọ và Xương Huân. 

Vui lòng liên hệ với nhà cung cấp tour 24 giờ trước chuyến đi để xác nhận thông tin đón khách. Bạn sẽ thấy thông tin liên lạc của họ trên voucher nhận được sau khi đặt. 

Vui lòng sẵn sàng ít nhất 15 phút trước giờ đón.",Vô hạn,220500,73500,Hải Long,521,5
Đi du thuyền sang trọng có hướng dẫn và ngắm hoàng hôn,https://www.booking.com/attractions/vn/praqfuxgeh3e-guided-luxury-sunset-city-cruise.html?label=msn-golPss9W5H1W4PKgfhrStw-80333161583921%25252525252525252525252525253Atikwd-16659120286%25252525252525252525252525253Aloc-166%25252525252525252525252525253Aneo%25252525252525252525252525253Amtp%25252525252525252525252525253Alp142897%25252525252525252525252525253Adec%25252525252525252525252525253Aqswebsite%25252525252525252525252525252520hotel%25252525252525252525252525252520in%25252525252525252525252525252520vietnamese&aid=393655&source=searchresults-product-card&ufi=-3723998,https://q-xx.bstatic.com/xdata/images/xphoto/300x320/153560645.jpg?k=a09508d40352f60f91b90dc0a987e5a4aa230c679d513f9e2bad538f25b6c105&o=,Nha Trang,4.7,47,Đi du thuyền sang trọng có hướng dẫn và ngắm hoàng hôn,Tour lãng mạn ngắm hoàng hôn và thưởng thức cocktail cùng bữa tối tại Nha Trang,Xuất sắc,Khám phá những điểm đẹp và thú vị trên khắp thế giới.,1,1,1,0,0,0,1,0,0,1,0,0,0,0,0,0,0,1,Điểm tập trung,Vô hạn,245000,49000,Ðông Quân,522,6
Khóa học lái xe máy trong một giờ,https://www.booking.com/attractions/vn/prjjlnofir4p-one-hour-motorcycle-riding-course.html?label=msn-golPss9W5H1W4PKgfhrStw-80333161583921%25252525252525252525252525253Atikwd-16659120286%25252525252525252525252525253Aloc-166%25252525252525252525252525253Aneo%25252525252525252525252525253Amtp%25252525252525252525252525253Alp142897%25252525252525252525252525253Adec%25252525252525252525252525253Aqswebsite%25252525252525252525252525252520hotel%25252525252525252525252525252520in%25252525252525252525252525252520vietnamese&aid=393655&source=searchresults-product-card&ufi=-3723998,https://q-xx.bstatic.com/xdata/images/xphoto/300x320/130169972.jpg?k=f2b803c1de5d6cbf94d2633849965cda0281290a97fb1ca4de05a0542a780b23&o=,Nha Trang,3.8,33,Khóa học lái xe máy trong một giờ,Cơ hội tham gia một khóa đào tạo đi xe máy với một người hướng dẫn chuyên nghiệp,Rất tốt,Quảng trường trung tâm với kiến trúc độc đáo và đèn lồng lung linh.,1,0,1,0,0,1,1,0,1,0,0,0,1,0,0,0,1,0,Điểm tập trung,Vô hạn,196000,49000,Ly,523,7
Tour ngắm hoàng hôn trên sông ở Nha Trang,https://www.booking.com/attractions/vn/prwoqdczhilq-nha-trang-sunset-river-tour.html?label=msn-golPss9W5H1W4PKgfhrStw-80333161583921%25252525252525252525252525253Atikwd-16659120286%25252525252525252525252525253Aloc-166%25252525252525252525252525253Aneo%25252525252525252525252525253Amtp%25252525252525252525252525253Alp142897%25252525252525252525252525253Adec%25252525252525252525252525253Aqswebsite%25252525252525252525252525252520hotel%25252525252525252525252525252520in%25252525252525252525252525252520vietnamese&aid=393655&source=searchresults-product-card&ufi=-3723998,https://q-xx.bstatic.com/xdata/images/xphoto/300x320/149416205.jpg?k=397b7a07e30a95abbade5ed81396d7c4fac89caefdf0c25a90af6b7ffb752813&o=,Nha Trang,4.5,53,Tour ngắm hoàng hôn trên sông ở Nha Trang,Tour tham quan riêng trên sông Cái kèm bữa tối,Tuyệt vời,Nơi tận hưởng không gian tự nhiên trong lành và tràn đầy sức sống.,0,1,0,0,0,1,1,1,0,1,1,0,1,0,0,0,1,0,Điểm tập trung,Vô hạn,147000,122500,Thế Minh,524,8
Tour du thuyền riêng trên sông với bữa trưa,https://www.booking.com/attractions/vn/prd0gv43xjex-private-river-cruise-with-lunch.html?label=msn-golPss9W5H1W4PKgfhrStw-80333161583921%25252525252525252525252525253Atikwd-16659120286%25252525252525252525252525253Aloc-166%25252525252525252525252525253Aneo%25252525252525252525252525253Amtp%25252525252525252525252525253Alp142897%25252525252525252525252525253Adec%25252525252525252525252525253Aqswebsite%25252525252525252525252525252520hotel%25252525252525252525252525252520in%25252525252525252525252525252520vietnamese&aid=393655&source=searchresults-product-card&ufi=-3723998,https://r-xx.bstatic.com/xdata/images/xphoto/300x320/149243698.jpg?k=964b9a07ff8f8c1e025c038f36171a5fad1053e87a533e7cddb223cea641dd0a&o=,Nha Trang,4.0,51,Tour du thuyền riêng trên sông với bữa trưa,Tìm hiểu sâu về vùng nông thôn và cuộc sống địa phương ở Việt Nam,Rất tốt,Hành trình đưa bạn đến những địa danh nổi tiếng thế giới.,0,0,1,0,0,0,0,0,0,0,0,0,0,1,0,0,1,1,Điểm tập trung,Vô hạn,245000,98000,Mạnh Dũng,525,9
Du thuyền trên sông trải nghiệm văn hóa Nha Trang,https://www.booking.com/attractions/vn/prmcyqoip6py-nha-trang-cultural-river-cruise-with-sightseeing.html?label=msn-golPss9W5H1W4PKgfhrStw-80333161583921%25252525252525252525252525253Atikwd-16659120286%25252525252525252525252525253Aloc-166%25252525252525252525252525253Aneo%25252525252525252525252525253Amtp%25252525252525252525252525253Alp142897%25252525252525252525252525253Adec%25252525252525252525252525253Aqswebsite%25252525252525252525252525252520hotel%25252525252525252525252525252520in%25252525252525252525252525252520vietnamese&aid=393655&source=searchresults-product-card&ufi=-3723998,https://q-xx.bstatic.com/xdata/images/xphoto/300x320/149415991.jpg?k=1c0411ef8aa293c9e2aa2e224d45f7b0b62d7b683263b53da22c2a52f04ff69c&o=,Nha Trang,4.5,30,Du thuyền trên sông trải nghiệm văn hóa Nha Trang,Đi thuyền riêng trên sông Cái để khám phá một khía cạnh khác của thành phố,Tuyệt vời,Khu vực biển nổi tiếng với các hoạt động thể thao nước.,1,0,0,1,0,0,0,1,1,0,0,0,1,1,0,0,1,1,Điểm tập trung,Vô hạn,245000,73500,Hương Lan,526,10
Tour riêng khám phá thành phố kèm bữa trưa,https://www.booking.com/attractions/vn/prlvgvkh4ebz-private-city-tour-with-lunch.html?label=msn-golPss9W5H1W4PKgfhrStw-80333161583921%25252525252525252525252525253Atikwd-16659120286%25252525252525252525252525253Aloc-166%25252525252525252525252525253Aneo%25252525252525252525252525253Amtp%25252525252525252525252525253Alp142897%25252525252525252525252525253Adec%25252525252525252525252525253Aqswebsite%25252525252525252525252525252520hotel%25252525252525252525252525252520in%25252525252525252525252525252520vietnamese&aid=393655&source=searchresults-product-card&ufi=-3723998,https://r-xx.bstatic.com/xdata/images/xphoto/300x320/149413549.jpg?k=b9718be0d3ee652fac3fa43a43f1197139987ec29df85db0142c2674bcde0653&o=,Nha Trang,4.8,50,Tour riêng khám phá thành phố kèm bữa trưa,Tham quan có hướng dẫn viên trong năm giờ bằng xe hơi,Xuất sắc,Các khu du lịch nghệ thuật với các triển lãm và biểu diễn.,0,1,1,1,1,1,0,0,1,1,0,1,0,0,0,1,0,0,Điểm tập trung,Vô hạn,122500,122500,Kim Lan,527,11
Tour riêng trên sông ngắm nhìn phong cảnh đồng quê,https://www.booking.com/attractions/vn/pr5jqyta3wqt-half-day-city-tour-with-hot-springs-and-mud-bath.html?label=msn-golPss9W5H1W4PKgfhrStw-80333161583921%25252525252525252525252525253Atikwd-16659120286%25252525252525252525252525253Aloc-166%25252525252525252525252525253Aneo%25252525252525252525252525253Amtp%25252525252525252525252525253Alp142897%25252525252525252525252525253Adec%25252525252525252525252525253Aqswebsite%25252525252525252525252525252520hotel%25252525252525252525252525252520in%25252525252525252525252525252520vietnamese&aid=393655&source=searchresults-product-card&ufi=-3723998,https://q-xx.bstatic.com/xdata/images/xphoto/300x320/176572203.jpg?k=c8c1edb38aaa51d9192437d840203c09f78d4a133bd2a623ce937168305ad0b1&o=,Nha Trang,4.0,21,Tour riêng trên sông ngắm nhìn phong cảnh đồng quê,Tour khám phá Nha Trang và vô số trải nghiệm bao gồm du thuyền trên sông,Rất tốt,Công viên giải trí với các cuộc phiêu lưu thú vị.,1,0,0,0,1,0,0,0,1,1,1,1,0,0,1,0,1,1,Điểm tập trung,Vô hạn,196000,73500,Thiếu,528,12
Du thuyền hoàng hôn với bữa tối,https://www.booking.com/attractions/vn/prfdrxu57qm9-sunset-cruise-with-dinner.html?label=msn-golPss9W5H1W4PKgfhrStw-80333161583921%25252525252525252525252525253Atikwd-16659120286%25252525252525252525252525253Aloc-166%25252525252525252525252525253Aneo%25252525252525252525252525253Amtp%25252525252525252525252525253Alp142897%25252525252525252525252525253Adec%25252525252525252525252525253Aqswebsite%25252525252525252525252525252520hotel%25252525252525252525252525252520in%25252525252525252525252525252520vietnamese&aid=393655&source=searchresults-product-card&ufi=-3723998,https://q-xx.bstatic.com/xdata/images/xphoto/300x320/119184716.jpg?k=f2e81c9116d0f63388ae470c30da62762fd3025499039df42dc2a95d0db3b304&o=,Nha Trang,4.5,59,Du thuyền hoàng hôn với bữa tối,"Đi thuyền xuôi theo các nhánh sông Cái để thăm làng mạc, chùa chiền và trại trẻ mồ côi",Tuyệt vời,Lập kỷ niệm và chia sẻ niềm vui với gia đình và bạn bè.,0,0,1,0,1,1,0,0,0,0,0,0,1,0,0,1,1,1,Điểm tập trung,Vô hạn,171500,73500,Thu Thuận,529,13
Tour riêng tìm hiểu văn hóa vùng quê ở Nha Trang,https://www.booking.com/attractions/vn/prlva8fv6woz-nha-trang-private-cultural-countryside-tour.html?label=msn-golPss9W5H1W4PKgfhrStw-80333161583921%25252525252525252525252525253Atikwd-16659120286%25252525252525252525252525253Aloc-166%25252525252525252525252525253Aneo%25252525252525252525252525253Amtp%25252525252525252525252525253Alp142897%25252525252525252525252525253Adec%25252525252525252525252525253Aqswebsite%25252525252525252525252525252520hotel%25252525252525252525252525252520in%25252525252525252525252525252520vietnamese&aid=393655&source=searchresults-product-card&ufi=-3723998,https://r-xx.bstatic.com/xdata/images/xphoto/300x320/149243799.jpg?k=6e0e082deccd42561ef58f1ad98c7d1a9fb6c485bbdd43e919204c6a64502cc3&o=,Nha Trang,4.9,40,Tour riêng tìm hiểu văn hóa vùng quê ở Nha Trang,Một tour du lịch tìm hiểu văn hóa Việt Nam kèm một bữa trưa địa phương,Xuất sắc,Một hành trình đầy phép màu và sự kỳ diệu.,0,0,1,1,0,0,0,0,1,1,0,0,1,0,1,0,0,1,Điểm tập trung,Vô hạn,196000,122500,Mỹ Trâm,517,14
Tour riêng khám phá vùng quê và làng mạc,https://www.booking.com/attractions/vn/prdnnlzcozqv-private-countryside-tour-with-village-visits.html?label=msn-golPss9W5H1W4PKgfhrStw-80333161583921%25252525252525252525252525253Atikwd-16659120286%25252525252525252525252525253Aloc-166%25252525252525252525252525253Aneo%25252525252525252525252525253Amtp%25252525252525252525252525253Alp142897%25252525252525252525252525253Adec%25252525252525252525252525253Aqswebsite%25252525252525252525252525252520hotel%25252525252525252525252525252520in%25252525252525252525252525252520vietnamese&aid=393655&source=searchresults-product-card&ufi=-3723998,https://q-xx.bstatic.com/xdata/images/xphoto/300x320/149415997.jpg?k=97e7c8fd9eae79ad59b269c766015211a48d70450c028b7c4f7624fff6cf81bd&o=,Nha Trang,4.7,48,Tour riêng khám phá vùng quê và làng mạc,"Khám phá cuộc sống của người dân ở Việt Nam, kèm bữa trưa và cà phê",Xuất sắc,Các cuộc thi thể thao và sự kiện đặc biệt.,1,0,1,0,0,0,1,0,0,1,1,1,0,0,0,1,0,1,Điểm tập trung,Vô hạn,245000,98000,Hải Long,521,15
Tham quan vùng nông thôn Hội An,https://www.booking.com/attractions/vn/prznln0hy8qx-hoi-an-countryside-tour.html?label=msn-golPss9W5H1W4PKgfhrStw-80333161583921%25252525252525252525252525253Atikwd-16659120286%25252525252525252525252525253Aloc-166%25252525252525252525252525253Aneo%25252525252525252525252525253Amtp%25252525252525252525252525253Alp142897%25252525252525252525252525253Adec%25252525252525252525252525253Aqswebsite%25252525252525252525252525252520hotel%25252525252525252525252525252520in%25252525252525252525252525252520vietnamese&aid=393655&source=searchresults-product-card&ufi=-3723998,https://r-xx.bstatic.com/xdata/images/xphoto/300x320/176020527.jpg?k=ffe07c9c90e8c010c240b5981b83ae0164b9bdf3dfb2372c9ac313d58d305573&o=,Nha Trang,3.9,59,Tham quan vùng nông thôn Hội An,Khám phá và trải nghiệm thực tế tại ba làng quê Việt Nam,Rất tốt,Thành phố biển sầm uất với đêm lung linh.,0,0,0,0,1,0,0,1,0,1,0,0,0,0,0,1,0,0,Điểm tập trung,Vô hạn,171500,98000,Thế Minh,524,16
Tour riêng tìm hiểu văn hóa vùng quê Nha Trang,https://www.booking.com/attractions/vn/pr1vtbf0ysl5-nha-trang-private-cultural-countryside-tour.html?label=msn-golPss9W5H1W4PKgfhrStw-80333161583921%25252525252525252525252525253Atikwd-16659120286%25252525252525252525252525253Aloc-166%25252525252525252525252525253Aneo%25252525252525252525252525253Amtp%25252525252525252525252525253Alp142897%25252525252525252525252525253Adec%25252525252525252525252525253Aqswebsite%25252525252525252525252525252520hotel%25252525252525252525252525252520in%25252525252525252525252525252520vietnamese&aid=393655&source=searchresults-product-card&ufi=-3723998,https://q-xx.bstatic.com/xdata/images/xphoto/300x320/149243800.jpg?k=3e2d6fd6caaf984c07f2f97c069c7cc05da2d335f31e63568c00662af8ac7f5c&o=,Nha Trang,4.1,25,Tour riêng tìm hiểu văn hóa vùng quê Nha Trang,Tour tham quan có hướng dẫn này kéo dài 5 giờ và sẽ đưa bạn đi thăm làng quê Việt Nam cũng như quan sát các phong tục địa phương,Rất tốt,Vườn hoa tuyệt đẹp với hơn một ngàn loài hoa khác nhau.,1,1,0,0,0,1,0,1,1,1,0,1,1,0,0,0,0,0,Điểm tập trung,Vô hạn,171500,73500,Mạnh Dũng,525,17
Tour tham quan Nha Trang trải nghiệm tắm bùn,https://www.booking.com/attractions/vn/prdmibqwr6t6-nha-trang-city-tour-with-mud-bath-experience.html?label=msn-golPss9W5H1W4PKgfhrStw-80333161583921%25252525252525252525252525253Atikwd-16659120286%25252525252525252525252525253Aloc-166%25252525252525252525252525253Aneo%25252525252525252525252525253Amtp%25252525252525252525252525253Alp142897%25252525252525252525252525253Adec%25252525252525252525252525253Aqswebsite%25252525252525252525252525252520hotel%25252525252525252525252525252520in%25252525252525252525252525252520vietnamese&aid=393655&source=searchresults-product-card&ufi=-3723998,https://q-xx.bstatic.com/xdata/images/xphoto/300x320/176919650.jpg?k=65a33e21e6823afac5b2c66cb8321ae412d6f2f298df5d6412f42960bded134a&o=,Nha Trang,3.9,57,Tour tham quan Nha Trang trải nghiệm tắm bùn,Khám phá các địa điểm văn hóa trong thành phố và trải nghiệm các liệu pháp,Rất tốt,Đặc sản ngon và độc đáo tại khu chợ địa phương.,0,1,1,1,1,0,0,0,1,0,1,0,0,1,0,0,0,0,Điểm tập trung,Vô hạn,196000,73500,Hương Lan,526,18
Tour riêng có bữa trưa thăm vùng nông thôn bằng xe hơi,https://www.booking.com/attractions/vn/prtezmpbqkxy-private-countryside-tour-by-car-with-lunch.html?label=msn-golPss9W5H1W4PKgfhrStw-80333161583921%25252525252525252525252525253Atikwd-16659120286%25252525252525252525252525253Aloc-166%25252525252525252525252525253Aneo%25252525252525252525252525253Amtp%25252525252525252525252525253Alp142897%25252525252525252525252525253Adec%25252525252525252525252525253Aqswebsite%25252525252525252525252525252520hotel%25252525252525252525252525252520in%25252525252525252525252525252520vietnamese&aid=393655&source=searchresults-product-card&ufi=-3723998,https://q-xx.bstatic.com/xdata/images/xphoto/300x320/149416066.jpg?k=90e89b8882318b5ea708b36174cbee4c1929cb75c3d901d338ae1378c00d5252&o=,Nha Trang,5.0,33,Tour riêng có bữa trưa thăm vùng nông thôn bằng xe hơi,Chuyến đi nửa ngày trải nghiệm đời sống nông thôn địa phương và ghé thăm các ngôi làng,Xuất sắc,Quảng trường rộn rã với hoạt động và lễ hội thú vị.,1,0,0,1,1,0,0,1,0,1,0,1,1,1,0,0,1,1,Điểm tập trung,Vô hạn,147000,73500,Nghi Xuân,535,19
Tour riêng tham quan vùng quê Nha Trang có hướng dẫn,https://www.booking.com/attractions/vn/presc0wsqjry-private-guided-tour-of-nha-trang-countryside.html?label=msn-golPss9W5H1W4PKgfhrStw-80333161583921%25252525252525252525252525253Atikwd-16659120286%25252525252525252525252525253Aloc-166%25252525252525252525252525253Aneo%25252525252525252525252525253Amtp%25252525252525252525252525253Alp142897%25252525252525252525252525253Adec%25252525252525252525252525253Aqswebsite%25252525252525252525252525252520hotel%25252525252525252525252525252520in%25252525252525252525252525252520vietnamese&aid=393655&source=searchresults-product-card&ufi=-3723998,https://q-xx.bstatic.com/xdata/images/xphoto/300x320/149415993.jpg?k=3bf04577551818d186d8cd36b09da024378ca6ed0856559a7ec1fafc57d1c2a2&o=,Nha Trang,3.8,22,Tour riêng tham quan vùng quê Nha Trang có hướng dẫn,Cùng hướng dẫn viên tham quan các địa điểm nổi tiếng ở Nha Trang,Rất tốt,"Nơi bạn có thể tham gia các hoạt động ngoại trời như lặn biển, điều khiển thuyền buồm, hoặc lướt sóng.",1,1,1,0,0,1,0,0,1,0,0,0,1,1,0,0,1,1,Điểm tập trung,Vô hạn,220500,98000,Tân Long,536,20
Tour du lịch miền quê bằng ô tô,https://www.booking.com/attractions/vn/prvwrknqg0dr-countryside-tour-by-car.html?label=msn-golPss9W5H1W4PKgfhrStw-80333161583921%25252525252525252525252525253Atikwd-16659120286%25252525252525252525252525253Aloc-166%25252525252525252525252525253Aneo%25252525252525252525252525253Amtp%25252525252525252525252525253Alp142897%25252525252525252525252525253Adec%25252525252525252525252525253Aqswebsite%25252525252525252525252525252520hotel%25252525252525252525252525252520in%25252525252525252525252525252520vietnamese&aid=393655&source=searchresults-product-card&ufi=-3723998,https://r-xx.bstatic.com/xdata/images/xphoto/300x320/149415994.jpg?k=7880ae87ceb92d56e6447ad2c3475541ce14cb0f901c918a559027dbb84ca507&o=,Nha Trang,4.8,54,Tour du lịch miền quê bằng ô tô,Chuyến thăm vùng nông thôn để tìm hiểu lối sống người Việt và dùng bữa trưa,Xuất sắc,Khám phá những nét đẹp độc đáo và đa dạng của thế giới.,1,1,0,1,0,1,1,1,0,0,0,1,0,0,0,0,0,1,Điểm tập trung,Vô hạn,220500,49000,Thiện Ngôn,537,21
Tour vùng nông thôn với bữa trưa,https://www.booking.com/attractions/vn/prfm5vj6epk1-countryside-tour-with-lunch.html?label=msn-golPss9W5H1W4PKgfhrStw-80333161583921%25252525252525252525252525253Atikwd-16659120286%25252525252525252525252525253Aloc-166%25252525252525252525252525253Aneo%25252525252525252525252525253Amtp%25252525252525252525252525253Alp142897%25252525252525252525252525253Adec%25252525252525252525252525253Aqswebsite%25252525252525252525252525252520hotel%25252525252525252525252525252520in%25252525252525252525252525252520vietnamese&aid=393655&source=searchresults-product-card&ufi=-3723998,https://q-xx.bstatic.com/xdata/images/xphoto/300x320/149243550.jpg?k=971caf543d8817c49739bfc40d192eb250218befc7a78027cf6d19220dbc1039&o=,Nha Trang,4.1,31,Tour vùng nông thôn với bữa trưa,"Tour có hướng dẫn về đời sống, nền công nghiệp và văn hóa Việt Nam ở vùng nông thôn",Rất tốt,Quảng trường trung tâm với đài tượng và lịch sử độc đáo.,1,1,0,0,1,0,1,0,1,0,0,0,1,0,1,0,0,0,Điểm tập trung,Vô hạn,196000,73500,Chí Khang,538,22
Tour trekking đi thác với bữa trưa,https://www.booking.com/attractions/vn/prnc7fvhrqxe-waterfall-trekking-tour-with-lunch.html?label=msn-golPss9W5H1W4PKgfhrStw-80333161583921%25252525252525252525252525253Atikwd-16659120286%25252525252525252525252525253Aloc-166%25252525252525252525252525253Aneo%25252525252525252525252525253Amtp%25252525252525252525252525253Alp142897%25252525252525252525252525253Adec%25252525252525252525252525253Aqswebsite%25252525252525252525252525252520hotel%25252525252525252525252525252520in%25252525252525252525252525252520vietnamese&aid=393655&source=searchresults-product-card&ufi=-3723998,https://q-xx.bstatic.com/xdata/images/xphoto/300x320/146490700.jpg?k=492be21166e5d0115826fc2cab28c65a5f076a2d30af37c0ba82ae4661839ce8&o=,Nha Trang,4.0,56,Tour trekking đi thác với bữa trưa,"Chuyến thám hiểm trên núi đến một thác nước tuyệt đẹp, được bơi lội và nhảy thác",Rất tốt,Quảng trường trung tâm với đèn lồng lung linh vào đêm.,1,0,0,0,1,0,0,1,1,0,1,1,1,0,0,1,1,1,Điểm tập trung,Vô hạn,147000,98000,Nương,539,23
Du thuyền trên sông nửa ngày với bữa trưa hoặc bữa tối,https://www.booking.com/attractions/vn/pr9cfjz3dqnp-half-day-river-cruise-with-lunch-or-dinner.html?label=msn-golPss9W5H1W4PKgfhrStw-80333161583921%25252525252525252525252525253Atikwd-16659120286%25252525252525252525252525253Aloc-166%25252525252525252525252525253Aneo%25252525252525252525252525253Amtp%25252525252525252525252525253Alp142897%25252525252525252525252525253Adec%25252525252525252525252525253Aqswebsite%25252525252525252525252525252520hotel%25252525252525252525252525252520in%25252525252525252525252525252520vietnamese&aid=393655&source=searchresults-product-card&ufi=-3723998,https://q-xx.bstatic.com/xdata/images/xphoto/300x320/130130686.jpg?k=45f53e4365f7cf46adfbabb1151cf1b12f51dc5ee667461926f4cb25195639df&o=,Nha Trang,4.3,33,Du thuyền trên sông nửa ngày với bữa trưa hoặc bữa tối,"Tour du ngoạn trên sông, thăm trại trẻ mồ côi, Tháp Bà Ponagar và dùng bữa",Tuyệt vời,Điểm đến tôn vinh thiên nhiên và môi trường.,0,1,1,0,0,0,1,1,1,0,0,0,1,0,1,1,1,1,Điểm tập trung,Vô hạn,98000,49000,Xuân Nhi,540,24
Tour du thuyền riêng trên sông với bữa trưa 1,https://www.booking.com/attractions/vn/prn2rnpm5n44-private-river-cruise-with-lunch.html?label=msn-golPss9W5H1W4PKgfhrStw-80333161583921%25252525252525252525252525253Atikwd-16659120286%25252525252525252525252525253Aloc-166%25252525252525252525252525253Aneo%25252525252525252525252525253Amtp%25252525252525252525252525253Alp142897%25252525252525252525252525253Adec%25252525252525252525252525253Aqswebsite%25252525252525252525252525252520hotel%25252525252525252525252525252520in%25252525252525252525252525252520vietnamese&aid=393655&source=searchresults-product-card&ufi=-3723998,https://q-xx.bstatic.com/xdata/images/xphoto/300x320/149243736.jpg?k=bbd2667462f3169ac064b2eec3408f19782a0b92e9df65df25df86c79819e814&o=,Nha Trang,4.5,53,Tour du thuyền riêng trên sông với bữa trưa,Hành trình qua vùng nông thôn Việt Nam và tham quan một số địa điểm văn hóa,Tuyệt vời,Thành phố trẻ trung với sự pha trộn đa dạng về văn hóa.,1,1,0,0,0,1,0,0,1,0,1,1,0,1,0,0,1,0,Điểm tập trung,Vô hạn,122500,49000,Hồng Thảo,541,25
Trải nghiệm mát-xa toàn thân,https://www.booking.com/attractions/vn/prdemkozlneo-body-massage-experience.html?label=msn-golPss9W5H1W4PKgfhrStw-80333161583921%25252525252525252525252525253Atikwd-16659120286%25252525252525252525252525253Aloc-166%25252525252525252525252525253Aneo%25252525252525252525252525253Amtp%25252525252525252525252525253Alp142897%25252525252525252525252525253Adec%25252525252525252525252525253Aqswebsite%25252525252525252525252525252520hotel%25252525252525252525252525252520in%25252525252525252525252525252520vietnamese&aid=393655&source=searchresults-product-card&ufi=-3723998,https://q-xx.bstatic.com/xdata/images/xphoto/300x320/131830601.jpg?k=84f3d69d9b9aeb6b1e5d366d81d88b85de6e2b047b03b9493de1c085a95ec8b0&o=,Nha Trang,4.0,46,Trải nghiệm mát-xa toàn thân,Mát-xa toàn thân thư giãn và phục hồi sức khỏe,Rất tốt,Khu chợ địa phương với thực phẩm tươi ngon và hàng thủ công.,0,1,0,0,1,0,1,1,0,0,1,1,1,0,0,0,0,0,"Điểm khởi hành
145a Trần Nhật Duật, Tp. Nha Trang, 650000
Vui lòng đến địa chỉ được liệt kê.",Vô hạn,122500,49000,Sông,542,26
Tour riêng khám phá lịch sử và văn hóa Nha Trang,https://www.booking.com/attractions/vn/prpdyrv8dy4u-nha-trang-culture-and-history-private-tour.html?label=msn-golPss9W5H1W4PKgfhrStw-80333161583921%25252525252525252525252525253Atikwd-16659120286%25252525252525252525252525253Aloc-166%25252525252525252525252525253Aneo%25252525252525252525252525253Amtp%25252525252525252525252525253Alp142897%25252525252525252525252525253Adec%25252525252525252525252525253Aqswebsite%25252525252525252525252525252520hotel%25252525252525252525252525252520in%25252525252525252525252525252520vietnamese&aid=393655&source=searchresults-product-card&ufi=-3723998,https://r-xx.bstatic.com/xdata/images/xphoto/300x320/149416061.jpg?k=22263ad1e4d2a3bce9de51e86475e73eeb32de9f49ca7467c761b90b9e5f62b8&o=,Nha Trang,4.3,56,Tour riêng khám phá lịch sử và văn hóa Nha Trang,Tour riêng nửa ngày với hướng dẫn viên đến các địa điểm văn hóa và lịch sử nổi bật của Nha Trang,Tuyệt vời,Thánh địa tôn vinh tôn giáo và tâm linh.,1,0,0,0,0,1,1,0,0,1,0,0,0,0,0,0,1,0,Điểm tập trung,Vô hạn,171500,73500,Mỹ Trâm,517,27
Tour riêng khám phá vùng nông thôn Nha Trang,https://www.booking.com/attractions/vn/prpzveptinw8-nha-trang-private-countrysidetour.html?label=msn-golPss9W5H1W4PKgfhrStw-80333161583921%25252525252525252525252525253Atikwd-16659120286%25252525252525252525252525253Aloc-166%25252525252525252525252525253Aneo%25252525252525252525252525253Amtp%25252525252525252525252525253Alp142897%25252525252525252525252525253Adec%25252525252525252525252525253Aqswebsite%25252525252525252525252525252520hotel%25252525252525252525252525252520in%25252525252525252525252525252520vietnamese&aid=393655&source=searchresults-product-card&ufi=-3723998,https://r-xx.bstatic.com/xdata/images/xphoto/300x320/149416064.jpg?k=c5b95b41ae244d3137d734b2da62b0de1c723eced594b5c9fb8fcc6e8f16a0aa&o=,Nha Trang,4.9,54,Tour riêng khám phá vùng nông thôn Nha Trang,Cơ hội tìm hiểu cuộc sống làng quê Việt Nam với điểm dừng chân dùng bữa trưa,Xuất sắc,Khu phố vui chơi với cửa hàng mua sắm và ẩm thực đa dạng.,1,0,0,0,0,1,0,0,0,0,0,1,1,1,0,0,1,1,Điểm tập trung,Vô hạn,147000,73500,Hải Long,521,28
Tour riêng khám phá thành phố kèm bữa trưa 1,https://www.booking.com/attractions/vn/prmfieawtffo-private-city-tour-with-lunch.html?label=msn-golPss9W5H1W4PKgfhrStw-80333161583921%25252525252525252525252525253Atikwd-16659120286%25252525252525252525252525253Aloc-166%25252525252525252525252525253Aneo%25252525252525252525252525253Amtp%25252525252525252525252525253Alp142897%25252525252525252525252525253Adec%25252525252525252525252525253Aqswebsite%25252525252525252525252525252520hotel%25252525252525252525252525252520in%25252525252525252525252525252520vietnamese&aid=393655&source=searchresults-product-card&ufi=-3723998,https://q-xx.bstatic.com/xdata/images/xphoto/300x320/119184719.jpg?k=14553a755913635ce029dc2169204487e2f1c2b8aa5bf6025296e8d59900a8fd&o=,Nha Trang,4.1,51,Tour riêng khám phá thành phố kèm bữa trưa,Cùng hướng dẫn viên ghé thăm những điểm nổi bật của thành phố Nha Trang,Rất tốt,Lăng mộ lịch sử với kiến trúc độc đáo.,1,0,1,0,0,0,1,0,0,0,1,1,0,0,1,1,1,1,Điểm tập trung,Vô hạn,171500,122500,Thế Minh,524,29
Tour riêng khám phá văn hóa Nha Trang bằng ô tô,https://www.booking.com/attractions/vn/pr5lw7ui47su-private-nha-trang-cultural-tour-by-car.html?label=msn-golPss9W5H1W4PKgfhrStw-80333161583921%25252525252525252525252525253Atikwd-16659120286%25252525252525252525252525253Aloc-166%25252525252525252525252525253Aneo%25252525252525252525252525253Amtp%25252525252525252525252525253Alp142897%25252525252525252525252525253Adec%25252525252525252525252525253Aqswebsite%25252525252525252525252525252520hotel%25252525252525252525252525252520in%25252525252525252525252525252520vietnamese&aid=393655&source=searchresults-product-card&ufi=-3723998,https://q-xx.bstatic.com/xdata/images/xphoto/300x320/149416139.jpg?k=3cc0c1d6357237b9f7789df7551761037187d6f1091b6405d4b174a78e18c9e5&o=,Nha Trang,4.4,22,Tour riêng khám phá văn hóa Nha Trang bằng ô tô,Chuyến đi cùng hướng dẫn viên đến các địa điểm văn hóa của thành phố và dùng bữa trưa,Tuyệt vời,Công viên với các hoạt động ngoại trời và thể thao.,0,1,0,1,0,0,0,1,1,0,0,0,0,1,1,1,0,0,Điểm tập trung,Vô hạn,98000,122500,Mạnh Dũng,525,30
Tour thành phố Nha Trang nửa ngày,https://www.booking.com/attractions/vn/prbq3cxmewu5-half-day-city-tour-of-nha-trang.html?label=msn-golPss9W5H1W4PKgfhrStw-80333161583921%25252525252525252525252525253Atikwd-16659120286%25252525252525252525252525253Aloc-166%25252525252525252525252525253Aneo%25252525252525252525252525253Amtp%25252525252525252525252525253Alp142897%25252525252525252525252525253Adec%25252525252525252525252525253Aqswebsite%25252525252525252525252525252520hotel%25252525252525252525252525252520in%25252525252525252525252525252520vietnamese&aid=393655&source=searchresults-product-card&ufi=-3723998,https://q-xx.bstatic.com/xdata/images/xphoto/300x320/119184721.jpg?k=26fa2ede31b8e9e7613d83613182f4e50dc5cad8c3dc02c043a2d4efeaa7c901&o=,Nha Trang,4.8,46,Tour thành phố Nha Trang nửa ngày,Tour riêng khám phá địa điểm ít được biết đến hơn của Nha Trang với hướng dẫn viên,Xuất sắc,"Chuyến du lịch này mang đến cho bạn cơ hội khám phá một khía cạnh khác của Nha Trang, nơi thường được biết đến với những bãi biển và khu nghỉ dưỡng. Bạn sẽ được chiêm ngưỡng kiến trúc của Nhà thờ Chúa Kitô Vua và tham quan Tháp Bà Ponagar, được thành lập vào khoảng thời gian trước năm 781.

Bạn cũng sẽ khám phá các cảnh đẹp tự nhiên, chẳng hạn như Hòn Chồng nhô lên giữa biển, mang đến một khung cảnh biển trời thơ mộng. Trước khi kết thúc chuyến đi, bạn có thể tham quan chùa Long Sơn và trải nghiệm cuộc sống địa phương tại Chợ Đầm.",0,0,0,0,0,0,1,0,0,0,1,1,0,0,0,0,0,0,Điểm tập trung,Vô hạn,147000,49000,Hương Lan,526,31
Tour ba thác trong rừng,https://www.booking.com/attractions/vn/prmvd3x9ydax-tour-of-three-jungle-waterfalls.html?label=msn-golPss9W5H1W4PKgfhrStw-80333161583921%25252525252525252525252525253Atikwd-16659120286%25252525252525252525252525253Aloc-166%25252525252525252525252525253Aneo%25252525252525252525252525253Amtp%25252525252525252525252525253Alp142897%25252525252525252525252525253Adec%25252525252525252525252525253Aqswebsite%25252525252525252525252525252520hotel%25252525252525252525252525252520in%25252525252525252525252525252520vietnamese&aid=393655&source=searchresults-product-card&ufi=-3723998,https://r-xx.bstatic.com/xdata/images/xphoto/300x320/146530920.jpg?k=b8119ede1d960115cab4d3b5f7ef26d9f389e016a471d8acc6eb8ceb62e106e3&o=,Nha Trang,3.8,24,Tour ba thác trong rừng,"Tour trekking tham quan thác nước, có bơi lội và ăn trưa",Rất tốt,"Lễ hội truyền thống với âm nhạc, vũ trụ, và món ăn ngon.",0,0,1,1,0,0,0,0,0,1,0,0,0,0,1,0,0,1,Điểm tập trung,Vô hạn,122500,122500,Sông Hương,548,32
Tour riêng về văn hóa nông thôn và đi thuyền trên sông,https://www.booking.com/attractions/vn/prwh7wkkxpax-private-cultural-countryside-tour-and-river-cruise.html?label=msn-golPss9W5H1W4PKgfhrStw-80333161583921%25252525252525252525252525253Atikwd-16659120286%25252525252525252525252525253Aloc-166%25252525252525252525252525253Aneo%25252525252525252525252525253Amtp%25252525252525252525252525253Alp142897%25252525252525252525252525253Adec%25252525252525252525252525253Aqswebsite%25252525252525252525252525252520hotel%25252525252525252525252525252520in%25252525252525252525252525252520vietnamese&aid=393655&source=searchresults-product-card&ufi=-3723998,https://r-xx.bstatic.com/xdata/images/xphoto/300x320/149334956.jpg?k=ede9b9b83f856d311c8d374f50c77548b4ed236fc202f42b501a5e762fb30a01&o=,Nha Trang,4.8,46,Tour riêng về văn hóa nông thôn và đi thuyền trên sông,Cùng hướng dẫn viên tham quan làng quê Việt Nam và dùng bữa trưa,Xuất sắc,Lễ hội truyền thống đặc sắc với âm nhạc và múa.,1,0,0,0,1,0,1,0,0,1,0,0,1,0,0,1,0,1,Điểm tập trung,Vô hạn,98000,73500,Vi Quyên,549,33
Trải nghiệm đi trekking & bơi lội ở thác Ba Hồ,https://www.booking.com/attractions/vn/pr94wrfpd7ve-trekking-swimming-experience-at-ba-ho-waterfall.html?label=msn-golPss9W5H1W4PKgfhrStw-80333161583921%25252525252525252525252525253Atikwd-16659120286%25252525252525252525252525253Aloc-166%25252525252525252525252525253Aneo%25252525252525252525252525253Amtp%25252525252525252525252525253Alp142897%25252525252525252525252525253Adec%25252525252525252525252525253Aqswebsite%25252525252525252525252525252520hotel%25252525252525252525252525252520in%25252525252525252525252525252520vietnamese&aid=393655&source=searchresults-product-card&ufi=-3723998,https://q-xx.bstatic.com/xdata/images/xphoto/300x320/119193092.jpg?k=41aa318bd550cd033a94d29148ec02234b87906a9726b16b4706659fb77fce28&o=,Nha Trang,4.5,53,Trải nghiệm đi trekking & bơi lội ở thác Ba Hồ,Tour riêng đi bộ xuyên rừng và bơi ở thác nước tuyệt đẹp,Tuyệt vời,Khu vực vui chơi và giải trí dành cho trẻ em và gia đình.,0,0,0,0,0,1,0,1,0,0,0,0,1,1,0,1,0,0,Điểm tập trung,Vô hạn,122500,49000,Yến Phượng,550,34
Tour Thác Ba Hồ khởi hành từ Nha Trang,https://www.booking.com/attractions/vn/priqzitb8lgm-ba-ho-waterfall-tour-from-nha-trang.html?label=msn-golPss9W5H1W4PKgfhrStw-80333161583921%25252525252525252525252525253Atikwd-16659120286%25252525252525252525252525253Aloc-166%25252525252525252525252525253Aneo%25252525252525252525252525253Amtp%25252525252525252525252525253Alp142897%25252525252525252525252525253Adec%25252525252525252525252525253Aqswebsite%25252525252525252525252525252520hotel%25252525252525252525252525252520in%25252525252525252525252525252520vietnamese&aid=393655&source=searchresults-product-card&ufi=-3723998,https://r-xx.bstatic.com/xdata/images/xphoto/300x320/149416069.jpg?k=67ca474a83c8dd41fb9edd735eeab72d2e651233917af069ffec54ef9ebd2c11&o=,Nha Trang,3.9,50,Tour Thác Ba Hồ khởi hành từ Nha Trang,"Một chuyến trekking thám hiểm trên những cung đường ít người đi qua, gồm bơi dưới thác nước và thưởng thức bữa trưa kiểu địa phương",Rất tốt,Khu vực nổi tiếng với lịch sử và di sản văn hóa độc đáo.,1,0,0,0,0,1,0,1,0,1,0,0,1,0,0,0,1,1,"Điểm đón kháchNha TrangLưu ý rằng dịch vụ đưa đón áp dụng tại các khách sạn ở trung tâm Nha Trang. Vui lòng nhập thông tin đón khách của bạn ở bước thanh toán. 

Nếu khách sạn của bạn không nằm trong khu vực đón khách, vui lòng đến các địa điểm đón khách gần nhất tại Sailing Club, Nha Trang Center hoặc trung tâm mua sắm Vincom Plaza bằng xe đưa đón từ khách sạn của bạn. 

Vui lòng gửi email cho nhà cung cấp tour để xác nhận thời gian đón và điểm hẹn để đón xe trong thành phố.",Vô hạn,98000,73500,Viễn Thông,551,35
